ISO-10303-21;
HEADER;
/* Generated by software containing ST-Developer
 * from STEP Tools, Inc. (www.steptools.com) 
 */

FILE_DESCRIPTION(
/* description */ (''),
/* implementation_level */ '2;1');

FILE_NAME(
/* name */ 'two_cell.step',
/* time_stamp */ '2026-08-17T18:12:40-04:00',
/* author */ (''),
/* organization */ (''),
/* preprocessor_version */ 'ST-DEVELOPER v20.1',
/* originating_system */ 'Autodesk Translation Framework v15.8.0.0',
/* authorisation */ '');

FILE_SCHEMA (('AUTOMOTIVE_DESIGN { 1 0 10303 214 3 1 1 }'));
ENDSEC;

DATA;
#10=MECHANICAL_DESIGN_GEOMETRIC_PRESENTATION_REPRESENTATION('',(#39,#40,
#41,#42),#8829);
#11=ITEM_DEFINED_TRANSFORMATION($,$,#3277,#3327);
#12=ITEM_DEFINED_TRANSFORMATION($,$,#3116,#3328);
#13=ITEM_DEFINED_TRANSFORMATION($,$,#3277,#3378);
#14=ITEM_DEFINED_TRANSFORMATION($,$,#3115,#3379);
#15=ITEM_DEFINED_TRANSFORMATION($,$,#3276,#3380);
#16=(
REPRESENTATION_RELATIONSHIP($,$,#8853,#8850)
REPRESENTATION_RELATIONSHIP_WITH_TRANSFORMATION(#11)
SHAPE_REPRESENTATION_RELATIONSHIP()
);
#17=(
REPRESENTATION_RELATIONSHIP($,$,#8851,#8850)
REPRESENTATION_RELATIONSHIP_WITH_TRANSFORMATION(#12)
SHAPE_REPRESENTATION_RELATIONSHIP()
);
#18=(
REPRESENTATION_RELATIONSHIP($,$,#8853,#8852)
REPRESENTATION_RELATIONSHIP_WITH_TRANSFORMATION(#13)
SHAPE_REPRESENTATION_RELATIONSHIP()
);
#19=(
REPRESENTATION_RELATIONSHIP($,$,#8850,#8849)
REPRESENTATION_RELATIONSHIP_WITH_TRANSFORMATION(#14)
SHAPE_REPRESENTATION_RELATIONSHIP()
);
#20=(
REPRESENTATION_RELATIONSHIP($,$,#8852,#8849)
REPRESENTATION_RELATIONSHIP_WITH_TRANSFORMATION(#15)
SHAPE_REPRESENTATION_RELATIONSHIP()
);
#21=CONTEXT_DEPENDENT_SHAPE_REPRESENTATION(#16,#8844);
#22=CONTEXT_DEPENDENT_SHAPE_REPRESENTATION(#17,#8845);
#23=CONTEXT_DEPENDENT_SHAPE_REPRESENTATION(#18,#8846);
#24=CONTEXT_DEPENDENT_SHAPE_REPRESENTATION(#19,#8847);
#25=CONTEXT_DEPENDENT_SHAPE_REPRESENTATION(#20,#8848);
#26=NEXT_ASSEMBLY_USAGE_OCCURRENCE(
'RADs free cell 4mm tall 3.4mm hole v3:1',
'RADs free cell 4mm tall 3.4mm hole v3:1',
'RADs free cell 4mm tall 3.4mm hole v3:1',#8856,#8859,
'RADs free cell 4mm tall 3.4mm hole v3:1');
#27=NEXT_ASSEMBLY_USAGE_OCCURRENCE(
'92125A136_18-8 Stainless Steel Hex Drive Flat Head Screw v1:1',
'92125A136_18-8 Stainless Steel Hex Drive Flat Head Screw v1:1',
'92125A136_18-8 Stainless Steel Hex Drive Flat Head Screw v1:1',#8856,#8857,
'92125A136_18-8 Stainless Steel Hex Drive Flat Head Screw v1:1');
#28=NEXT_ASSEMBLY_USAGE_OCCURRENCE(
'RADs free cell 4mm tall 3.4mm hole v3:1',
'RADs free cell 4mm tall 3.4mm hole v3:1',
'RADs free cell 4mm tall 3.4mm hole v3:1',#8858,#8859,
'RADs free cell 4mm tall 3.4mm hole v3:1');
#29=NEXT_ASSEMBLY_USAGE_OCCURRENCE('RADs unit cell v2:1',
'RADs unit cell v2:1','RADs unit cell v2:1',#8855,#8856,
'RADs unit cell v2:1');
#30=NEXT_ASSEMBLY_USAGE_OCCURRENCE('RADs unit cell v2:2',
'RADs unit cell v2:2','RADs unit cell v2:2',#8855,#8858,
'RADs unit cell v2:2');
#31=SHAPE_REPRESENTATION_RELATIONSHIP('SRR','None',#8851,#35);
#32=SHAPE_REPRESENTATION_RELATIONSHIP('SRR','None',#8853,#36);
#33=SHAPE_REPRESENTATION_RELATIONSHIP('SRR','None',#8850,#37);
#34=SHAPE_REPRESENTATION_RELATIONSHIP('SRR','None',#8852,#38);
#35=ADVANCED_BREP_SHAPE_REPRESENTATION('',(#43),#8826);
#36=ADVANCED_BREP_SHAPE_REPRESENTATION('',(#45),#8828);
#37=ADVANCED_BREP_SHAPE_REPRESENTATION('',(#44),#8825);
#38=ADVANCED_BREP_SHAPE_REPRESENTATION('',(#46),#8827);
#39=STYLED_ITEM('',(#8878),#43);
#40=STYLED_ITEM('',(#8878),#44);
#41=STYLED_ITEM('',(#8878),#45);
#42=STYLED_ITEM('',(#8878),#46);
#43=MANIFOLD_SOLID_BREP('Body1',#3087);
#44=MANIFOLD_SOLID_BREP('Body1',#3088);
#45=MANIFOLD_SOLID_BREP('Body1',#3089);
#46=MANIFOLD_SOLID_BREP('Body1',#3090);
#47=(
BOUNDED_SURFACE()
B_SPLINE_SURFACE(1,2,((#6499,#6500,#6501,#6502,#6503,#6504,#6505,#6506,
#6507,#6508,#6509,#6510,#6511,#6512,#6513,#6514,#6515,#6516,#6517,#6518,
#6519,#6520,#6521,#6522,#6523,#6524,#6525,#6526,#6527,#6528,#6529,#6530,
#6531,#6532,#6533,#6534,#6535,#6536,#6537,#6538,#6539,#6540,#6541,#6542,
#6543,#6544,#6545,#6546,#6547,#6548,#6549,#6550,#6551,#6552,#6553,#6554,
#6555,#6556,#6557,#6558,#6559,#6560,#6561,#6562,#6563,#6564,#6565,#6566,
#6567,#6568,#6569,#6570,#6571,#6572,#6573,#6574,#6575,#6576,#6577,#6578,
#6579,#6580,#6581,#6582,#6583,#6584,#6585,#6586,#6587,#6588,#6589,#6590,
#6591,#6592,#6593,#6594,#6595,#6596,#6597,#6598,#6599,#6600,#6601,#6602,
#6603,#6604,#6605,#6606,#6607,#6608,#6609,#6610,#6611,#6612,#6613,#6614,
#6615,#6616,#6617,#6618,#6619,#6620,#6621,#6622,#6623,#6624,#6625,#6626,
#6627,#6628,#6629,#6630,#6631,#6632,#6633,#6634,#6635,#6636,#6637,#6638,
#6639,#6640,#6641,#6642,#6643,#6644,#6645,#6646,#6647,#6648,#6649,#6650,
#6651,#6652,#6653,#6654,#6655,#6656,#6657,#6658,#6659,#6660,#6661,#6662,
#6663,#6664,#6665,#6666,#6667,#6668,#6669,#6670,#6671,#6672,#6673,#6674,
#6675,#6676,#6677,#6678,#6679,#6680,#6681,#6682,#6683,#6684,#6685,#6686,
#6687,#6688,#6689,#6690,#6691,#6692,#6693,#6694,#6695,#6696,#6697,#6698,
#6699,#6700,#6701,#6702,#6703,#6704,#6705,#6706,#6707,#6708,#6709,#6710,
#6711,#6712,#6713,#6714,#6715,#6716,#6717,#6718,#6719,#6720,#6721,#6722,
#6723,#6724,#6725,#6726,#6727,#6728,#6729,#6730,#6731,#6732,#6733,#6734,
#6735,#6736,#6737,#6738,#6739,#6740,#6741,#6742,#6743,#6744,#6745,#6746,
#6747,#6748,#6749,#6750,#6751,#6752,#6753,#6754,#6755,#6756,#6757,#6758,
#6759,#6760,#6761,#6762,#6763,#6764,#6765,#6766,#6767,#6768,#6769,#6770,
#6771,#6772,#6773,#6774,#6775,#6776,#6777,#6778,#6779,#6780,#6781,#6782,
#6783,#6784,#6785,#6786,#6787,#6788,#6789,#6790,#6791,#6792,#6793,#6794,
#6795,#6796,#6797,#6798,#6799,#6800,#6801,#6802,#6803,#6804,#6805,#6806,
#6807,#6808,#6809,#6810,#6811,#6812,#6813,#6814,#6815,#6816,#6817,#6818,
#6819,#6820,#6821,#6822,#6823,#6824,#6825,#6826,#6827,#6828,#6829,#6830,
#6831,#6832,#6833,#6834,#6835,#6836,#6837,#6838,#6839,#6840,#6841,#6842,
#6843,#6844,#6845,#6846,#6847,#6848,#6849,#6850,#6851,#6852,#6853,#6854,
#6855,#6856,#6857,#6858,#6859,#6860,#6861,#6862,#6863,#6864,#6865,#6866,
#6867,#6868,#6869,#6870,#6871,#6872,#6873,#6874,#6875,#6876,#6877,#6878,
#6879,#6880,#6881,#6882,#6883,#6884,#6885,#6886,#6887,#6888,#6889,#6890,
#6891,#6892,#6893,#6894,#6895,#6896,#6897,#6898,#6899,#6900,#6901,#6902,
#6903,#6904,#6905,#6906,#6907,#6908,#6909,#6910,#6911,#6912,#6913,#6914,
#6915,#6916,#6917,#6918,#6919,#6920,#6921,#6922,#6923,#6924,#6925,#6926,
#6927,#6928,#6929,#6930,#6931,#6932,#6933,#6934,#6935,#6936,#6937,#6938,
#6939,#6940,#6941,#6942,#6943,#6944,#6945,#6946,#6947,#6948,#6949,#6950,
#6951,#6952,#6953,#6954,#6955,#6956,#6957,#6958,#6959,#6960,#6961,#6962,
#6963,#6964,#6965,#6966,#6967,#6968,#6969,#6970,#6971,#6972,#6973,#6974,
#6975,#6976,#6977,#6978,#6979),(#6980,#6981,#6982,#6983,#6984,#6985,#6986,
#6987,#6988,#6989,#6990,#6991,#6992,#6993,#6994,#6995,#6996,#6997,#6998,
#6999,#7000,#7001,#7002,#7003,#7004,#7005,#7006,#7007,#7008,#7009,#7010,
#7011,#7012,#7013,#7014,#7015,#7016,#7017,#7018,#7019,#7020,#7021,#7022,
#7023,#7024,#7025,#7026,#7027,#7028,#7029,#7030,#7031,#7032,#7033,#7034,
#7035,#7036,#7037,#7038,#7039,#7040,#7041,#7042,#7043,#7044,#7045,#7046,
#7047,#7048,#7049,#7050,#7051,#7052,#7053,#7054,#7055,#7056,#7057,#7058,
#7059,#7060,#7061,#7062,#7063,#7064,#7065,#7066,#7067,#7068,#7069,#7070,
#7071,#7072,#7073,#7074,#7075,#7076,#7077,#7078,#7079,#7080,#7081,#7082,
#7083,#7084,#7085,#7086,#7087,#7088,#7089,#7090,#7091,#7092,#7093,#7094,
#7095,#7096,#7097,#7098,#7099,#7100,#7101,#7102,#7103,#7104,#7105,#7106,
#7107,#7108,#7109,#7110,#7111,#7112,#7113,#7114,#7115,#7116,#7117,#7118,
#7119,#7120,#7121,#7122,#7123,#7124,#7125,#7126,#7127,#7128,#7129,#7130,
#7131,#7132,#7133,#7134,#7135,#7136,#7137,#7138,#7139,#7140,#7141,#7142,
#7143,#7144,#7145,#7146,#7147,#7148,#7149,#7150,#7151,#7152,#7153,#7154,
#7155,#7156,#7157,#7158,#7159,#7160,#7161,#7162,#7163,#7164,#7165,#7166,
#7167,#7168,#7169,#7170,#7171,#7172,#7173,#7174,#7175,#7176,#7177,#7178,
#7179,#7180,#7181,#7182,#7183,#7184,#7185,#7186,#7187,#7188,#7189,#7190,
#7191,#7192,#7193,#7194,#7195,#7196,#7197,#7198,#7199,#7200,#7201,#7202,
#7203,#7204,#7205,#7206,#7207,#7208,#7209,#7210,#7211,#7212,#7213,#7214,
#7215,#7216,#7217,#7218,#7219,#7220,#7221,#7222,#7223,#7224,#7225,#7226,
#7227,#7228,#7229,#7230,#7231,#7232,#7233,#7234,#7235,#7236,#7237,#7238,
#7239,#7240,#7241,#7242,#7243,#7244,#7245,#7246,#7247,#7248,#7249,#7250,
#7251,#7252,#7253,#7254,#7255,#7256,#7257,#7258,#7259,#7260,#7261,#7262,
#7263,#7264,#7265,#7266,#7267,#7268,#7269,#7270,#7271,#7272,#7273,#7274,
#7275,#7276,#7277,#7278,#7279,#7280,#7281,#7282,#7283,#7284,#7285,#7286,
#7287,#7288,#7289,#7290,#7291,#7292,#7293,#7294,#7295,#7296,#7297,#7298,
#7299,#7300,#7301,#7302,#7303,#7304,#7305,#7306,#7307,#7308,#7309,#7310,
#7311,#7312,#7313,#7314,#7315,#7316,#7317,#7318,#7319,#7320,#7321,#7322,
#7323,#7324,#7325,#7326,#7327,#7328,#7329,#7330,#7331,#7332,#7333,#7334,
#7335,#7336,#7337,#7338,#7339,#7340,#7341,#7342,#7343,#7344,#7345,#7346,
#7347,#7348,#7349,#7350,#7351,#7352,#7353,#7354,#7355,#7356,#7357,#7358,
#7359,#7360,#7361,#7362,#7363,#7364,#7365,#7366,#7367,#7368,#7369,#7370,
#7371,#7372,#7373,#7374,#7375,#7376,#7377,#7378,#7379,#7380,#7381,#7382,
#7383,#7384,#7385,#7386,#7387,#7388,#7389,#7390,#7391,#7392,#7393,#7394,
#7395,#7396,#7397,#7398,#7399,#7400,#7401,#7402,#7403,#7404,#7405,#7406,
#7407,#7408,#7409,#7410,#7411,#7412,#7413,#7414,#7415,#7416,#7417,#7418,
#7419,#7420,#7421,#7422,#7423,#7424,#7425,#7426,#7427,#7428,#7429,#7430,
#7431,#7432,#7433,#7434,#7435,#7436,#7437,#7438,#7439,#7440,#7441,#7442,
#7443,#7444,#7445,#7446,#7447,#7448,#7449,#7450,#7451,#7452,#7453,#7454,
#7455,#7456,#7457,#7458,#7459,#7460)),.UNSPECIFIED.,.F.,.F.,.F.)
B_SPLINE_SURFACE_WITH_KNOTS((2,2),(3,2,2,2,2,2,2,2,2,2,2,2,2,2,2,2,2,2,
2,2,2,2,2,2,2,2,2,2,2,2,2,2,2,2,2,2,2,2,2,2,2,2,2,2,2,2,2,2,2,2,2,2,2,2,
2,2,2,2,2,2,2,2,2,2,2,2,2,2,2,2,2,2,2,2,2,2,2,2,2,2,2,2,2,2,2,2,2,2,2,2,
2,2,2,2,2,2,2,2,2,2,2,2,2,2,2,2,2,2,2,2,2,2,2,2,2,2,2,2,2,2,2,2,2,2,2,2,
2,2,2,2,2,2,2,2,2,2,2,2,2,2,2,2,2,2,2,2,2,2,2,2,2,2,2,2,2,2,2,2,2,2,2,2,
2,2,2,2,2,2,2,2,2,2,2,2,2,2,2,2,2,2,2,2,2,2,2,2,2,2,2,2,2,2,2,2,2,2,2,2,
2,2,2,2,2,2,2,2,2,2,2,2,2,2,2,2,2,2,2,2,2,2,2,2,2,2,2,2,2,2,2,2,2,2,2,2,
2,2,2,2,2,2,3),(-1.70819665457772E-5,1.),(0.,0.00416666666666667,0.00833333333333333,
0.0125,0.0166666666666667,0.0208333333333333,0.025,0.0291666666666667,0.0333333333333333,
0.0375,0.0416666666666667,0.0458333333333333,0.05,0.0541666666666667,0.0583333333333333,
0.0625,0.0666666666666667,0.0708333333333333,0.075,0.0791666666666667,0.0833333333333333,
0.0875,0.0916666666666667,0.0958333333333333,0.1,0.104166666666667,0.108333333333333,
0.1125,0.116666666666667,0.120833333333333,0.125,0.129166666666667,0.133333333333333,
0.1375,0.141666666666667,0.145833333333333,0.15,0.154166666666667,0.158333333333333,
0.1625,0.166666666666667,0.170833333333333,0.175,0.179166666666667,0.183333333333333,
0.1875,0.191666666666667,0.195833333333333,0.2,0.204166666666667,0.208333333333333,
0.2125,0.216666666666667,0.220833333333333,0.225,0.229166666666667,0.233333333333333,
0.2375,0.241666666666667,0.245833333333333,0.25,0.254166666666667,0.258333333333333,
0.2625,0.266666666666667,0.270833333333333,0.275,0.279166666666667,0.283333333333333,
0.2875,0.291666666666667,0.295833333333333,0.3,0.304166666666667,0.308333333333333,
0.3125,0.316666666666667,0.320833333333333,0.325,0.329166666666667,0.333333333333333,
0.3375,0.341666666666667,0.345833333333333,0.35,0.354166666666667,0.358333333333333,
0.3625,0.366666666666667,0.370833333333333,0.375,0.379166666666667,0.383333333333333,
0.3875,0.391666666666667,0.395833333333333,0.4,0.404166666666667,0.408333333333333,
0.4125,0.416666666666667,0.420833333333333,0.425,0.429166666666667,0.433333333333333,
0.4375,0.441666666666667,0.445833333333333,0.45,0.454166666666667,0.458333333333333,
0.4625,0.466666666666667,0.470833333333333,0.475,0.479166666666667,0.483333333333333,
0.4875,0.491666666666667,0.495833333333333,0.5,0.504166666666667,0.508333333333333,
0.5125,0.516666666666667,0.520833333333333,0.525,0.529166666666667,0.533333333333333,
0.5375,0.541666666666667,0.545833333333333,0.55,0.554166666666667,0.558333333333333,
0.5625,0.566666666666667,0.570833333333333,0.575,0.579166666666667,0.583333333333333,
0.5875,0.591666666666667,0.595833333333333,0.6,0.604166666666667,0.608333333333333,
0.6125,0.616666666666667,0.620833333333333,0.625,0.629166666666667,0.633333333333333,
0.6375,0.641666666666667,0.645833333333333,0.65,0.654166666666667,0.658333333333333,
0.6625,0.666666666666667,0.670833333333333,0.675,0.679166666666667,0.683333333333333,
0.6875,0.691666666666667,0.695833333333333,0.7,0.704166666666667,0.708333333333333,
0.7125,0.716666666666667,0.720833333333333,0.725,0.729166666666667,0.733333333333333,
0.7375,0.741666666666667,0.745833333333333,0.75,0.754166666666667,0.758333333333333,
0.7625,0.766666666666667,0.770833333333333,0.775,0.779166666666667,0.783333333333333,
0.7875,0.791666666666667,0.795833333333333,0.8,0.804166666666667,0.808333333333333,
0.8125,0.816666666666667,0.820833333333333,0.825,0.829166666666667,0.833333333333333,
0.8375,0.841666666666667,0.845833333333333,0.85,0.854166666666667,0.858333333333333,
0.8625,0.866666666666667,0.870833333333333,0.875,0.879166666666667,0.883333333333333,
0.8875,0.891666666666667,0.895833333333333,0.9,0.904166666666667,0.908333333333333,
0.9125,0.916666666666667,0.920833333333333,0.925,0.929166666666667,0.933333333333333,
0.9375,0.941666666666667,0.945833333333333,0.95,0.954166666666667,0.958333333333333,
0.9625,0.966666666666667,0.970833333333333,0.975,0.979166666666667,0.983333333333333,
0.9875,0.991666666666667,0.995833333333333,1.),.UNSPECIFIED.)
GEOMETRIC_REPRESENTATION_ITEM()
RATIONAL_B_SPLINE_SURFACE(((1.,0.866025403784439,1.,0.866025403784439,1.,
0.866025403784439,1.,0.866025403784439,1.,0.866025403784439,1.,0.866025403784439,
1.,0.866025403784439,1.,0.866025403784439,1.,0.866025403784439,1.,0.866025403784439,
1.,0.866025403784439,1.,0.866025403784439,1.,0.866025403784439,1.,0.866025403784439,
1.,0.866025403784439,1.,0.866025403784439,1.,0.866025403784439,1.,0.866025403784439,
1.,0.866025403784439,1.,0.866025403784439,1.,0.866025403784439,1.,0.866025403784439,
1.,0.866025403784439,1.,0.866025403784439,1.,0.866025403784439,1.,0.866025403784439,
1.,0.866025403784439,1.,0.866025403784439,1.,0.866025403784439,1.,0.866025403784439,
1.,0.866025403784439,1.,0.866025403784439,1.,0.866025403784439,1.,0.866025403784439,
1.,0.866025403784439,1.,0.866025403784439,1.,0.866025403784439,1.,0.866025403784439,
1.,0.866025403784439,1.,0.866025403784439,1.,0.866025403784439,1.,0.866025403784439,
1.,0.866025403784439,1.,0.866025403784439,1.,0.866025403784439,1.,0.866025403784439,
1.,0.866025403784439,1.,0.866025403784439,1.,0.866025403784439,1.,0.866025403784439,
1.,0.866025403784439,1.,0.866025403784439,1.,0.866025403784439,1.,0.866025403784439,
1.,0.866025403784439,1.,0.866025403784439,1.,0.866025403784439,1.,0.866025403784439,
1.,0.866025403784439,1.,0.866025403784439,1.,0.866025403784439,1.,0.866025403784439,
1.,0.866025403784439,1.,0.866025403784439,1.,0.866025403784439,1.,0.866025403784439,
1.,0.866025403784439,1.,0.866025403784439,1.,0.866025403784439,1.,0.866025403784439,
1.,0.866025403784439,1.,0.866025403784439,1.,0.866025403784439,1.,0.866025403784439,
1.,0.866025403784439,1.,0.866025403784439,1.,0.866025403784439,1.,0.866025403784439,
1.,0.866025403784439,1.,0.866025403784439,1.,0.866025403784439,1.,0.866025403784439,
1.,0.866025403784439,1.,0.866025403784439,1.,0.866025403784439,1.,0.866025403784439,
1.,0.866025403784439,1.,0.866025403784439,1.,0.866025403784439,1.,0.866025403784439,
1.,0.866025403784439,1.,0.866025403784439,1.,0.866025403784439,1.,0.866025403784439,
1.,0.866025403784439,1.,0.866025403784439,1.,0.866025403784439,1.,0.866025403784439,
1.,0.866025403784439,1.,0.866025403784439,1.,0.866025403784439,1.,0.866025403784439,
1.,0.866025403784439,1.,0.866025403784439,1.,0.866025403784439,1.,0.866025403784439,
1.,0.866025403784439,1.,0.866025403784439,1.,0.866025403784439,1.,0.866025403784439,
1.,0.866025403784439,1.,0.866025403784439,1.,0.866025403784439,1.,0.866025403784439,
1.,0.866025403784439,1.,0.866025403784439,1.,0.866025403784439,1.,0.866025403784439,
1.,0.866025403784439,1.,0.866025403784439,1.,0.866025403784439,1.,0.866025403784439,
1.,0.866025403784439,1.,0.866025403784439,1.,0.866025403784439,1.,0.866025403784439,
1.,0.866025403784439,1.,0.866025403784439,1.,0.866025403784439,1.,0.866025403784439,
1.,0.866025403784439,1.,0.866025403784439,1.,0.866025403784439,1.,0.866025403784439,
1.,0.866025403784439,1.,0.866025403784439,1.,0.866025403784439,1.,0.866025403784439,
1.,0.866025403784439,1.,0.866025403784439,1.,0.866025403784439,1.,0.866025403784439,
1.,0.866025403784439,1.,0.866025403784439,1.,0.866025403784439,1.,0.866025403784439,
1.,0.866025403784439,1.,0.866025403784439,1.,0.866025403784439,1.,0.866025403784439,
1.,0.866025403784439,1.,0.866025403784439,1.,0.866025403784439,1.,0.866025403784439,
1.,0.866025403784439,1.,0.866025403784439,1.,0.866025403784439,1.,0.866025403784439,
1.,0.866025403784439,1.,0.866025403784439,1.,0.866025403784439,1.,0.866025403784439,
1.,0.866025403784439,1.,0.866025403784439,1.,0.866025403784439,1.,0.866025403784439,
1.,0.866025403784439,1.,0.866025403784439,1.,0.866025403784439,1.,0.866025403784439,
1.,0.866025403784439,1.,0.866025403784439,1.,0.866025403784439,1.,0.866025403784439,
1.,0.866025403784439,1.,0.866025403784439,1.,0.866025403784439,1.,0.866025403784439,
1.,0.866025403784439,1.,0.866025403784439,1.,0.866025403784439,1.,0.866025403784439,
1.,0.866025403784439,1.,0.866025403784439,1.,0.866025403784439,1.,0.866025403784439,
1.,0.866025403784439,1.,0.866025403784439,1.,0.866025403784439,1.,0.866025403784439,
1.,0.866025403784439,1.,0.866025403784439,1.,0.866025403784439,1.,0.866025403784439,
1.,0.866025403784439,1.,0.866025403784439,1.,0.866025403784439,1.,0.866025403784439,
1.,0.866025403784439,1.,0.866025403784439,1.,0.866025403784439,1.,0.866025403784439,
1.,0.866025403784439,1.,0.866025403784439,1.,0.866025403784439,1.,0.866025403784439,
1.,0.866025403784439,1.,0.866025403784439,1.,0.866025403784439,1.,0.866025403784439,
1.,0.866025403784439,1.,0.866025403784439,1.,0.866025403784439,1.,0.866025403784439,
1.,0.866025403784439,1.,0.866025403784439,1.,0.866025403784439,1.,0.866025403784439,
1.,0.866025403784439,1.,0.866025403784439,1.,0.866025403784439,1.,0.866025403784439,
1.,0.866025403784439,1.,0.866025403784439,1.,0.866025403784439,1.,0.866025403784439,
1.,0.866025403784439,1.,0.866025403784439,1.,0.866025403784439,1.,0.866025403784439,
1.,0.866025403784439,1.,0.866025403784439,1.,0.866025403784439,1.,0.866025403784439,
1.,0.866025403784439,1.,0.866025403784439,1.,0.866025403784439,1.,0.866025403784439,
1.,0.866025403784439,1.,0.866025403784439,1.),(1.,0.866025403784439,1.,
0.866025403784439,1.,0.866025403784439,1.,0.866025403784439,1.,0.866025403784439,
1.,0.866025403784439,1.,0.866025403784439,1.,0.866025403784439,1.,0.866025403784439,
1.,0.866025403784439,1.,0.866025403784439,1.,0.866025403784439,1.,0.866025403784439,
1.,0.866025403784439,1.,0.866025403784439,1.,0.866025403784439,1.,0.866025403784439,
1.,0.866025403784439,1.,0.866025403784439,1.,0.866025403784439,1.,0.866025403784439,
1.,0.866025403784439,1.,0.866025403784439,1.,0.866025403784439,1.,0.866025403784439,
1.,0.866025403784439,1.,0.866025403784439,1.,0.866025403784439,1.,0.866025403784439,
1.,0.866025403784439,1.,0.866025403784439,1.,0.866025403784439,1.,0.866025403784439,
1.,0.866025403784439,1.,0.866025403784439,1.,0.866025403784439,1.,0.866025403784439,
1.,0.866025403784439,1.,0.866025403784439,1.,0.866025403784439,1.,0.866025403784439,
1.,0.866025403784439,1.,0.866025403784439,1.,0.866025403784439,1.,0.866025403784439,
1.,0.866025403784439,1.,0.866025403784439,1.,0.866025403784439,1.,0.866025403784439,
1.,0.866025403784439,1.,0.866025403784439,1.,0.866025403784439,1.,0.866025403784439,
1.,0.866025403784439,1.,0.866025403784439,1.,0.866025403784439,1.,0.866025403784439,
1.,0.866025403784439,1.,0.866025403784439,1.,0.866025403784439,1.,0.866025403784439,
1.,0.866025403784439,1.,0.866025403784439,1.,0.866025403784439,1.,0.866025403784439,
1.,0.866025403784439,1.,0.866025403784439,1.,0.866025403784439,1.,0.866025403784439,
1.,0.866025403784439,1.,0.866025403784439,1.,0.866025403784439,1.,0.866025403784439,
1.,0.866025403784439,1.,0.866025403784439,1.,0.866025403784439,1.,0.866025403784439,
1.,0.866025403784439,1.,0.866025403784439,1.,0.866025403784439,1.,0.866025403784439,
1.,0.866025403784439,1.,0.866025403784439,1.,0.866025403784439,1.,0.866025403784439,
1.,0.866025403784439,1.,0.866025403784439,1.,0.866025403784439,1.,0.866025403784439,
1.,0.866025403784439,1.,0.866025403784439,1.,0.866025403784439,1.,0.866025403784439,
1.,0.866025403784439,1.,0.866025403784439,1.,0.866025403784439,1.,0.866025403784439,
1.,0.866025403784439,1.,0.866025403784439,1.,0.866025403784439,1.,0.866025403784439,
1.,0.866025403784439,1.,0.866025403784439,1.,0.866025403784439,1.,0.866025403784439,
1.,0.866025403784439,1.,0.866025403784439,1.,0.866025403784439,1.,0.866025403784439,
1.,0.866025403784439,1.,0.866025403784439,1.,0.866025403784439,1.,0.866025403784439,
1.,0.866025403784439,1.,0.866025403784439,1.,0.866025403784439,1.,0.866025403784439,
1.,0.866025403784439,1.,0.866025403784439,1.,0.866025403784439,1.,0.866025403784439,
1.,0.866025403784439,1.,0.866025403784439,1.,0.866025403784439,1.,0.866025403784439,
1.,0.866025403784439,1.,0.866025403784439,1.,0.866025403784439,1.,0.866025403784439,
1.,0.866025403784439,1.,0.866025403784439,1.,0.866025403784439,1.,0.866025403784439,
1.,0.866025403784439,1.,0.866025403784439,1.,0.866025403784439,1.,0.866025403784439,
1.,0.866025403784439,1.,0.866025403784439,1.,0.866025403784439,1.,0.866025403784439,
1.,0.866025403784439,1.,0.866025403784439,1.,0.866025403784439,1.,0.866025403784439,
1.,0.866025403784439,1.,0.866025403784439,1.,0.866025403784439,1.,0.866025403784439,
1.,0.866025403784439,1.,0.866025403784439,1.,0.866025403784439,1.,0.866025403784439,
1.,0.866025403784439,1.,0.866025403784439,1.,0.866025403784439,1.,0.866025403784439,
1.,0.866025403784439,1.,0.866025403784439,1.,0.866025403784439,1.,0.866025403784439,
1.,0.866025403784439,1.,0.866025403784439,1.,0.866025403784439,1.,0.866025403784439,
1.,0.866025403784439,1.,0.866025403784439,1.,0.866025403784439,1.,0.866025403784439,
1.,0.866025403784439,1.,0.866025403784439,1.,0.866025403784439,1.,0.866025403784439,
1.,0.866025403784439,1.,0.866025403784439,1.,0.866025403784439,1.,0.866025403784439,
1.,0.866025403784439,1.,0.866025403784439,1.,0.866025403784439,1.,0.866025403784439,
1.,0.866025403784439,1.,0.866025403784439,1.,0.866025403784439,1.,0.866025403784439,
1.,0.866025403784439,1.,0.866025403784439,1.,0.866025403784439,1.,0.866025403784439,
1.,0.866025403784439,1.,0.866025403784439,1.,0.866025403784439,1.,0.866025403784439,
1.,0.866025403784439,1.,0.866025403784439,1.,0.866025403784439,1.,0.866025403784439,
1.,0.866025403784439,1.,0.866025403784439,1.,0.866025403784439,1.,0.866025403784439,
1.,0.866025403784439,1.,0.866025403784439,1.,0.866025403784439,1.,0.866025403784439,
1.,0.866025403784439,1.,0.866025403784439,1.,0.866025403784439,1.,0.866025403784439,
1.,0.866025403784439,1.,0.866025403784439,1.,0.866025403784439,1.,0.866025403784439,
1.,0.866025403784439,1.,0.866025403784439,1.,0.866025403784439,1.,0.866025403784439,
1.,0.866025403784439,1.,0.866025403784439,1.,0.866025403784439,1.,0.866025403784439,
1.,0.866025403784439,1.,0.866025403784439,1.,0.866025403784439,1.,0.866025403784439,
1.,0.866025403784439,1.,0.866025403784439,1.,0.866025403784439,1.,0.866025403784439,
1.,0.866025403784439,1.,0.866025403784439,1.,0.866025403784439,1.,0.866025403784439,
1.,0.866025403784439,1.,0.866025403784439,1.,0.866025403784439,1.,0.866025403784439,
1.,0.866025403784439,1.,0.866025403784439,1.,0.866025403784439,1.)))
REPRESENTATION_ITEM('')
SURFACE()
);
#48=(
BOUNDED_SURFACE()
B_SPLINE_SURFACE(1,2,((#7465,#7466,#7467,#7468,#7469,#7470,#7471,#7472,
#7473,#7474,#7475,#7476,#7477,#7478,#7479,#7480,#7481,#7482,#7483,#7484,
#7485,#7486,#7487,#7488,#7489,#7490,#7491,#7492,#7493,#7494,#7495,#7496,
#7497,#7498,#7499,#7500,#7501,#7502,#7503,#7504,#7505,#7506,#7507,#7508,
#7509,#7510,#7511,#7512,#7513,#7514,#7515,#7516,#7517,#7518,#7519,#7520,
#7521,#7522,#7523,#7524,#7525,#7526,#7527,#7528,#7529,#7530,#7531,#7532,
#7533,#7534,#7535,#7536,#7537,#7538,#7539,#7540,#7541,#7542,#7543,#7544,
#7545,#7546,#7547,#7548,#7549,#7550,#7551,#7552,#7553,#7554,#7555,#7556,
#7557,#7558,#7559,#7560,#7561,#7562,#7563,#7564,#7565,#7566,#7567,#7568,
#7569,#7570,#7571,#7572,#7573,#7574,#7575,#7576,#7577,#7578,#7579,#7580,
#7581,#7582,#7583,#7584,#7585,#7586,#7587,#7588,#7589,#7590,#7591,#7592,
#7593,#7594,#7595,#7596,#7597,#7598,#7599,#7600,#7601,#7602,#7603,#7604,
#7605,#7606,#7607,#7608,#7609,#7610,#7611,#7612,#7613,#7614,#7615,#7616,
#7617,#7618,#7619,#7620,#7621,#7622,#7623,#7624,#7625,#7626,#7627,#7628,
#7629,#7630,#7631,#7632,#7633,#7634,#7635,#7636,#7637,#7638,#7639,#7640,
#7641,#7642,#7643,#7644,#7645,#7646,#7647,#7648,#7649,#7650,#7651,#7652,
#7653,#7654,#7655,#7656,#7657,#7658,#7659,#7660,#7661,#7662,#7663,#7664,
#7665,#7666,#7667,#7668,#7669,#7670,#7671,#7672,#7673,#7674,#7675,#7676,
#7677,#7678,#7679,#7680,#7681,#7682,#7683,#7684,#7685,#7686,#7687,#7688,
#7689,#7690,#7691,#7692,#7693,#7694,#7695,#7696,#7697,#7698,#7699,#7700,
#7701,#7702,#7703,#7704,#7705,#7706,#7707,#7708,#7709,#7710,#7711,#7712,
#7713,#7714,#7715,#7716,#7717,#7718,#7719,#7720,#7721,#7722,#7723,#7724,
#7725,#7726,#7727,#7728,#7729,#7730,#7731,#7732,#7733,#7734,#7735,#7736,
#7737,#7738,#7739,#7740,#7741,#7742,#7743,#7744,#7745,#7746,#7747,#7748,
#7749,#7750,#7751,#7752,#7753,#7754,#7755,#7756,#7757,#7758,#7759,#7760,
#7761,#7762,#7763,#7764,#7765,#7766,#7767,#7768,#7769,#7770,#7771,#7772,
#7773,#7774,#7775,#7776,#7777,#7778,#7779,#7780,#7781,#7782,#7783,#7784,
#7785,#7786,#7787,#7788,#7789,#7790,#7791,#7792,#7793,#7794,#7795,#7796,
#7797,#7798,#7799,#7800,#7801,#7802,#7803,#7804,#7805,#7806,#7807,#7808,
#7809,#7810,#7811,#7812,#7813,#7814,#7815,#7816,#7817,#7818,#7819,#7820,
#7821,#7822,#7823,#7824,#7825,#7826,#7827,#7828,#7829,#7830,#7831,#7832,
#7833,#7834,#7835,#7836,#7837,#7838,#7839,#7840,#7841,#7842,#7843,#7844,
#7845,#7846,#7847,#7848,#7849,#7850,#7851,#7852,#7853,#7854,#7855,#7856,
#7857,#7858,#7859,#7860,#7861,#7862,#7863,#7864,#7865,#7866,#7867,#7868,
#7869,#7870,#7871,#7872,#7873,#7874,#7875,#7876,#7877,#7878,#7879,#7880,
#7881,#7882,#7883,#7884,#7885,#7886,#7887,#7888,#7889,#7890,#7891,#7892,
#7893,#7894,#7895,#7896,#7897,#7898,#7899,#7900,#7901,#7902,#7903,#7904,
#7905,#7906,#7907,#7908,#7909,#7910,#7911,#7912,#7913,#7914,#7915,#7916,
#7917,#7918,#7919,#7920,#7921,#7922,#7923,#7924,#7925,#7926,#7927,#7928,
#7929,#7930,#7931,#7932,#7933,#7934,#7935,#7936,#7937,#7938,#7939,#7940,
#7941,#7942,#7943,#7944,#7945),(#7946,#7947,#7948,#7949,#7950,#7951,#7952,
#7953,#7954,#7955,#7956,#7957,#7958,#7959,#7960,#7961,#7962,#7963,#7964,
#7965,#7966,#7967,#7968,#7969,#7970,#7971,#7972,#7973,#7974,#7975,#7976,
#7977,#7978,#7979,#7980,#7981,#7982,#7983,#7984,#7985,#7986,#7987,#7988,
#7989,#7990,#7991,#7992,#7993,#7994,#7995,#7996,#7997,#7998,#7999,#8000,
#8001,#8002,#8003,#8004,#8005,#8006,#8007,#8008,#8009,#8010,#8011,#8012,
#8013,#8014,#8015,#8016,#8017,#8018,#8019,#8020,#8021,#8022,#8023,#8024,
#8025,#8026,#8027,#8028,#8029,#8030,#8031,#8032,#8033,#8034,#8035,#8036,
#8037,#8038,#8039,#8040,#8041,#8042,#8043,#8044,#8045,#8046,#8047,#8048,
#8049,#8050,#8051,#8052,#8053,#8054,#8055,#8056,#8057,#8058,#8059,#8060,
#8061,#8062,#8063,#8064,#8065,#8066,#8067,#8068,#8069,#8070,#8071,#8072,
#8073,#8074,#8075,#8076,#8077,#8078,#8079,#8080,#8081,#8082,#8083,#8084,
#8085,#8086,#8087,#8088,#8089,#8090,#8091,#8092,#8093,#8094,#8095,#8096,
#8097,#8098,#8099,#8100,#8101,#8102,#8103,#8104,#8105,#8106,#8107,#8108,
#8109,#8110,#8111,#8112,#8113,#8114,#8115,#8116,#8117,#8118,#8119,#8120,
#8121,#8122,#8123,#8124,#8125,#8126,#8127,#8128,#8129,#8130,#8131,#8132,
#8133,#8134,#8135,#8136,#8137,#8138,#8139,#8140,#8141,#8142,#8143,#8144,
#8145,#8146,#8147,#8148,#8149,#8150,#8151,#8152,#8153,#8154,#8155,#8156,
#8157,#8158,#8159,#8160,#8161,#8162,#8163,#8164,#8165,#8166,#8167,#8168,
#8169,#8170,#8171,#8172,#8173,#8174,#8175,#8176,#8177,#8178,#8179,#8180,
#8181,#8182,#8183,#8184,#8185,#8186,#8187,#8188,#8189,#8190,#8191,#8192,
#8193,#8194,#8195,#8196,#8197,#8198,#8199,#8200,#8201,#8202,#8203,#8204,
#8205,#8206,#8207,#8208,#8209,#8210,#8211,#8212,#8213,#8214,#8215,#8216,
#8217,#8218,#8219,#8220,#8221,#8222,#8223,#8224,#8225,#8226,#8227,#8228,
#8229,#8230,#8231,#8232,#8233,#8234,#8235,#8236,#8237,#8238,#8239,#8240,
#8241,#8242,#8243,#8244,#8245,#8246,#8247,#8248,#8249,#8250,#8251,#8252,
#8253,#8254,#8255,#8256,#8257,#8258,#8259,#8260,#8261,#8262,#8263,#8264,
#8265,#8266,#8267,#8268,#8269,#8270,#8271,#8272,#8273,#8274,#8275,#8276,
#8277,#8278,#8279,#8280,#8281,#8282,#8283,#8284,#8285,#8286,#8287,#8288,
#8289,#8290,#8291,#8292,#8293,#8294,#8295,#8296,#8297,#8298,#8299,#8300,
#8301,#8302,#8303,#8304,#8305,#8306,#8307,#8308,#8309,#8310,#8311,#8312,
#8313,#8314,#8315,#8316,#8317,#8318,#8319,#8320,#8321,#8322,#8323,#8324,
#8325,#8326,#8327,#8328,#8329,#8330,#8331,#8332,#8333,#8334,#8335,#8336,
#8337,#8338,#8339,#8340,#8341,#8342,#8343,#8344,#8345,#8346,#8347,#8348,
#8349,#8350,#8351,#8352,#8353,#8354,#8355,#8356,#8357,#8358,#8359,#8360,
#8361,#8362,#8363,#8364,#8365,#8366,#8367,#8368,#8369,#8370,#8371,#8372,
#8373,#8374,#8375,#8376,#8377,#8378,#8379,#8380,#8381,#8382,#8383,#8384,
#8385,#8386,#8387,#8388,#8389,#8390,#8391,#8392,#8393,#8394,#8395,#8396,
#8397,#8398,#8399,#8400,#8401,#8402,#8403,#8404,#8405,#8406,#8407,#8408,
#8409,#8410,#8411,#8412,#8413,#8414,#8415,#8416,#8417,#8418,#8419,#8420,
#8421,#8422,#8423,#8424,#8425,#8426)),.UNSPECIFIED.,.F.,.F.,.F.)
B_SPLINE_SURFACE_WITH_KNOTS((2,2),(3,2,2,2,2,2,2,2,2,2,2,2,2,2,2,2,2,2,
2,2,2,2,2,2,2,2,2,2,2,2,2,2,2,2,2,2,2,2,2,2,2,2,2,2,2,2,2,2,2,2,2,2,2,2,
2,2,2,2,2,2,2,2,2,2,2,2,2,2,2,2,2,2,2,2,2,2,2,2,2,2,2,2,2,2,2,2,2,2,2,2,
2,2,2,2,2,2,2,2,2,2,2,2,2,2,2,2,2,2,2,2,2,2,2,2,2,2,2,2,2,2,2,2,2,2,2,2,
2,2,2,2,2,2,2,2,2,2,2,2,2,2,2,2,2,2,2,2,2,2,2,2,2,2,2,2,2,2,2,2,2,2,2,2,
2,2,2,2,2,2,2,2,2,2,2,2,2,2,2,2,2,2,2,2,2,2,2,2,2,2,2,2,2,2,2,2,2,2,2,2,
2,2,2,2,2,2,2,2,2,2,2,2,2,2,2,2,2,2,2,2,2,2,2,2,2,2,2,2,2,2,2,2,2,2,2,2,
2,2,2,2,2,2,3),(0.,1.00001750979837),(0.,0.00416666666666667,0.00833333333333333,
0.0125,0.0166666666666667,0.0208333333333333,0.025,0.0291666666666667,0.0333333333333333,
0.0375,0.0416666666666667,0.0458333333333333,0.05,0.0541666666666667,0.0583333333333333,
0.0625,0.0666666666666667,0.0708333333333333,0.075,0.0791666666666667,0.0833333333333333,
0.0875,0.0916666666666667,0.0958333333333333,0.1,0.104166666666667,0.108333333333333,
0.1125,0.116666666666667,0.120833333333333,0.125,0.129166666666667,0.133333333333333,
0.1375,0.141666666666667,0.145833333333333,0.15,0.154166666666667,0.158333333333333,
0.1625,0.166666666666667,0.170833333333333,0.175,0.179166666666667,0.183333333333333,
0.1875,0.191666666666667,0.195833333333333,0.2,0.204166666666667,0.208333333333333,
0.2125,0.216666666666667,0.220833333333333,0.225,0.229166666666667,0.233333333333333,
0.2375,0.241666666666667,0.245833333333333,0.25,0.254166666666667,0.258333333333333,
0.2625,0.266666666666667,0.270833333333333,0.275,0.279166666666667,0.283333333333333,
0.2875,0.291666666666667,0.295833333333333,0.3,0.304166666666667,0.308333333333333,
0.3125,0.316666666666667,0.320833333333333,0.325,0.329166666666667,0.333333333333333,
0.3375,0.341666666666667,0.345833333333333,0.35,0.354166666666667,0.358333333333333,
0.3625,0.366666666666667,0.370833333333333,0.375,0.379166666666667,0.383333333333333,
0.3875,0.391666666666667,0.395833333333333,0.4,0.404166666666667,0.408333333333333,
0.4125,0.416666666666667,0.420833333333333,0.425,0.429166666666667,0.433333333333333,
0.4375,0.441666666666667,0.445833333333333,0.45,0.454166666666667,0.458333333333333,
0.4625,0.466666666666667,0.470833333333333,0.475,0.479166666666667,0.483333333333333,
0.4875,0.491666666666667,0.495833333333333,0.5,0.504166666666667,0.508333333333333,
0.5125,0.516666666666667,0.520833333333333,0.525,0.529166666666667,0.533333333333333,
0.5375,0.541666666666667,0.545833333333333,0.55,0.554166666666667,0.558333333333333,
0.5625,0.566666666666667,0.570833333333333,0.575,0.579166666666667,0.583333333333333,
0.5875,0.591666666666667,0.595833333333333,0.6,0.604166666666667,0.608333333333333,
0.6125,0.616666666666667,0.620833333333333,0.625,0.629166666666667,0.633333333333333,
0.6375,0.641666666666667,0.645833333333333,0.65,0.654166666666667,0.658333333333333,
0.6625,0.666666666666667,0.670833333333333,0.675,0.679166666666667,0.683333333333333,
0.6875,0.691666666666667,0.695833333333333,0.7,0.704166666666667,0.708333333333333,
0.7125,0.716666666666667,0.720833333333333,0.725,0.729166666666667,0.733333333333333,
0.7375,0.741666666666667,0.745833333333333,0.75,0.754166666666667,0.758333333333333,
0.7625,0.766666666666667,0.770833333333333,0.775,0.779166666666667,0.783333333333333,
0.7875,0.791666666666667,0.795833333333333,0.8,0.804166666666667,0.808333333333333,
0.8125,0.816666666666667,0.820833333333333,0.825,0.829166666666667,0.833333333333333,
0.8375,0.841666666666667,0.845833333333333,0.85,0.854166666666667,0.858333333333333,
0.8625,0.866666666666667,0.870833333333333,0.875,0.879166666666667,0.883333333333333,
0.8875,0.891666666666667,0.895833333333333,0.9,0.904166666666667,0.908333333333333,
0.9125,0.916666666666667,0.920833333333333,0.925,0.929166666666667,0.933333333333333,
0.9375,0.941666666666667,0.945833333333333,0.95,0.954166666666667,0.958333333333333,
0.9625,0.966666666666667,0.970833333333333,0.975,0.979166666666667,0.983333333333333,
0.9875,0.991666666666667,0.995833333333333,1.),.UNSPECIFIED.)
GEOMETRIC_REPRESENTATION_ITEM()
RATIONAL_B_SPLINE_SURFACE(((1.,0.866025403784439,1.,0.866025403784439,1.,
0.866025403784439,1.,0.866025403784439,1.,0.866025403784439,1.,0.866025403784439,
1.,0.866025403784439,1.,0.866025403784439,1.,0.866025403784439,1.,0.866025403784439,
1.,0.866025403784439,1.,0.866025403784439,1.,0.866025403784439,1.,0.866025403784439,
1.,0.866025403784439,1.,0.866025403784439,1.,0.866025403784439,1.,0.866025403784439,
1.,0.866025403784439,1.,0.866025403784439,1.,0.866025403784439,1.,0.866025403784439,
1.,0.866025403784439,1.,0.866025403784439,1.,0.866025403784439,1.,0.866025403784439,
1.,0.866025403784439,1.,0.866025403784439,1.,0.866025403784439,1.,0.866025403784439,
1.,0.866025403784439,1.,0.866025403784439,1.,0.866025403784439,1.,0.866025403784439,
1.,0.866025403784439,1.,0.866025403784439,1.,0.866025403784439,1.,0.866025403784439,
1.,0.866025403784439,1.,0.866025403784439,1.,0.866025403784439,1.,0.866025403784439,
1.,0.866025403784439,1.,0.866025403784439,1.,0.866025403784439,1.,0.866025403784439,
1.,0.866025403784439,1.,0.866025403784439,1.,0.866025403784439,1.,0.866025403784439,
1.,0.866025403784439,1.,0.866025403784439,1.,0.866025403784439,1.,0.866025403784439,
1.,0.866025403784439,1.,0.866025403784439,1.,0.866025403784439,1.,0.866025403784439,
1.,0.866025403784439,1.,0.866025403784439,1.,0.866025403784439,1.,0.866025403784439,
1.,0.866025403784439,1.,0.866025403784439,1.,0.866025403784439,1.,0.866025403784439,
1.,0.866025403784439,1.,0.866025403784439,1.,0.866025403784439,1.,0.866025403784439,
1.,0.866025403784439,1.,0.866025403784439,1.,0.866025403784439,1.,0.866025403784439,
1.,0.866025403784439,1.,0.866025403784439,1.,0.866025403784439,1.,0.866025403784439,
1.,0.866025403784439,1.,0.866025403784439,1.,0.866025403784439,1.,0.866025403784439,
1.,0.866025403784439,1.,0.866025403784439,1.,0.866025403784439,1.,0.866025403784439,
1.,0.866025403784439,1.,0.866025403784439,1.,0.866025403784439,1.,0.866025403784439,
1.,0.866025403784439,1.,0.866025403784439,1.,0.866025403784439,1.,0.866025403784439,
1.,0.866025403784439,1.,0.866025403784439,1.,0.866025403784439,1.,0.866025403784439,
1.,0.866025403784439,1.,0.866025403784439,1.,0.866025403784439,1.,0.866025403784439,
1.,0.866025403784439,1.,0.866025403784439,1.,0.866025403784439,1.,0.866025403784439,
1.,0.866025403784439,1.,0.866025403784439,1.,0.866025403784439,1.,0.866025403784439,
1.,0.866025403784439,1.,0.866025403784439,1.,0.866025403784439,1.,0.866025403784439,
1.,0.866025403784439,1.,0.866025403784439,1.,0.866025403784439,1.,0.866025403784439,
1.,0.866025403784439,1.,0.866025403784439,1.,0.866025403784439,1.,0.866025403784439,
1.,0.866025403784439,1.,0.866025403784439,1.,0.866025403784439,1.,0.866025403784439,
1.,0.866025403784439,1.,0.866025403784439,1.,0.866025403784439,1.,0.866025403784439,
1.,0.866025403784439,1.,0.866025403784439,1.,0.866025403784439,1.,0.866025403784439,
1.,0.866025403784439,1.,0.866025403784439,1.,0.866025403784439,1.,0.866025403784439,
1.,0.866025403784439,1.,0.866025403784439,1.,0.866025403784439,1.,0.866025403784439,
1.,0.866025403784439,1.,0.866025403784439,1.,0.866025403784439,1.,0.866025403784439,
1.,0.866025403784439,1.,0.866025403784439,1.,0.866025403784439,1.,0.866025403784439,
1.,0.866025403784439,1.,0.866025403784439,1.,0.866025403784439,1.,0.866025403784439,
1.,0.866025403784439,1.,0.866025403784439,1.,0.866025403784439,1.,0.866025403784439,
1.,0.866025403784439,1.,0.866025403784439,1.,0.866025403784439,1.,0.866025403784439,
1.,0.866025403784439,1.,0.866025403784439,1.,0.866025403784439,1.,0.866025403784439,
1.,0.866025403784439,1.,0.866025403784439,1.,0.866025403784439,1.,0.866025403784439,
1.,0.866025403784439,1.,0.866025403784439,1.,0.866025403784439,1.,0.866025403784439,
1.,0.866025403784439,1.,0.866025403784439,1.,0.866025403784439,1.,0.866025403784439,
1.,0.866025403784439,1.,0.866025403784439,1.,0.866025403784439,1.,0.866025403784439,
1.,0.866025403784439,1.,0.866025403784439,1.,0.866025403784439,1.,0.866025403784439,
1.,0.866025403784439,1.,0.866025403784439,1.,0.866025403784439,1.,0.866025403784439,
1.,0.866025403784439,1.,0.866025403784439,1.,0.866025403784439,1.,0.866025403784439,
1.,0.866025403784439,1.,0.866025403784439,1.,0.866025403784439,1.,0.866025403784439,
1.,0.866025403784439,1.,0.866025403784439,1.,0.866025403784439,1.,0.866025403784439,
1.,0.866025403784439,1.,0.866025403784439,1.,0.866025403784439,1.,0.866025403784439,
1.,0.866025403784439,1.,0.866025403784439,1.,0.866025403784439,1.,0.866025403784439,
1.,0.866025403784439,1.,0.866025403784439,1.,0.866025403784439,1.,0.866025403784439,
1.,0.866025403784439,1.,0.866025403784439,1.,0.866025403784439,1.,0.866025403784439,
1.,0.866025403784439,1.,0.866025403784439,1.,0.866025403784439,1.,0.866025403784439,
1.,0.866025403784439,1.,0.866025403784439,1.,0.866025403784439,1.,0.866025403784439,
1.,0.866025403784439,1.,0.866025403784439,1.,0.866025403784439,1.,0.866025403784439,
1.,0.866025403784439,1.,0.866025403784439,1.,0.866025403784439,1.,0.866025403784439,
1.,0.866025403784439,1.,0.866025403784439,1.,0.866025403784439,1.,0.866025403784439,
1.,0.866025403784439,1.,0.866025403784439,1.),(1.,0.866025403784439,1.,
0.866025403784439,1.,0.866025403784439,1.,0.866025403784439,1.,0.866025403784439,
1.,0.866025403784439,1.,0.866025403784439,1.,0.866025403784439,1.,0.866025403784439,
1.,0.866025403784439,1.,0.866025403784439,1.,0.866025403784439,1.,0.866025403784439,
1.,0.866025403784439,1.,0.866025403784439,1.,0.866025403784439,1.,0.866025403784439,
1.,0.866025403784439,1.,0.866025403784439,1.,0.866025403784439,1.,0.866025403784439,
1.,0.866025403784439,1.,0.866025403784439,1.,0.866025403784439,1.,0.866025403784439,
1.,0.866025403784439,1.,0.866025403784439,1.,0.866025403784439,1.,0.866025403784439,
1.,0.866025403784439,1.,0.866025403784439,1.,0.866025403784439,1.,0.866025403784439,
1.,0.866025403784439,1.,0.866025403784439,1.,0.866025403784439,1.,0.866025403784439,
1.,0.866025403784439,1.,0.866025403784439,1.,0.866025403784439,1.,0.866025403784439,
1.,0.866025403784439,1.,0.866025403784439,1.,0.866025403784439,1.,0.866025403784439,
1.,0.866025403784439,1.,0.866025403784439,1.,0.866025403784439,1.,0.866025403784439,
1.,0.866025403784439,1.,0.866025403784439,1.,0.866025403784439,1.,0.866025403784439,
1.,0.866025403784439,1.,0.866025403784439,1.,0.866025403784439,1.,0.866025403784439,
1.,0.866025403784439,1.,0.866025403784439,1.,0.866025403784439,1.,0.866025403784439,
1.,0.866025403784439,1.,0.866025403784439,1.,0.866025403784439,1.,0.866025403784439,
1.,0.866025403784439,1.,0.866025403784439,1.,0.866025403784439,1.,0.866025403784439,
1.,0.866025403784439,1.,0.866025403784439,1.,0.866025403784439,1.,0.866025403784439,
1.,0.866025403784439,1.,0.866025403784439,1.,0.866025403784439,1.,0.866025403784439,
1.,0.866025403784439,1.,0.866025403784439,1.,0.866025403784439,1.,0.866025403784439,
1.,0.866025403784439,1.,0.866025403784439,1.,0.866025403784439,1.,0.866025403784439,
1.,0.866025403784439,1.,0.866025403784439,1.,0.866025403784439,1.,0.866025403784439,
1.,0.866025403784439,1.,0.866025403784439,1.,0.866025403784439,1.,0.866025403784439,
1.,0.866025403784439,1.,0.866025403784439,1.,0.866025403784439,1.,0.866025403784439,
1.,0.866025403784439,1.,0.866025403784439,1.,0.866025403784439,1.,0.866025403784439,
1.,0.866025403784439,1.,0.866025403784439,1.,0.866025403784439,1.,0.866025403784439,
1.,0.866025403784439,1.,0.866025403784439,1.,0.866025403784439,1.,0.866025403784439,
1.,0.866025403784439,1.,0.866025403784439,1.,0.866025403784439,1.,0.866025403784439,
1.,0.866025403784439,1.,0.866025403784439,1.,0.866025403784439,1.,0.866025403784439,
1.,0.866025403784439,1.,0.866025403784439,1.,0.866025403784439,1.,0.866025403784439,
1.,0.866025403784439,1.,0.866025403784439,1.,0.866025403784439,1.,0.866025403784439,
1.,0.866025403784439,1.,0.866025403784439,1.,0.866025403784439,1.,0.866025403784439,
1.,0.866025403784439,1.,0.866025403784439,1.,0.866025403784439,1.,0.866025403784439,
1.,0.866025403784439,1.,0.866025403784439,1.,0.866025403784439,1.,0.866025403784439,
1.,0.866025403784439,1.,0.866025403784439,1.,0.866025403784439,1.,0.866025403784439,
1.,0.866025403784439,1.,0.866025403784439,1.,0.866025403784439,1.,0.866025403784439,
1.,0.866025403784439,1.,0.866025403784439,1.,0.866025403784439,1.,0.866025403784439,
1.,0.866025403784439,1.,0.866025403784439,1.,0.866025403784439,1.,0.866025403784439,
1.,0.866025403784439,1.,0.866025403784439,1.,0.866025403784439,1.,0.866025403784439,
1.,0.866025403784439,1.,0.866025403784439,1.,0.866025403784439,1.,0.866025403784439,
1.,0.866025403784439,1.,0.866025403784439,1.,0.866025403784439,1.,0.866025403784439,
1.,0.866025403784439,1.,0.866025403784439,1.,0.866025403784439,1.,0.866025403784439,
1.,0.866025403784439,1.,0.866025403784439,1.,0.866025403784439,1.,0.866025403784439,
1.,0.866025403784439,1.,0.866025403784439,1.,0.866025403784439,1.,0.866025403784439,
1.,0.866025403784439,1.,0.866025403784439,1.,0.866025403784439,1.,0.866025403784439,
1.,0.866025403784439,1.,0.866025403784439,1.,0.866025403784439,1.,0.866025403784439,
1.,0.866025403784439,1.,0.866025403784439,1.,0.866025403784439,1.,0.866025403784439,
1.,0.866025403784439,1.,0.866025403784439,1.,0.866025403784439,1.,0.866025403784439,
1.,0.866025403784439,1.,0.866025403784439,1.,0.866025403784439,1.,0.866025403784439,
1.,0.866025403784439,1.,0.866025403784439,1.,0.866025403784439,1.,0.866025403784439,
1.,0.866025403784439,1.,0.866025403784439,1.,0.866025403784439,1.,0.866025403784439,
1.,0.866025403784439,1.,0.866025403784439,1.,0.866025403784439,1.,0.866025403784439,
1.,0.866025403784439,1.,0.866025403784439,1.,0.866025403784439,1.,0.866025403784439,
1.,0.866025403784439,1.,0.866025403784439,1.,0.866025403784439,1.,0.866025403784439,
1.,0.866025403784439,1.,0.866025403784439,1.,0.866025403784439,1.,0.866025403784439,
1.,0.866025403784439,1.,0.866025403784439,1.,0.866025403784439,1.,0.866025403784439,
1.,0.866025403784439,1.,0.866025403784439,1.,0.866025403784439,1.,0.866025403784439,
1.,0.866025403784439,1.,0.866025403784439,1.,0.866025403784439,1.,0.866025403784439,
1.,0.866025403784439,1.,0.866025403784439,1.,0.866025403784439,1.,0.866025403784439,
1.,0.866025403784439,1.,0.866025403784439,1.,0.866025403784439,1.)))
REPRESENTATION_ITEM('')
SURFACE()
);
#49=B_SPLINE_CURVE_WITH_KNOTS('',3,(#6314,#6315,#6316,#6317,#6318,#6319,
#6320,#6321,#6322,#6323,#6324,#6325,#6326,#6327),.UNSPECIFIED.,.F.,.F.,
(4,2,2,2,2,2,4),(-0.469490335716521,-0.363263404957971,-0.273077905740687,
-0.179274742062134,-0.108611237428648,-0.0557896257473215,-1.00000017527746E-6),
 .UNSPECIFIED.);
#50=B_SPLINE_CURVE_WITH_KNOTS('',3,(#6331,#6332,#6333,#6334,#6335,#6336),
 .UNSPECIFIED.,.F.,.F.,(4,2,4),(-0.088901458130187,-0.0443977764834406,
-1.0000001086502E-6),.UNSPECIFIED.);
#51=B_SPLINE_CURVE_WITH_KNOTS('',3,(#6341,#6342,#6343,#6344,#6345,#6346,
#6347,#6348,#6349,#6350,#6351,#6352),.UNSPECIFIED.,.F.,.F.,(4,2,2,2,2,4),
(-0.104779825022236,-0.0904025575485218,-0.0736730918755596,-0.0479146405186381,
-0.022973997785402,0.),.UNSPECIFIED.);
#52=B_SPLINE_CURVE_WITH_KNOTS('',3,(#6353,#6354,#6355,#6356,#6357,#6358,
#6359,#6360,#6361,#6362,#6363,#6364),.UNSPECIFIED.,.F.,.F.,(4,2,2,2,2,4),
(-0.173805416644249,-0.151612139408129,-0.129522807484893,-0.092482277589204,
-0.0488691158504876,-1.00000017383417E-6),.UNSPECIFIED.);
#53=B_SPLINE_CURVE_WITH_KNOTS('',3,(#6439,#6440,#6441,#6442,#6443,#6444,
#6445,#6446,#6447,#6448,#6449,#6450,#6451,#6452,#6453,#6454,#6455,#6456,
#6457,#6458,#6459,#6460,#6461,#6462),.UNSPECIFIED.,.F.,.F.,(4,2,2,2,2,2,
2,2,2,2,2,4),(-0.652319657497298,-0.622870954874726,-0.591384928349861,
-0.555435298722991,-0.517230799742135,-0.476192949886254,-0.423283763612777,
-0.372245239613877,-0.327433334150962,-0.290615150276674,-0.251053558781403,
-0.238922419433746),.UNSPECIFIED.);
#54=B_SPLINE_CURVE_WITH_KNOTS('',3,(#6466,#6467,#6468,#6469,#6470,#6471,
#6472,#6473,#6474,#6475,#6476,#6477,#6478,#6479,#6480,#6481),
 .UNSPECIFIED.,.F.,.F.,(4,2,2,2,2,2,2,4),(-0.238922419433746,-0.218961404727995,
-0.192955508363594,-0.165653601176803,-0.133480708167061,-0.0866521832055739,
-0.0423012806699311,0.),.UNSPECIFIED.);
#55=B_SPLINE_CURVE_WITH_KNOTS('',3,(#6484,#6485,#6486,#6487,#6488,#6489,
#6490,#6491,#6492,#6493,#6494,#6495,#6496,#6497),.UNSPECIFIED.,.F.,.F.,
(4,2,2,2,2,2,4),(-0.182294838635665,-0.161887711843551,-0.139429350918104,
-0.107060856013292,-0.0641748198118379,-0.0317953583839366,-1.00000008693146E-6),
 .UNSPECIFIED.);
#56=CONICAL_SURFACE('',#3201,3.,0.785398163397448);
#57=CONICAL_SURFACE('',#3208,1.15470053837925,0.78539816339745);
#58=CONICAL_SURFACE('',#3209,1.15470053837925,0.78539816339745);
#59=CONICAL_SURFACE('',#3210,1.15470053837925,0.78539816339745);
#60=CONICAL_SURFACE('',#3211,1.15470053837925,0.78539816339745);
#61=CONICAL_SURFACE('',#3212,1.15470053837925,0.78539816339745);
#62=CONICAL_SURFACE('',#3213,1.15470053837925,0.78539816339745);
#63=CONICAL_SURFACE('',#3222,1.50000000000001,0.785398163397452);
#64=FACE_BOUND('',#374,.T.);
#65=FACE_BOUND('',#402,.T.);
#66=FACE_BOUND('',#403,.T.);
#67=FACE_BOUND('',#404,.T.);
#68=FACE_BOUND('',#405,.T.);
#69=FACE_BOUND('',#406,.T.);
#70=FACE_BOUND('',#408,.T.);
#71=FACE_BOUND('',#409,.T.);
#72=FACE_BOUND('',#410,.T.);
#73=FACE_BOUND('',#411,.T.);
#74=FACE_BOUND('',#412,.T.);
#75=FACE_BOUND('',#435,.T.);
#76=FACE_BOUND('',#436,.T.);
#77=FACE_BOUND('',#437,.T.);
#78=FACE_BOUND('',#438,.T.);
#79=FACE_BOUND('',#439,.T.);
#80=FACE_BOUND('',#441,.T.);
#81=FACE_BOUND('',#442,.T.);
#82=FACE_BOUND('',#443,.T.);
#83=FACE_BOUND('',#444,.T.);
#84=FACE_BOUND('',#445,.T.);
#85=FACE_BOUND('',#468,.T.);
#86=FACE_BOUND('',#469,.T.);
#87=FACE_BOUND('',#470,.T.);
#88=FACE_BOUND('',#471,.T.);
#89=FACE_BOUND('',#472,.T.);
#90=FACE_BOUND('',#474,.T.);
#91=FACE_BOUND('',#475,.T.);
#92=FACE_BOUND('',#476,.T.);
#93=FACE_BOUND('',#477,.T.);
#94=FACE_BOUND('',#478,.T.);
#95=PLANE('',#3193);
#96=PLANE('',#3207);
#97=PLANE('',#3214);
#98=PLANE('',#3215);
#99=PLANE('',#3216);
#100=PLANE('',#3217);
#101=PLANE('',#3218);
#102=PLANE('',#3219);
#103=PLANE('',#3220);
#104=PLANE('',#3225);
#105=PLANE('',#3239);
#106=PLANE('',#3249);
#107=PLANE('',#3260);
#108=PLANE('',#3261);
#109=PLANE('',#3263);
#110=PLANE('',#3264);
#111=PLANE('',#3266);
#112=PLANE('',#3267);
#113=PLANE('',#3269);
#114=PLANE('',#3270);
#115=PLANE('',#3290);
#116=PLANE('',#3300);
#117=PLANE('',#3311);
#118=PLANE('',#3312);
#119=PLANE('',#3314);
#120=PLANE('',#3315);
#121=PLANE('',#3317);
#122=PLANE('',#3318);
#123=PLANE('',#3320);
#124=PLANE('',#3321);
#125=PLANE('',#3341);
#126=PLANE('',#3351);
#127=PLANE('',#3362);
#128=PLANE('',#3363);
#129=PLANE('',#3365);
#130=PLANE('',#3366);
#131=PLANE('',#3368);
#132=PLANE('',#3369);
#133=PLANE('',#3371);
#134=PLANE('',#3372);
#135=FACE_OUTER_BOUND('',#300,.T.);
#136=FACE_OUTER_BOUND('',#301,.T.);
#137=FACE_OUTER_BOUND('',#302,.T.);
#138=FACE_OUTER_BOUND('',#303,.T.);
#139=FACE_OUTER_BOUND('',#304,.T.);
#140=FACE_OUTER_BOUND('',#305,.T.);
#141=FACE_OUTER_BOUND('',#306,.T.);
#142=FACE_OUTER_BOUND('',#307,.T.);
#143=FACE_OUTER_BOUND('',#308,.T.);
#144=FACE_OUTER_BOUND('',#309,.T.);
#145=FACE_OUTER_BOUND('',#310,.T.);
#146=FACE_OUTER_BOUND('',#311,.T.);
#147=FACE_OUTER_BOUND('',#312,.T.);
#148=FACE_OUTER_BOUND('',#313,.T.);
#149=FACE_OUTER_BOUND('',#314,.T.);
#150=FACE_OUTER_BOUND('',#315,.T.);
#151=FACE_OUTER_BOUND('',#316,.T.);
#152=FACE_OUTER_BOUND('',#317,.T.);
#153=FACE_OUTER_BOUND('',#318,.T.);
#154=FACE_OUTER_BOUND('',#319,.T.);
#155=FACE_OUTER_BOUND('',#320,.T.);
#156=FACE_OUTER_BOUND('',#321,.T.);
#157=FACE_OUTER_BOUND('',#322,.T.);
#158=FACE_OUTER_BOUND('',#323,.T.);
#159=FACE_OUTER_BOUND('',#324,.T.);
#160=FACE_OUTER_BOUND('',#325,.T.);
#161=FACE_OUTER_BOUND('',#326,.T.);
#162=FACE_OUTER_BOUND('',#327,.T.);
#163=FACE_OUTER_BOUND('',#328,.T.);
#164=FACE_OUTER_BOUND('',#329,.T.);
#165=FACE_OUTER_BOUND('',#330,.T.);
#166=FACE_OUTER_BOUND('',#331,.T.);
#167=FACE_OUTER_BOUND('',#332,.T.);
#168=FACE_OUTER_BOUND('',#333,.T.);
#169=FACE_OUTER_BOUND('',#334,.T.);
#170=FACE_OUTER_BOUND('',#335,.T.);
#171=FACE_OUTER_BOUND('',#336,.T.);
#172=FACE_OUTER_BOUND('',#337,.T.);
#173=FACE_OUTER_BOUND('',#338,.T.);
#174=FACE_OUTER_BOUND('',#339,.T.);
#175=FACE_OUTER_BOUND('',#340,.T.);
#176=FACE_OUTER_BOUND('',#341,.T.);
#177=FACE_OUTER_BOUND('',#342,.T.);
#178=FACE_OUTER_BOUND('',#343,.T.);
#179=FACE_OUTER_BOUND('',#344,.T.);
#180=FACE_OUTER_BOUND('',#345,.T.);
#181=FACE_OUTER_BOUND('',#346,.T.);
#182=FACE_OUTER_BOUND('',#347,.T.);
#183=FACE_OUTER_BOUND('',#348,.T.);
#184=FACE_OUTER_BOUND('',#349,.T.);
#185=FACE_OUTER_BOUND('',#350,.T.);
#186=FACE_OUTER_BOUND('',#351,.T.);
#187=FACE_OUTER_BOUND('',#352,.T.);
#188=FACE_OUTER_BOUND('',#353,.T.);
#189=FACE_OUTER_BOUND('',#354,.T.);
#190=FACE_OUTER_BOUND('',#355,.T.);
#191=FACE_OUTER_BOUND('',#356,.T.);
#192=FACE_OUTER_BOUND('',#357,.T.);
#193=FACE_OUTER_BOUND('',#358,.T.);
#194=FACE_OUTER_BOUND('',#359,.T.);
#195=FACE_OUTER_BOUND('',#360,.T.);
#196=FACE_OUTER_BOUND('',#361,.T.);
#197=FACE_OUTER_BOUND('',#362,.T.);
#198=FACE_OUTER_BOUND('',#363,.T.);
#199=FACE_OUTER_BOUND('',#364,.T.);
#200=FACE_OUTER_BOUND('',#365,.T.);
#201=FACE_OUTER_BOUND('',#366,.T.);
#202=FACE_OUTER_BOUND('',#367,.T.);
#203=FACE_OUTER_BOUND('',#368,.T.);
#204=FACE_OUTER_BOUND('',#369,.T.);
#205=FACE_OUTER_BOUND('',#370,.T.);
#206=FACE_OUTER_BOUND('',#371,.T.);
#207=FACE_OUTER_BOUND('',#372,.T.);
#208=FACE_OUTER_BOUND('',#373,.T.);
#209=FACE_OUTER_BOUND('',#375,.T.);
#210=FACE_OUTER_BOUND('',#376,.T.);
#211=FACE_OUTER_BOUND('',#377,.T.);
#212=FACE_OUTER_BOUND('',#378,.T.);
#213=FACE_OUTER_BOUND('',#379,.T.);
#214=FACE_OUTER_BOUND('',#380,.T.);
#215=FACE_OUTER_BOUND('',#381,.T.);
#216=FACE_OUTER_BOUND('',#382,.T.);
#217=FACE_OUTER_BOUND('',#383,.T.);
#218=FACE_OUTER_BOUND('',#384,.T.);
#219=FACE_OUTER_BOUND('',#385,.T.);
#220=FACE_OUTER_BOUND('',#386,.T.);
#221=FACE_OUTER_BOUND('',#387,.T.);
#222=FACE_OUTER_BOUND('',#388,.T.);
#223=FACE_OUTER_BOUND('',#389,.T.);
#224=FACE_OUTER_BOUND('',#390,.T.);
#225=FACE_OUTER_BOUND('',#391,.T.);
#226=FACE_OUTER_BOUND('',#392,.T.);
#227=FACE_OUTER_BOUND('',#393,.T.);
#228=FACE_OUTER_BOUND('',#394,.T.);
#229=FACE_OUTER_BOUND('',#395,.T.);
#230=FACE_OUTER_BOUND('',#396,.T.);
#231=FACE_OUTER_BOUND('',#397,.T.);
#232=FACE_OUTER_BOUND('',#398,.T.);
#233=FACE_OUTER_BOUND('',#399,.T.);
#234=FACE_OUTER_BOUND('',#400,.T.);
#235=FACE_OUTER_BOUND('',#401,.T.);
#236=FACE_OUTER_BOUND('',#407,.T.);
#237=FACE_OUTER_BOUND('',#413,.T.);
#238=FACE_OUTER_BOUND('',#414,.T.);
#239=FACE_OUTER_BOUND('',#415,.T.);
#240=FACE_OUTER_BOUND('',#416,.T.);
#241=FACE_OUTER_BOUND('',#417,.T.);
#242=FACE_OUTER_BOUND('',#418,.T.);
#243=FACE_OUTER_BOUND('',#419,.T.);
#244=FACE_OUTER_BOUND('',#420,.T.);
#245=FACE_OUTER_BOUND('',#421,.T.);
#246=FACE_OUTER_BOUND('',#422,.T.);
#247=FACE_OUTER_BOUND('',#423,.T.);
#248=FACE_OUTER_BOUND('',#424,.T.);
#249=FACE_OUTER_BOUND('',#425,.T.);
#250=FACE_OUTER_BOUND('',#426,.T.);
#251=FACE_OUTER_BOUND('',#427,.T.);
#252=FACE_OUTER_BOUND('',#428,.T.);
#253=FACE_OUTER_BOUND('',#429,.T.);
#254=FACE_OUTER_BOUND('',#430,.T.);
#255=FACE_OUTER_BOUND('',#431,.T.);
#256=FACE_OUTER_BOUND('',#432,.T.);
#257=FACE_OUTER_BOUND('',#433,.T.);
#258=FACE_OUTER_BOUND('',#434,.T.);
#259=FACE_OUTER_BOUND('',#440,.T.);
#260=FACE_OUTER_BOUND('',#446,.T.);
#261=FACE_OUTER_BOUND('',#447,.T.);
#262=FACE_OUTER_BOUND('',#448,.T.);
#263=FACE_OUTER_BOUND('',#449,.T.);
#264=FACE_OUTER_BOUND('',#450,.T.);
#265=FACE_OUTER_BOUND('',#451,.T.);
#266=FACE_OUTER_BOUND('',#452,.T.);
#267=FACE_OUTER_BOUND('',#453,.T.);
#268=FACE_OUTER_BOUND('',#454,.T.);
#269=FACE_OUTER_BOUND('',#455,.T.);
#270=FACE_OUTER_BOUND('',#456,.T.);
#271=FACE_OUTER_BOUND('',#457,.T.);
#272=FACE_OUTER_BOUND('',#458,.T.);
#273=FACE_OUTER_BOUND('',#459,.T.);
#274=FACE_OUTER_BOUND('',#460,.T.);
#275=FACE_OUTER_BOUND('',#461,.T.);
#276=FACE_OUTER_BOUND('',#462,.T.);
#277=FACE_OUTER_BOUND('',#463,.T.);
#278=FACE_OUTER_BOUND('',#464,.T.);
#279=FACE_OUTER_BOUND('',#465,.T.);
#280=FACE_OUTER_BOUND('',#466,.T.);
#281=FACE_OUTER_BOUND('',#467,.T.);
#282=FACE_OUTER_BOUND('',#473,.T.);
#283=FACE_OUTER_BOUND('',#479,.T.);
#284=FACE_OUTER_BOUND('',#480,.T.);
#285=FACE_OUTER_BOUND('',#481,.T.);
#286=FACE_OUTER_BOUND('',#482,.T.);
#287=FACE_OUTER_BOUND('',#483,.T.);
#288=FACE_OUTER_BOUND('',#484,.T.);
#289=FACE_OUTER_BOUND('',#485,.T.);
#290=FACE_OUTER_BOUND('',#486,.T.);
#291=FACE_OUTER_BOUND('',#487,.T.);
#292=FACE_OUTER_BOUND('',#488,.T.);
#293=FACE_OUTER_BOUND('',#489,.T.);
#294=FACE_OUTER_BOUND('',#490,.T.);
#295=FACE_OUTER_BOUND('',#491,.T.);
#296=FACE_OUTER_BOUND('',#492,.T.);
#297=FACE_OUTER_BOUND('',#493,.T.);
#298=FACE_OUTER_BOUND('',#494,.T.);
#299=FACE_OUTER_BOUND('',#495,.T.);
#300=EDGE_LOOP('',(#1897,#1898,#1899,#1900));
#301=EDGE_LOOP('',(#1901,#1902,#1903,#1904));
#302=EDGE_LOOP('',(#1905,#1906,#1907,#1908));
#303=EDGE_LOOP('',(#1909,#1910,#1911,#1912));
#304=EDGE_LOOP('',(#1913,#1914,#1915,#1916));
#305=EDGE_LOOP('',(#1917,#1918,#1919,#1920));
#306=EDGE_LOOP('',(#1921,#1922,#1923,#1924));
#307=EDGE_LOOP('',(#1925,#1926,#1927,#1928));
#308=EDGE_LOOP('',(#1929,#1930,#1931,#1932));
#309=EDGE_LOOP('',(#1933,#1934,#1935,#1936));
#310=EDGE_LOOP('',(#1937,#1938,#1939,#1940));
#311=EDGE_LOOP('',(#1941,#1942,#1943,#1944));
#312=EDGE_LOOP('',(#1945,#1946,#1947,#1948));
#313=EDGE_LOOP('',(#1949,#1950,#1951,#1952));
#314=EDGE_LOOP('',(#1953,#1954,#1955,#1956));
#315=EDGE_LOOP('',(#1957,#1958,#1959,#1960));
#316=EDGE_LOOP('',(#1961,#1962,#1963,#1964));
#317=EDGE_LOOP('',(#1965,#1966,#1967,#1968));
#318=EDGE_LOOP('',(#1969,#1970,#1971,#1972));
#319=EDGE_LOOP('',(#1973,#1974,#1975,#1976));
#320=EDGE_LOOP('',(#1977,#1978,#1979,#1980));
#321=EDGE_LOOP('',(#1981,#1982,#1983,#1984));
#322=EDGE_LOOP('',(#1985,#1986,#1987,#1988));
#323=EDGE_LOOP('',(#1989,#1990,#1991,#1992));
#324=EDGE_LOOP('',(#1993,#1994,#1995,#1996));
#325=EDGE_LOOP('',(#1997,#1998,#1999,#2000));
#326=EDGE_LOOP('',(#2001,#2002,#2003,#2004));
#327=EDGE_LOOP('',(#2005,#2006,#2007,#2008));
#328=EDGE_LOOP('',(#2009,#2010,#2011,#2012));
#329=EDGE_LOOP('',(#2013,#2014,#2015,#2016));
#330=EDGE_LOOP('',(#2017,#2018,#2019,#2020));
#331=EDGE_LOOP('',(#2021,#2022,#2023,#2024));
#332=EDGE_LOOP('',(#2025,#2026,#2027,#2028));
#333=EDGE_LOOP('',(#2029,#2030,#2031,#2032));
#334=EDGE_LOOP('',(#2033,#2034,#2035,#2036));
#335=EDGE_LOOP('',(#2037,#2038,#2039,#2040));
#336=EDGE_LOOP('',(#2041,#2042,#2043,#2044,#2045));
#337=EDGE_LOOP('',(#2046,#2047,#2048,#2049));
#338=EDGE_LOOP('',(#2050,#2051,#2052,#2053));
#339=EDGE_LOOP('',(#2054,#2055,#2056,#2057));
#340=EDGE_LOOP('',(#2058,#2059,#2060,#2061));
#341=EDGE_LOOP('',(#2062,#2063,#2064,#2065));
#342=EDGE_LOOP('',(#2066,#2067,#2068,#2069));
#343=EDGE_LOOP('',(#2070,#2071,#2072,#2073));
#344=EDGE_LOOP('',(#2074,#2075,#2076,#2077));
#345=EDGE_LOOP('',(#2078,#2079,#2080,#2081));
#346=EDGE_LOOP('',(#2082,#2083,#2084,#2085));
#347=EDGE_LOOP('',(#2086,#2087,#2088,#2089));
#348=EDGE_LOOP('',(#2090,#2091,#2092,#2093));
#349=EDGE_LOOP('',(#2094,#2095,#2096,#2097));
#350=EDGE_LOOP('',(#2098,#2099,#2100,#2101));
#351=EDGE_LOOP('',(#2102,#2103,#2104,#2105));
#352=EDGE_LOOP('',(#2106,#2107,#2108,#2109));
#353=EDGE_LOOP('',(#2110,#2111,#2112,#2113));
#354=EDGE_LOOP('',(#2114,#2115,#2116,#2117));
#355=EDGE_LOOP('',(#2118,#2119,#2120,#2121));
#356=EDGE_LOOP('',(#2122,#2123,#2124,#2125));
#357=EDGE_LOOP('',(#2126,#2127,#2128,#2129));
#358=EDGE_LOOP('',(#2130,#2131,#2132,#2133));
#359=EDGE_LOOP('',(#2134,#2135,#2136,#2137));
#360=EDGE_LOOP('',(#2138,#2139,#2140,#2141));
#361=EDGE_LOOP('',(#2142,#2143,#2144,#2145));
#362=EDGE_LOOP('',(#2146,#2147,#2148,#2149));
#363=EDGE_LOOP('',(#2150,#2151,#2152,#2153));
#364=EDGE_LOOP('',(#2154,#2155,#2156,#2157));
#365=EDGE_LOOP('',(#2158,#2159,#2160,#2161));
#366=EDGE_LOOP('',(#2162,#2163,#2164,#2165));
#367=EDGE_LOOP('',(#2166,#2167,#2168,#2169));
#368=EDGE_LOOP('',(#2170,#2171,#2172,#2173));
#369=EDGE_LOOP('',(#2174,#2175,#2176,#2177));
#370=EDGE_LOOP('',(#2178,#2179,#2180,#2181));
#371=EDGE_LOOP('',(#2182,#2183,#2184,#2185));
#372=EDGE_LOOP('',(#2186,#2187,#2188,#2189));
#373=EDGE_LOOP('',(#2190));
#374=EDGE_LOOP('',(#2191,#2192,#2193,#2194,#2195,#2196));
#375=EDGE_LOOP('',(#2197,#2198,#2199,#2200,#2201,#2202,#2203,#2204));
#376=EDGE_LOOP('',(#2205,#2206,#2207,#2208));
#377=EDGE_LOOP('',(#2209,#2210,#2211,#2212,#2213));
#378=EDGE_LOOP('',(#2214,#2215));
#379=EDGE_LOOP('',(#2216,#2217));
#380=EDGE_LOOP('',(#2218,#2219));
#381=EDGE_LOOP('',(#2220,#2221));
#382=EDGE_LOOP('',(#2222,#2223));
#383=EDGE_LOOP('',(#2224,#2225));
#384=EDGE_LOOP('',(#2226,#2227,#2228,#2229,#2230,#2231));
#385=EDGE_LOOP('',(#2232,#2233,#2234,#2235));
#386=EDGE_LOOP('',(#2236,#2237,#2238,#2239));
#387=EDGE_LOOP('',(#2240,#2241,#2242,#2243));
#388=EDGE_LOOP('',(#2244,#2245,#2246,#2247));
#389=EDGE_LOOP('',(#2248,#2249,#2250,#2251));
#390=EDGE_LOOP('',(#2252,#2253,#2254,#2255));
#391=EDGE_LOOP('',(#2256,#2257,#2258,#2259));
#392=EDGE_LOOP('',(#2260,#2261,#2262,#2263,#2264,#2265,#2266,#2267,#2268));
#393=EDGE_LOOP('',(#2269));
#394=EDGE_LOOP('',(#2270,#2271,#2272,#2273,#2274,#2275,#2276,#2277,#2278,
#2279,#2280,#2281,#2282,#2283,#2284,#2285,#2286,#2287,#2288,#2289,#2290,
#2291,#2292,#2293,#2294,#2295,#2296,#2297,#2298,#2299,#2300,#2301,#2302,
#2303,#2304,#2305,#2306,#2307,#2308,#2309,#2310,#2311,#2312,#2313,#2314,
#2315,#2316,#2317,#2318,#2319,#2320,#2321,#2322,#2323,#2324,#2325,#2326,
#2327,#2328,#2329,#2330,#2331,#2332,#2333,#2334,#2335,#2336,#2337,#2338,
#2339,#2340,#2341,#2342,#2343,#2344,#2345,#2346,#2347));
#395=EDGE_LOOP('',(#2348,#2349,#2350));
#396=EDGE_LOOP('',(#2351,#2352,#2353,#2354,#2355,#2356,#2357,#2358,#2359,
#2360,#2361,#2362,#2363,#2364,#2365,#2366,#2367,#2368,#2369,#2370,#2371,
#2372,#2373,#2374,#2375,#2376,#2377,#2378,#2379,#2380,#2381,#2382,#2383,
#2384,#2385,#2386,#2387,#2388,#2389,#2390,#2391,#2392,#2393,#2394,#2395,
#2396,#2397,#2398,#2399,#2400,#2401,#2402,#2403,#2404,#2405,#2406,#2407,
#2408,#2409,#2410,#2411,#2412,#2413,#2414,#2415,#2416,#2417,#2418,#2419,
#2420,#2421,#2422,#2423,#2424,#2425,#2426,#2427,#2428));
#397=EDGE_LOOP('',(#2429,#2430,#2431,#2432));
#398=EDGE_LOOP('',(#2433,#2434,#2435,#2436));
#399=EDGE_LOOP('',(#2437,#2438,#2439,#2440));
#400=EDGE_LOOP('',(#2441,#2442,#2443,#2444));
#401=EDGE_LOOP('',(#2445,#2446,#2447,#2448,#2449,#2450,#2451,#2452,#2453,
#2454,#2455,#2456,#2457,#2458,#2459,#2460));
#402=EDGE_LOOP('',(#2461));
#403=EDGE_LOOP('',(#2462));
#404=EDGE_LOOP('',(#2463));
#405=EDGE_LOOP('',(#2464));
#406=EDGE_LOOP('',(#2465));
#407=EDGE_LOOP('',(#2466,#2467,#2468,#2469,#2470,#2471,#2472,#2473,#2474,
#2475,#2476,#2477,#2478,#2479,#2480,#2481));
#408=EDGE_LOOP('',(#2482));
#409=EDGE_LOOP('',(#2483));
#410=EDGE_LOOP('',(#2484));
#411=EDGE_LOOP('',(#2485));
#412=EDGE_LOOP('',(#2486));
#413=EDGE_LOOP('',(#2487,#2488,#2489,#2490));
#414=EDGE_LOOP('',(#2491,#2492,#2493,#2494));
#415=EDGE_LOOP('',(#2495,#2496,#2497,#2498));
#416=EDGE_LOOP('',(#2499,#2500,#2501,#2502));
#417=EDGE_LOOP('',(#2503,#2504,#2505,#2506));
#418=EDGE_LOOP('',(#2507,#2508,#2509,#2510));
#419=EDGE_LOOP('',(#2511,#2512,#2513,#2514));
#420=EDGE_LOOP('',(#2515,#2516,#2517,#2518));
#421=EDGE_LOOP('',(#2519,#2520,#2521,#2522));
#422=EDGE_LOOP('',(#2523,#2524,#2525,#2526));
#423=EDGE_LOOP('',(#2527,#2528,#2529,#2530));
#424=EDGE_LOOP('',(#2531,#2532,#2533,#2534));
#425=EDGE_LOOP('',(#2535,#2536,#2537,#2538));
#426=EDGE_LOOP('',(#2539,#2540,#2541,#2542));
#427=EDGE_LOOP('',(#2543,#2544,#2545,#2546));
#428=EDGE_LOOP('',(#2547,#2548,#2549,#2550));
#429=EDGE_LOOP('',(#2551,#2552,#2553,#2554));
#430=EDGE_LOOP('',(#2555,#2556,#2557,#2558));
#431=EDGE_LOOP('',(#2559,#2560,#2561,#2562));
#432=EDGE_LOOP('',(#2563,#2564,#2565,#2566));
#433=EDGE_LOOP('',(#2567,#2568,#2569,#2570));
#434=EDGE_LOOP('',(#2571,#2572,#2573,#2574,#2575,#2576,#2577,#2578,#2579,
#2580,#2581,#2582,#2583,#2584,#2585,#2586));
#435=EDGE_LOOP('',(#2587));
#436=EDGE_LOOP('',(#2588));
#437=EDGE_LOOP('',(#2589));
#438=EDGE_LOOP('',(#2590));
#439=EDGE_LOOP('',(#2591));
#440=EDGE_LOOP('',(#2592,#2593,#2594,#2595,#2596,#2597,#2598,#2599,#2600,
#2601,#2602,#2603,#2604,#2605,#2606,#2607));
#441=EDGE_LOOP('',(#2608));
#442=EDGE_LOOP('',(#2609));
#443=EDGE_LOOP('',(#2610));
#444=EDGE_LOOP('',(#2611));
#445=EDGE_LOOP('',(#2612));
#446=EDGE_LOOP('',(#2613,#2614,#2615,#2616));
#447=EDGE_LOOP('',(#2617,#2618,#2619,#2620));
#448=EDGE_LOOP('',(#2621,#2622,#2623,#2624));
#449=EDGE_LOOP('',(#2625,#2626,#2627,#2628));
#450=EDGE_LOOP('',(#2629,#2630,#2631,#2632));
#451=EDGE_LOOP('',(#2633,#2634,#2635,#2636));
#452=EDGE_LOOP('',(#2637,#2638,#2639,#2640));
#453=EDGE_LOOP('',(#2641,#2642,#2643,#2644));
#454=EDGE_LOOP('',(#2645,#2646,#2647,#2648));
#455=EDGE_LOOP('',(#2649,#2650,#2651,#2652));
#456=EDGE_LOOP('',(#2653,#2654,#2655,#2656));
#457=EDGE_LOOP('',(#2657,#2658,#2659,#2660));
#458=EDGE_LOOP('',(#2661,#2662,#2663,#2664));
#459=EDGE_LOOP('',(#2665,#2666,#2667,#2668));
#460=EDGE_LOOP('',(#2669,#2670,#2671,#2672));
#461=EDGE_LOOP('',(#2673,#2674,#2675,#2676));
#462=EDGE_LOOP('',(#2677,#2678,#2679,#2680));
#463=EDGE_LOOP('',(#2681,#2682,#2683,#2684));
#464=EDGE_LOOP('',(#2685,#2686,#2687,#2688));
#465=EDGE_LOOP('',(#2689,#2690,#2691,#2692));
#466=EDGE_LOOP('',(#2693,#2694,#2695,#2696));
#467=EDGE_LOOP('',(#2697,#2698,#2699,#2700,#2701,#2702,#2703,#2704,#2705,
#2706,#2707,#2708,#2709,#2710,#2711,#2712));
#468=EDGE_LOOP('',(#2713));
#469=EDGE_LOOP('',(#2714));
#470=EDGE_LOOP('',(#2715));
#471=EDGE_LOOP('',(#2716));
#472=EDGE_LOOP('',(#2717));
#473=EDGE_LOOP('',(#2718,#2719,#2720,#2721,#2722,#2723,#2724,#2725,#2726,
#2727,#2728,#2729,#2730,#2731,#2732,#2733));
#474=EDGE_LOOP('',(#2734));
#475=EDGE_LOOP('',(#2735));
#476=EDGE_LOOP('',(#2736));
#477=EDGE_LOOP('',(#2737));
#478=EDGE_LOOP('',(#2738));
#479=EDGE_LOOP('',(#2739,#2740,#2741,#2742));
#480=EDGE_LOOP('',(#2743,#2744,#2745,#2746));
#481=EDGE_LOOP('',(#2747,#2748,#2749,#2750));
#482=EDGE_LOOP('',(#2751,#2752,#2753,#2754));
#483=EDGE_LOOP('',(#2755,#2756,#2757,#2758));
#484=EDGE_LOOP('',(#2759,#2760,#2761,#2762));
#485=EDGE_LOOP('',(#2763,#2764,#2765,#2766));
#486=EDGE_LOOP('',(#2767,#2768,#2769,#2770));
#487=EDGE_LOOP('',(#2771,#2772,#2773,#2774));
#488=EDGE_LOOP('',(#2775,#2776,#2777,#2778));
#489=EDGE_LOOP('',(#2779,#2780,#2781,#2782));
#490=EDGE_LOOP('',(#2783,#2784,#2785,#2786));
#491=EDGE_LOOP('',(#2787,#2788,#2789,#2790));
#492=EDGE_LOOP('',(#2791,#2792,#2793,#2794));
#493=EDGE_LOOP('',(#2795,#2796,#2797,#2798));
#494=EDGE_LOOP('',(#2799,#2800,#2801,#2802));
#495=EDGE_LOOP('',(#2803,#2804,#2805,#2806));
#496=CIRCLE('',#3118,1.17524047358083);
#497=CIRCLE('',#3155,1.17524047358083);
#498=CIRCLE('',#3157,1.50000000000001);
#499=CIRCLE('',#3194,3.);
#500=CIRCLE('',#3195,1.15470053837925);
#501=CIRCLE('',#3196,1.15470053837925);
#502=CIRCLE('',#3197,1.15470053837925);
#503=CIRCLE('',#3198,1.15470053837925);
#504=CIRCLE('',#3199,1.15470053837925);
#505=CIRCLE('',#3200,1.15470053837925);
#506=CIRCLE('',#3202,3.);
#507=CIRCLE('',#3203,1.385);
#508=CIRCLE('',#3204,1.50000000000001);
#509=CIRCLE('',#3205,1.385);
#510=CIRCLE('',#3223,1.125);
#511=CIRCLE('',#3224,1.17524047358083);
#512=CIRCLE('',#3228,1.7);
#513=CIRCLE('',#3229,1.7);
#514=CIRCLE('',#3231,1.7);
#515=CIRCLE('',#3232,1.7);
#516=CIRCLE('',#3234,1.7);
#517=CIRCLE('',#3235,1.7);
#518=CIRCLE('',#3237,1.7);
#519=CIRCLE('',#3238,1.7);
#520=CIRCLE('',#3240,6.375);
#521=CIRCLE('',#3241,4.);
#522=CIRCLE('',#3242,6.375);
#523=CIRCLE('',#3243,4.);
#524=CIRCLE('',#3244,6.375);
#525=CIRCLE('',#3245,4.);
#526=CIRCLE('',#3246,6.375);
#527=CIRCLE('',#3247,4.);
#528=CIRCLE('',#3248,1.5);
#529=CIRCLE('',#3250,6.375);
#530=CIRCLE('',#3251,4.);
#531=CIRCLE('',#3252,6.375);
#532=CIRCLE('',#3253,4.);
#533=CIRCLE('',#3254,6.375);
#534=CIRCLE('',#3255,4.);
#535=CIRCLE('',#3256,6.375);
#536=CIRCLE('',#3257,4.);
#537=CIRCLE('',#3258,1.5);
#538=CIRCLE('',#3279,1.7);
#539=CIRCLE('',#3280,1.7);
#540=CIRCLE('',#3282,1.7);
#541=CIRCLE('',#3283,1.7);
#542=CIRCLE('',#3285,1.7);
#543=CIRCLE('',#3286,1.7);
#544=CIRCLE('',#3288,1.7);
#545=CIRCLE('',#3289,1.7);
#546=CIRCLE('',#3291,6.375);
#547=CIRCLE('',#3292,4.);
#548=CIRCLE('',#3293,6.375);
#549=CIRCLE('',#3294,4.);
#550=CIRCLE('',#3295,6.375);
#551=CIRCLE('',#3296,4.);
#552=CIRCLE('',#3297,6.375);
#553=CIRCLE('',#3298,4.);
#554=CIRCLE('',#3299,1.5);
#555=CIRCLE('',#3301,6.375);
#556=CIRCLE('',#3302,4.);
#557=CIRCLE('',#3303,6.375);
#558=CIRCLE('',#3304,4.);
#559=CIRCLE('',#3305,6.375);
#560=CIRCLE('',#3306,4.);
#561=CIRCLE('',#3307,6.375);
#562=CIRCLE('',#3308,4.);
#563=CIRCLE('',#3309,1.5);
#564=CIRCLE('',#3330,1.7);
#565=CIRCLE('',#3331,1.7);
#566=CIRCLE('',#3333,1.7);
#567=CIRCLE('',#3334,1.7);
#568=CIRCLE('',#3336,1.7);
#569=CIRCLE('',#3337,1.7);
#570=CIRCLE('',#3339,1.7);
#571=CIRCLE('',#3340,1.7);
#572=CIRCLE('',#3342,6.375);
#573=CIRCLE('',#3343,4.);
#574=CIRCLE('',#3344,6.375);
#575=CIRCLE('',#3345,4.);
#576=CIRCLE('',#3346,6.375);
#577=CIRCLE('',#3347,4.);
#578=CIRCLE('',#3348,6.375);
#579=CIRCLE('',#3349,4.);
#580=CIRCLE('',#3350,1.5);
#581=CIRCLE('',#3352,6.375);
#582=CIRCLE('',#3353,4.);
#583=CIRCLE('',#3354,6.375);
#584=CIRCLE('',#3355,4.);
#585=CIRCLE('',#3356,6.375);
#586=CIRCLE('',#3357,4.);
#587=CIRCLE('',#3358,6.375);
#588=CIRCLE('',#3359,4.);
#589=CIRCLE('',#3360,1.5);
#590=(
BOUNDED_CURVE()
B_SPLINE_CURVE(2,(#4122,#4123,#4124,#4125,#4126,#4127,#4128,#4129,#4130),
 .UNSPECIFIED.,.F.,.F.)
B_SPLINE_CURVE_WITH_KNOTS((3,2,2,2,3),(0.9125,0.916666666666667,0.920833333333333,
0.925,0.927473065404044),.UNSPECIFIED.)
CURVE()
GEOMETRIC_REPRESENTATION_ITEM()
RATIONAL_B_SPLINE_CURVE((1.,0.866025403784439,1.,0.866025403784439,1.,0.866025403784439,
1.,0.920481294658857,0.935356969711406))
REPRESENTATION_ITEM('')
);
#591=(
BOUNDED_CURVE()
B_SPLINE_CURVE(2,(#4133,#4134,#4135,#4136,#4137,#4138,#4139),
 .UNSPECIFIED.,.F.,.F.)
B_SPLINE_CURVE_WITH_KNOTS((3,2,2,3),(0.9125,0.916666666666667,0.920833333333333,
0.924321746036247),.UNSPECIFIED.)
CURVE()
GEOMETRIC_REPRESENTATION_ITEM()
RATIONAL_B_SPLINE_CURVE((1.,0.866025403784439,1.,0.866025403784439,1.,0.887833916006526,
0.963482996287751))
REPRESENTATION_ITEM('')
);
#592=(
BOUNDED_CURVE()
B_SPLINE_CURVE(2,(#4144,#4145,#4146,#4147,#4148,#4149,#4150,#4151,#4152,
#4153,#4154,#4155,#4156),.UNSPECIFIED.,.F.,.F.)
B_SPLINE_CURVE_WITH_KNOTS((3,2,2,2,2,2,3),(0.8875,0.891666666666667,0.895833333333333,
0.9,0.904166666666667,0.908333333333333,0.9125),.UNSPECIFIED.)
CURVE()
GEOMETRIC_REPRESENTATION_ITEM()
RATIONAL_B_SPLINE_CURVE((1.,0.866025403784439,1.,0.866025403784439,1.,0.866025403784439,
1.,0.866025403784439,1.,0.866025403784439,1.,0.866025403784439,1.))
REPRESENTATION_ITEM('')
);
#593=(
BOUNDED_CURVE()
B_SPLINE_CURVE(2,(#4157,#4158,#4159,#4160,#4161,#4162,#4163,#4164,#4165,
#4166,#4167,#4168,#4169),.UNSPECIFIED.,.F.,.F.)
B_SPLINE_CURVE_WITH_KNOTS((3,2,2,2,2,2,3),(0.8875,0.891666666666667,0.895833333333333,
0.9,0.904166666666667,0.908333333333333,0.9125),.UNSPECIFIED.)
CURVE()
GEOMETRIC_REPRESENTATION_ITEM()
RATIONAL_B_SPLINE_CURVE((1.,0.866025403784439,1.,0.866025403784439,1.,0.866025403784439,
1.,0.866025403784439,1.,0.866025403784439,1.,0.866025403784439,1.))
REPRESENTATION_ITEM('')
);
#594=(
BOUNDED_CURVE()
B_SPLINE_CURVE(2,(#4174,#4175,#4176,#4177,#4178,#4179,#4180,#4181,#4182,
#4183,#4184,#4185,#4186),.UNSPECIFIED.,.F.,.F.)
B_SPLINE_CURVE_WITH_KNOTS((3,2,2,2,2,2,3),(0.8625,0.866666666666667,0.870833333333333,
0.875,0.879166666666667,0.883333333333333,0.8875),.UNSPECIFIED.)
CURVE()
GEOMETRIC_REPRESENTATION_ITEM()
RATIONAL_B_SPLINE_CURVE((1.,0.866025403784439,1.,0.866025403784439,1.,0.866025403784439,
1.,0.866025403784439,1.,0.866025403784439,1.,0.866025403784439,1.))
REPRESENTATION_ITEM('')
);
#595=(
BOUNDED_CURVE()
B_SPLINE_CURVE(2,(#4187,#4188,#4189,#4190,#4191,#4192,#4193,#4194,#4195,
#4196,#4197,#4198,#4199),.UNSPECIFIED.,.F.,.F.)
B_SPLINE_CURVE_WITH_KNOTS((3,2,2,2,2,2,3),(0.8625,0.866666666666667,0.870833333333333,
0.875,0.879166666666667,0.883333333333333,0.8875),.UNSPECIFIED.)
CURVE()
GEOMETRIC_REPRESENTATION_ITEM()
RATIONAL_B_SPLINE_CURVE((1.,0.866025403784439,1.,0.866025403784439,1.,0.866025403784439,
1.,0.866025403784439,1.,0.866025403784439,1.,0.866025403784439,1.))
REPRESENTATION_ITEM('')
);
#596=(
BOUNDED_CURVE()
B_SPLINE_CURVE(2,(#4204,#4205,#4206,#4207,#4208,#4209,#4210,#4211,#4212,
#4213,#4214,#4215,#4216),.UNSPECIFIED.,.F.,.F.)
B_SPLINE_CURVE_WITH_KNOTS((3,2,2,2,2,2,3),(0.8375,0.841666666666667,0.845833333333333,
0.85,0.854166666666667,0.858333333333333,0.8625),.UNSPECIFIED.)
CURVE()
GEOMETRIC_REPRESENTATION_ITEM()
RATIONAL_B_SPLINE_CURVE((1.,0.866025403784439,1.,0.866025403784439,1.,0.866025403784439,
1.,0.866025403784439,1.,0.866025403784439,1.,0.866025403784439,1.))
REPRESENTATION_ITEM('')
);
#597=(
BOUNDED_CURVE()
B_SPLINE_CURVE(2,(#4217,#4218,#4219,#4220,#4221,#4222,#4223,#4224,#4225,
#4226,#4227,#4228,#4229),.UNSPECIFIED.,.F.,.F.)
B_SPLINE_CURVE_WITH_KNOTS((3,2,2,2,2,2,3),(0.8375,0.841666666666667,0.845833333333333,
0.85,0.854166666666667,0.858333333333333,0.8625),.UNSPECIFIED.)
CURVE()
GEOMETRIC_REPRESENTATION_ITEM()
RATIONAL_B_SPLINE_CURVE((1.,0.866025403784439,1.,0.866025403784439,1.,0.866025403784439,
1.,0.866025403784439,1.,0.866025403784439,1.,0.866025403784439,1.))
REPRESENTATION_ITEM('')
);
#598=(
BOUNDED_CURVE()
B_SPLINE_CURVE(2,(#4234,#4235,#4236,#4237,#4238,#4239,#4240,#4241,#4242,
#4243,#4244,#4245,#4246),.UNSPECIFIED.,.F.,.F.)
B_SPLINE_CURVE_WITH_KNOTS((3,2,2,2,2,2,3),(0.8125,0.816666666666667,0.820833333333333,
0.825,0.829166666666667,0.833333333333333,0.8375),.UNSPECIFIED.)
CURVE()
GEOMETRIC_REPRESENTATION_ITEM()
RATIONAL_B_SPLINE_CURVE((1.,0.866025403784439,1.,0.866025403784439,1.,0.866025403784439,
1.,0.866025403784439,1.,0.866025403784439,1.,0.866025403784439,1.))
REPRESENTATION_ITEM('')
);
#599=(
BOUNDED_CURVE()
B_SPLINE_CURVE(2,(#4247,#4248,#4249,#4250,#4251,#4252,#4253,#4254,#4255,
#4256,#4257,#4258,#4259),.UNSPECIFIED.,.F.,.F.)
B_SPLINE_CURVE_WITH_KNOTS((3,2,2,2,2,2,3),(0.8125,0.816666666666667,0.820833333333333,
0.825,0.829166666666667,0.833333333333333,0.8375),.UNSPECIFIED.)
CURVE()
GEOMETRIC_REPRESENTATION_ITEM()
RATIONAL_B_SPLINE_CURVE((1.,0.866025403784439,1.,0.866025403784439,1.,0.866025403784439,
1.,0.866025403784439,1.,0.866025403784439,1.,0.866025403784439,1.))
REPRESENTATION_ITEM('')
);
#600=(
BOUNDED_CURVE()
B_SPLINE_CURVE(2,(#4264,#4265,#4266,#4267,#4268,#4269,#4270,#4271,#4272,
#4273,#4274,#4275,#4276),.UNSPECIFIED.,.F.,.F.)
B_SPLINE_CURVE_WITH_KNOTS((3,2,2,2,2,2,3),(0.7875,0.791666666666667,0.795833333333333,
0.8,0.804166666666667,0.808333333333333,0.8125),.UNSPECIFIED.)
CURVE()
GEOMETRIC_REPRESENTATION_ITEM()
RATIONAL_B_SPLINE_CURVE((1.,0.866025403784439,1.,0.866025403784439,1.,0.866025403784439,
1.,0.866025403784439,1.,0.866025403784439,1.,0.866025403784439,1.))
REPRESENTATION_ITEM('')
);
#601=(
BOUNDED_CURVE()
B_SPLINE_CURVE(2,(#4277,#4278,#4279,#4280,#4281,#4282,#4283,#4284,#4285,
#4286,#4287,#4288,#4289),.UNSPECIFIED.,.F.,.F.)
B_SPLINE_CURVE_WITH_KNOTS((3,2,2,2,2,2,3),(0.7875,0.791666666666667,0.795833333333333,
0.8,0.804166666666667,0.808333333333333,0.8125),.UNSPECIFIED.)
CURVE()
GEOMETRIC_REPRESENTATION_ITEM()
RATIONAL_B_SPLINE_CURVE((1.,0.866025403784439,1.,0.866025403784439,1.,0.866025403784439,
1.,0.866025403784439,1.,0.866025403784439,1.,0.866025403784439,1.))
REPRESENTATION_ITEM('')
);
#602=(
BOUNDED_CURVE()
B_SPLINE_CURVE(2,(#4294,#4295,#4296,#4297,#4298,#4299,#4300,#4301,#4302,
#4303,#4304,#4305,#4306),.UNSPECIFIED.,.F.,.F.)
B_SPLINE_CURVE_WITH_KNOTS((3,2,2,2,2,2,3),(0.7625,0.766666666666667,0.770833333333333,
0.775,0.779166666666667,0.783333333333333,0.7875),.UNSPECIFIED.)
CURVE()
GEOMETRIC_REPRESENTATION_ITEM()
RATIONAL_B_SPLINE_CURVE((1.,0.866025403784439,1.,0.866025403784439,1.,0.866025403784439,
1.,0.866025403784439,1.,0.866025403784439,1.,0.866025403784439,1.))
REPRESENTATION_ITEM('')
);
#603=(
BOUNDED_CURVE()
B_SPLINE_CURVE(2,(#4307,#4308,#4309,#4310,#4311,#4312,#4313,#4314,#4315,
#4316,#4317,#4318,#4319),.UNSPECIFIED.,.F.,.F.)
B_SPLINE_CURVE_WITH_KNOTS((3,2,2,2,2,2,3),(0.7625,0.766666666666667,0.770833333333333,
0.775,0.779166666666667,0.783333333333333,0.7875),.UNSPECIFIED.)
CURVE()
GEOMETRIC_REPRESENTATION_ITEM()
RATIONAL_B_SPLINE_CURVE((1.,0.866025403784439,1.,0.866025403784439,1.,0.866025403784439,
1.,0.866025403784439,1.,0.866025403784439,1.,0.866025403784439,1.))
REPRESENTATION_ITEM('')
);
#604=(
BOUNDED_CURVE()
B_SPLINE_CURVE(2,(#4324,#4325,#4326,#4327,#4328,#4329,#4330,#4331,#4332,
#4333,#4334,#4335,#4336),.UNSPECIFIED.,.F.,.F.)
B_SPLINE_CURVE_WITH_KNOTS((3,2,2,2,2,2,3),(0.7375,0.741666666666667,0.745833333333333,
0.75,0.754166666666667,0.758333333333333,0.7625),.UNSPECIFIED.)
CURVE()
GEOMETRIC_REPRESENTATION_ITEM()
RATIONAL_B_SPLINE_CURVE((1.,0.866025403784439,1.,0.866025403784439,1.,0.866025403784439,
1.,0.866025403784439,1.,0.866025403784439,1.,0.866025403784439,1.))
REPRESENTATION_ITEM('')
);
#605=(
BOUNDED_CURVE()
B_SPLINE_CURVE(2,(#4337,#4338,#4339,#4340,#4341,#4342,#4343,#4344,#4345,
#4346,#4347,#4348,#4349),.UNSPECIFIED.,.F.,.F.)
B_SPLINE_CURVE_WITH_KNOTS((3,2,2,2,2,2,3),(0.7375,0.741666666666667,0.745833333333333,
0.75,0.754166666666667,0.758333333333333,0.7625),.UNSPECIFIED.)
CURVE()
GEOMETRIC_REPRESENTATION_ITEM()
RATIONAL_B_SPLINE_CURVE((1.,0.866025403784439,1.,0.866025403784439,1.,0.866025403784439,
1.,0.866025403784439,1.,0.866025403784439,1.,0.866025403784439,1.))
REPRESENTATION_ITEM('')
);
#606=(
BOUNDED_CURVE()
B_SPLINE_CURVE(2,(#4354,#4355,#4356,#4357,#4358,#4359,#4360,#4361,#4362,
#4363,#4364,#4365,#4366),.UNSPECIFIED.,.F.,.F.)
B_SPLINE_CURVE_WITH_KNOTS((3,2,2,2,2,2,3),(0.7125,0.716666666666667,0.720833333333333,
0.725,0.729166666666667,0.733333333333333,0.7375),.UNSPECIFIED.)
CURVE()
GEOMETRIC_REPRESENTATION_ITEM()
RATIONAL_B_SPLINE_CURVE((1.,0.866025403784439,1.,0.866025403784439,1.,0.866025403784439,
1.,0.866025403784439,1.,0.866025403784439,1.,0.866025403784439,1.))
REPRESENTATION_ITEM('')
);
#607=(
BOUNDED_CURVE()
B_SPLINE_CURVE(2,(#4367,#4368,#4369,#4370,#4371,#4372,#4373,#4374,#4375,
#4376,#4377,#4378,#4379),.UNSPECIFIED.,.F.,.F.)
B_SPLINE_CURVE_WITH_KNOTS((3,2,2,2,2,2,3),(0.7125,0.716666666666667,0.720833333333333,
0.725,0.729166666666667,0.733333333333333,0.7375),.UNSPECIFIED.)
CURVE()
GEOMETRIC_REPRESENTATION_ITEM()
RATIONAL_B_SPLINE_CURVE((1.,0.866025403784439,1.,0.866025403784439,1.,0.866025403784439,
1.,0.866025403784439,1.,0.866025403784439,1.,0.866025403784439,1.))
REPRESENTATION_ITEM('')
);
#608=(
BOUNDED_CURVE()
B_SPLINE_CURVE(2,(#4384,#4385,#4386,#4387,#4388,#4389,#4390,#4391,#4392,
#4393,#4394,#4395,#4396),.UNSPECIFIED.,.F.,.F.)
B_SPLINE_CURVE_WITH_KNOTS((3,2,2,2,2,2,3),(0.6875,0.691666666666667,0.695833333333333,
0.7,0.704166666666667,0.708333333333333,0.7125),.UNSPECIFIED.)
CURVE()
GEOMETRIC_REPRESENTATION_ITEM()
RATIONAL_B_SPLINE_CURVE((1.,0.866025403784439,1.,0.866025403784439,1.,0.866025403784439,
1.,0.866025403784439,1.,0.866025403784439,1.,0.866025403784439,1.))
REPRESENTATION_ITEM('')
);
#609=(
BOUNDED_CURVE()
B_SPLINE_CURVE(2,(#4397,#4398,#4399,#4400,#4401,#4402,#4403,#4404,#4405,
#4406,#4407,#4408,#4409),.UNSPECIFIED.,.F.,.F.)
B_SPLINE_CURVE_WITH_KNOTS((3,2,2,2,2,2,3),(0.6875,0.691666666666667,0.695833333333333,
0.7,0.704166666666667,0.708333333333333,0.7125),.UNSPECIFIED.)
CURVE()
GEOMETRIC_REPRESENTATION_ITEM()
RATIONAL_B_SPLINE_CURVE((1.,0.866025403784439,1.,0.866025403784439,1.,0.866025403784439,
1.,0.866025403784439,1.,0.866025403784439,1.,0.866025403784439,1.))
REPRESENTATION_ITEM('')
);
#610=(
BOUNDED_CURVE()
B_SPLINE_CURVE(2,(#4414,#4415,#4416,#4417,#4418,#4419,#4420,#4421,#4422,
#4423,#4424,#4425,#4426),.UNSPECIFIED.,.F.,.F.)
B_SPLINE_CURVE_WITH_KNOTS((3,2,2,2,2,2,3),(0.6625,0.666666666666667,0.670833333333333,
0.675,0.679166666666667,0.683333333333333,0.6875),.UNSPECIFIED.)
CURVE()
GEOMETRIC_REPRESENTATION_ITEM()
RATIONAL_B_SPLINE_CURVE((1.,0.866025403784439,1.,0.866025403784439,1.,0.866025403784439,
1.,0.866025403784439,1.,0.866025403784439,1.,0.866025403784439,1.))
REPRESENTATION_ITEM('')
);
#611=(
BOUNDED_CURVE()
B_SPLINE_CURVE(2,(#4427,#4428,#4429,#4430,#4431,#4432,#4433,#4434,#4435,
#4436,#4437,#4438,#4439),.UNSPECIFIED.,.F.,.F.)
B_SPLINE_CURVE_WITH_KNOTS((3,2,2,2,2,2,3),(0.6625,0.666666666666667,0.670833333333333,
0.675,0.679166666666667,0.683333333333333,0.6875),.UNSPECIFIED.)
CURVE()
GEOMETRIC_REPRESENTATION_ITEM()
RATIONAL_B_SPLINE_CURVE((1.,0.866025403784439,1.,0.866025403784439,1.,0.866025403784439,
1.,0.866025403784439,1.,0.866025403784439,1.,0.866025403784439,1.))
REPRESENTATION_ITEM('')
);
#612=(
BOUNDED_CURVE()
B_SPLINE_CURVE(2,(#4444,#4445,#4446,#4447,#4448,#4449,#4450,#4451,#4452,
#4453,#4454,#4455,#4456),.UNSPECIFIED.,.F.,.F.)
B_SPLINE_CURVE_WITH_KNOTS((3,2,2,2,2,2,3),(0.6375,0.641666666666667,0.645833333333333,
0.65,0.654166666666667,0.658333333333333,0.6625),.UNSPECIFIED.)
CURVE()
GEOMETRIC_REPRESENTATION_ITEM()
RATIONAL_B_SPLINE_CURVE((1.,0.866025403784439,1.,0.866025403784439,1.,0.866025403784439,
1.,0.866025403784439,1.,0.866025403784439,1.,0.866025403784439,1.))
REPRESENTATION_ITEM('')
);
#613=(
BOUNDED_CURVE()
B_SPLINE_CURVE(2,(#4457,#4458,#4459,#4460,#4461,#4462,#4463,#4464,#4465,
#4466,#4467,#4468,#4469),.UNSPECIFIED.,.F.,.F.)
B_SPLINE_CURVE_WITH_KNOTS((3,2,2,2,2,2,3),(0.6375,0.641666666666667,0.645833333333333,
0.65,0.654166666666667,0.658333333333333,0.6625),.UNSPECIFIED.)
CURVE()
GEOMETRIC_REPRESENTATION_ITEM()
RATIONAL_B_SPLINE_CURVE((1.,0.866025403784439,1.,0.866025403784439,1.,0.866025403784439,
1.,0.866025403784439,1.,0.866025403784439,1.,0.866025403784439,1.))
REPRESENTATION_ITEM('')
);
#614=(
BOUNDED_CURVE()
B_SPLINE_CURVE(2,(#4474,#4475,#4476,#4477,#4478,#4479,#4480,#4481,#4482,
#4483,#4484,#4485,#4486),.UNSPECIFIED.,.F.,.F.)
B_SPLINE_CURVE_WITH_KNOTS((3,2,2,2,2,2,3),(0.6125,0.616666666666667,0.620833333333333,
0.625,0.629166666666667,0.633333333333333,0.6375),.UNSPECIFIED.)
CURVE()
GEOMETRIC_REPRESENTATION_ITEM()
RATIONAL_B_SPLINE_CURVE((1.,0.866025403784439,1.,0.866025403784439,1.,0.866025403784439,
1.,0.866025403784439,1.,0.866025403784439,1.,0.866025403784439,1.))
REPRESENTATION_ITEM('')
);
#615=(
BOUNDED_CURVE()
B_SPLINE_CURVE(2,(#4487,#4488,#4489,#4490,#4491,#4492,#4493,#4494,#4495,
#4496,#4497,#4498,#4499),.UNSPECIFIED.,.F.,.F.)
B_SPLINE_CURVE_WITH_KNOTS((3,2,2,2,2,2,3),(0.6125,0.616666666666667,0.620833333333333,
0.625,0.629166666666667,0.633333333333333,0.6375),.UNSPECIFIED.)
CURVE()
GEOMETRIC_REPRESENTATION_ITEM()
RATIONAL_B_SPLINE_CURVE((1.,0.866025403784439,1.,0.866025403784439,1.,0.866025403784439,
1.,0.866025403784439,1.,0.866025403784439,1.,0.866025403784439,1.))
REPRESENTATION_ITEM('')
);
#616=(
BOUNDED_CURVE()
B_SPLINE_CURVE(2,(#4504,#4505,#4506,#4507,#4508,#4509,#4510,#4511,#4512,
#4513,#4514,#4515,#4516),.UNSPECIFIED.,.F.,.F.)
B_SPLINE_CURVE_WITH_KNOTS((3,2,2,2,2,2,3),(0.5875,0.591666666666667,0.595833333333333,
0.6,0.604166666666667,0.608333333333333,0.6125),.UNSPECIFIED.)
CURVE()
GEOMETRIC_REPRESENTATION_ITEM()
RATIONAL_B_SPLINE_CURVE((1.,0.866025403784439,1.,0.866025403784439,1.,0.866025403784439,
1.,0.866025403784439,1.,0.866025403784439,1.,0.866025403784439,1.))
REPRESENTATION_ITEM('')
);
#617=(
BOUNDED_CURVE()
B_SPLINE_CURVE(2,(#4517,#4518,#4519,#4520,#4521,#4522,#4523,#4524,#4525,
#4526,#4527,#4528,#4529),.UNSPECIFIED.,.F.,.F.)
B_SPLINE_CURVE_WITH_KNOTS((3,2,2,2,2,2,3),(0.5875,0.591666666666667,0.595833333333333,
0.6,0.604166666666667,0.608333333333333,0.6125),.UNSPECIFIED.)
CURVE()
GEOMETRIC_REPRESENTATION_ITEM()
RATIONAL_B_SPLINE_CURVE((1.,0.866025403784439,1.,0.866025403784439,1.,0.866025403784439,
1.,0.866025403784439,1.,0.866025403784439,1.,0.866025403784439,1.))
REPRESENTATION_ITEM('')
);
#618=(
BOUNDED_CURVE()
B_SPLINE_CURVE(2,(#4534,#4535,#4536,#4537,#4538,#4539,#4540,#4541,#4542,
#4543,#4544,#4545,#4546),.UNSPECIFIED.,.F.,.F.)
B_SPLINE_CURVE_WITH_KNOTS((3,2,2,2,2,2,3),(0.5625,0.566666666666667,0.570833333333333,
0.575,0.579166666666667,0.583333333333333,0.5875),.UNSPECIFIED.)
CURVE()
GEOMETRIC_REPRESENTATION_ITEM()
RATIONAL_B_SPLINE_CURVE((1.,0.866025403784439,1.,0.866025403784439,1.,0.866025403784439,
1.,0.866025403784439,1.,0.866025403784439,1.,0.866025403784439,1.))
REPRESENTATION_ITEM('')
);
#619=(
BOUNDED_CURVE()
B_SPLINE_CURVE(2,(#4547,#4548,#4549,#4550,#4551,#4552,#4553,#4554,#4555,
#4556,#4557,#4558,#4559),.UNSPECIFIED.,.F.,.F.)
B_SPLINE_CURVE_WITH_KNOTS((3,2,2,2,2,2,3),(0.5625,0.566666666666667,0.570833333333333,
0.575,0.579166666666667,0.583333333333333,0.5875),.UNSPECIFIED.)
CURVE()
GEOMETRIC_REPRESENTATION_ITEM()
RATIONAL_B_SPLINE_CURVE((1.,0.866025403784439,1.,0.866025403784439,1.,0.866025403784439,
1.,0.866025403784439,1.,0.866025403784439,1.,0.866025403784439,1.))
REPRESENTATION_ITEM('')
);
#620=(
BOUNDED_CURVE()
B_SPLINE_CURVE(2,(#4564,#4565,#4566,#4567,#4568,#4569,#4570,#4571,#4572,
#4573,#4574,#4575,#4576),.UNSPECIFIED.,.F.,.F.)
B_SPLINE_CURVE_WITH_KNOTS((3,2,2,2,2,2,3),(0.5375,0.541666666666667,0.545833333333333,
0.55,0.554166666666667,0.558333333333333,0.5625),.UNSPECIFIED.)
CURVE()
GEOMETRIC_REPRESENTATION_ITEM()
RATIONAL_B_SPLINE_CURVE((1.,0.866025403784439,1.,0.866025403784439,1.,0.866025403784439,
1.,0.866025403784439,1.,0.866025403784439,1.,0.866025403784439,1.))
REPRESENTATION_ITEM('')
);
#621=(
BOUNDED_CURVE()
B_SPLINE_CURVE(2,(#4577,#4578,#4579,#4580,#4581,#4582,#4583,#4584,#4585,
#4586,#4587,#4588,#4589),.UNSPECIFIED.,.F.,.F.)
B_SPLINE_CURVE_WITH_KNOTS((3,2,2,2,2,2,3),(0.5375,0.541666666666667,0.545833333333333,
0.55,0.554166666666667,0.558333333333333,0.5625),.UNSPECIFIED.)
CURVE()
GEOMETRIC_REPRESENTATION_ITEM()
RATIONAL_B_SPLINE_CURVE((1.,0.866025403784439,1.,0.866025403784439,1.,0.866025403784439,
1.,0.866025403784439,1.,0.866025403784439,1.,0.866025403784439,1.))
REPRESENTATION_ITEM('')
);
#622=(
BOUNDED_CURVE()
B_SPLINE_CURVE(2,(#4594,#4595,#4596,#4597,#4598,#4599,#4600,#4601,#4602,
#4603,#4604,#4605,#4606),.UNSPECIFIED.,.F.,.F.)
B_SPLINE_CURVE_WITH_KNOTS((3,2,2,2,2,2,3),(0.5125,0.516666666666667,0.520833333333333,
0.525,0.529166666666667,0.533333333333333,0.5375),.UNSPECIFIED.)
CURVE()
GEOMETRIC_REPRESENTATION_ITEM()
RATIONAL_B_SPLINE_CURVE((1.,0.866025403784439,1.,0.866025403784439,1.,0.866025403784439,
1.,0.866025403784439,1.,0.866025403784439,1.,0.866025403784439,1.))
REPRESENTATION_ITEM('')
);
#623=(
BOUNDED_CURVE()
B_SPLINE_CURVE(2,(#4607,#4608,#4609,#4610,#4611,#4612,#4613,#4614,#4615,
#4616,#4617,#4618,#4619),.UNSPECIFIED.,.F.,.F.)
B_SPLINE_CURVE_WITH_KNOTS((3,2,2,2,2,2,3),(0.5125,0.516666666666667,0.520833333333333,
0.525,0.529166666666667,0.533333333333333,0.5375),.UNSPECIFIED.)
CURVE()
GEOMETRIC_REPRESENTATION_ITEM()
RATIONAL_B_SPLINE_CURVE((1.,0.866025403784439,1.,0.866025403784439,1.,0.866025403784439,
1.,0.866025403784439,1.,0.866025403784439,1.,0.866025403784439,1.))
REPRESENTATION_ITEM('')
);
#624=(
BOUNDED_CURVE()
B_SPLINE_CURVE(2,(#4624,#4625,#4626,#4627,#4628,#4629,#4630,#4631,#4632,
#4633,#4634,#4635,#4636),.UNSPECIFIED.,.F.,.F.)
B_SPLINE_CURVE_WITH_KNOTS((3,2,2,2,2,2,3),(0.4875,0.491666666666667,0.495833333333333,
0.5,0.504166666666667,0.508333333333333,0.5125),.UNSPECIFIED.)
CURVE()
GEOMETRIC_REPRESENTATION_ITEM()
RATIONAL_B_SPLINE_CURVE((1.,0.866025403784439,1.,0.866025403784439,1.,0.866025403784439,
1.,0.866025403784439,1.,0.866025403784439,1.,0.866025403784439,1.))
REPRESENTATION_ITEM('')
);
#625=(
BOUNDED_CURVE()
B_SPLINE_CURVE(2,(#4637,#4638,#4639,#4640,#4641,#4642,#4643,#4644,#4645,
#4646,#4647,#4648,#4649),.UNSPECIFIED.,.F.,.F.)
B_SPLINE_CURVE_WITH_KNOTS((3,2,2,2,2,2,3),(0.4875,0.491666666666667,0.495833333333333,
0.5,0.504166666666667,0.508333333333333,0.5125),.UNSPECIFIED.)
CURVE()
GEOMETRIC_REPRESENTATION_ITEM()
RATIONAL_B_SPLINE_CURVE((1.,0.866025403784439,1.,0.866025403784439,1.,0.866025403784439,
1.,0.866025403784439,1.,0.866025403784439,1.,0.866025403784439,1.))
REPRESENTATION_ITEM('')
);
#626=(
BOUNDED_CURVE()
B_SPLINE_CURVE(2,(#4654,#4655,#4656,#4657,#4658,#4659,#4660,#4661,#4662,
#4663,#4664,#4665,#4666),.UNSPECIFIED.,.F.,.F.)
B_SPLINE_CURVE_WITH_KNOTS((3,2,2,2,2,2,3),(0.4625,0.466666666666667,0.470833333333333,
0.475,0.479166666666667,0.483333333333333,0.4875),.UNSPECIFIED.)
CURVE()
GEOMETRIC_REPRESENTATION_ITEM()
RATIONAL_B_SPLINE_CURVE((1.,0.866025403784439,1.,0.866025403784439,1.,0.866025403784439,
1.,0.866025403784439,1.,0.866025403784439,1.,0.866025403784439,1.))
REPRESENTATION_ITEM('')
);
#627=(
BOUNDED_CURVE()
B_SPLINE_CURVE(2,(#4667,#4668,#4669,#4670,#4671,#4672,#4673,#4674,#4675,
#4676,#4677,#4678,#4679),.UNSPECIFIED.,.F.,.F.)
B_SPLINE_CURVE_WITH_KNOTS((3,2,2,2,2,2,3),(0.4625,0.466666666666667,0.470833333333333,
0.475,0.479166666666667,0.483333333333333,0.4875),.UNSPECIFIED.)
CURVE()
GEOMETRIC_REPRESENTATION_ITEM()
RATIONAL_B_SPLINE_CURVE((1.,0.866025403784439,1.,0.866025403784439,1.,0.866025403784439,
1.,0.866025403784439,1.,0.866025403784439,1.,0.866025403784439,1.))
REPRESENTATION_ITEM('')
);
#628=(
BOUNDED_CURVE()
B_SPLINE_CURVE(2,(#4684,#4685,#4686,#4687,#4688,#4689,#4690,#4691,#4692,
#4693,#4694,#4695,#4696),.UNSPECIFIED.,.F.,.F.)
B_SPLINE_CURVE_WITH_KNOTS((3,2,2,2,2,2,3),(0.4375,0.441666666666667,0.445833333333333,
0.45,0.454166666666667,0.458333333333333,0.4625),.UNSPECIFIED.)
CURVE()
GEOMETRIC_REPRESENTATION_ITEM()
RATIONAL_B_SPLINE_CURVE((1.,0.866025403784439,1.,0.866025403784439,1.,0.866025403784439,
1.,0.866025403784439,1.,0.866025403784439,1.,0.866025403784439,1.))
REPRESENTATION_ITEM('')
);
#629=(
BOUNDED_CURVE()
B_SPLINE_CURVE(2,(#4697,#4698,#4699,#4700,#4701,#4702,#4703,#4704,#4705,
#4706,#4707,#4708,#4709),.UNSPECIFIED.,.F.,.F.)
B_SPLINE_CURVE_WITH_KNOTS((3,2,2,2,2,2,3),(0.4375,0.441666666666667,0.445833333333333,
0.45,0.454166666666667,0.458333333333333,0.4625),.UNSPECIFIED.)
CURVE()
GEOMETRIC_REPRESENTATION_ITEM()
RATIONAL_B_SPLINE_CURVE((1.,0.866025403784439,1.,0.866025403784439,1.,0.866025403784439,
1.,0.866025403784439,1.,0.866025403784439,1.,0.866025403784439,1.))
REPRESENTATION_ITEM('')
);
#630=(
BOUNDED_CURVE()
B_SPLINE_CURVE(2,(#4714,#4715,#4716,#4717,#4718,#4719,#4720,#4721,#4722,
#4723,#4724,#4725,#4726),.UNSPECIFIED.,.F.,.F.)
B_SPLINE_CURVE_WITH_KNOTS((3,2,2,2,2,2,3),(0.4125,0.416666666666667,0.420833333333333,
0.425,0.429166666666667,0.433333333333333,0.4375),.UNSPECIFIED.)
CURVE()
GEOMETRIC_REPRESENTATION_ITEM()
RATIONAL_B_SPLINE_CURVE((1.,0.866025403784439,1.,0.866025403784439,1.,0.866025403784439,
1.,0.866025403784439,1.,0.866025403784439,1.,0.866025403784439,1.))
REPRESENTATION_ITEM('')
);
#631=(
BOUNDED_CURVE()
B_SPLINE_CURVE(2,(#4727,#4728,#4729,#4730,#4731,#4732,#4733,#4734,#4735,
#4736,#4737,#4738,#4739),.UNSPECIFIED.,.F.,.F.)
B_SPLINE_CURVE_WITH_KNOTS((3,2,2,2,2,2,3),(0.4125,0.416666666666667,0.420833333333333,
0.425,0.429166666666667,0.433333333333333,0.4375),.UNSPECIFIED.)
CURVE()
GEOMETRIC_REPRESENTATION_ITEM()
RATIONAL_B_SPLINE_CURVE((1.,0.866025403784439,1.,0.866025403784439,1.,0.866025403784439,
1.,0.866025403784439,1.,0.866025403784439,1.,0.866025403784439,1.))
REPRESENTATION_ITEM('')
);
#632=(
BOUNDED_CURVE()
B_SPLINE_CURVE(2,(#4744,#4745,#4746,#4747,#4748,#4749,#4750,#4751,#4752,
#4753,#4754,#4755,#4756),.UNSPECIFIED.,.F.,.F.)
B_SPLINE_CURVE_WITH_KNOTS((3,2,2,2,2,2,3),(0.3875,0.391666666666667,0.395833333333333,
0.4,0.404166666666667,0.408333333333333,0.4125),.UNSPECIFIED.)
CURVE()
GEOMETRIC_REPRESENTATION_ITEM()
RATIONAL_B_SPLINE_CURVE((1.,0.866025403784439,1.,0.866025403784439,1.,0.866025403784439,
1.,0.866025403784439,1.,0.866025403784439,1.,0.866025403784439,1.))
REPRESENTATION_ITEM('')
);
#633=(
BOUNDED_CURVE()
B_SPLINE_CURVE(2,(#4757,#4758,#4759,#4760,#4761,#4762,#4763,#4764,#4765,
#4766,#4767,#4768,#4769),.UNSPECIFIED.,.F.,.F.)
B_SPLINE_CURVE_WITH_KNOTS((3,2,2,2,2,2,3),(0.3875,0.391666666666667,0.395833333333333,
0.4,0.404166666666667,0.408333333333333,0.4125),.UNSPECIFIED.)
CURVE()
GEOMETRIC_REPRESENTATION_ITEM()
RATIONAL_B_SPLINE_CURVE((1.,0.866025403784439,1.,0.866025403784439,1.,0.866025403784439,
1.,0.866025403784439,1.,0.866025403784439,1.,0.866025403784439,1.))
REPRESENTATION_ITEM('')
);
#634=(
BOUNDED_CURVE()
B_SPLINE_CURVE(2,(#4774,#4775,#4776,#4777,#4778,#4779,#4780,#4781,#4782,
#4783,#4784,#4785,#4786),.UNSPECIFIED.,.F.,.F.)
B_SPLINE_CURVE_WITH_KNOTS((3,2,2,2,2,2,3),(0.3625,0.366666666666667,0.370833333333333,
0.375,0.379166666666667,0.383333333333333,0.3875),.UNSPECIFIED.)
CURVE()
GEOMETRIC_REPRESENTATION_ITEM()
RATIONAL_B_SPLINE_CURVE((1.,0.866025403784439,1.,0.866025403784439,1.,0.866025403784439,
1.,0.866025403784439,1.,0.866025403784439,1.,0.866025403784439,1.))
REPRESENTATION_ITEM('')
);
#635=(
BOUNDED_CURVE()
B_SPLINE_CURVE(2,(#4787,#4788,#4789,#4790,#4791,#4792,#4793,#4794,#4795,
#4796,#4797,#4798,#4799),.UNSPECIFIED.,.F.,.F.)
B_SPLINE_CURVE_WITH_KNOTS((3,2,2,2,2,2,3),(0.3625,0.366666666666667,0.370833333333333,
0.375,0.379166666666667,0.383333333333333,0.3875),.UNSPECIFIED.)
CURVE()
GEOMETRIC_REPRESENTATION_ITEM()
RATIONAL_B_SPLINE_CURVE((1.,0.866025403784439,1.,0.866025403784439,1.,0.866025403784439,
1.,0.866025403784439,1.,0.866025403784439,1.,0.866025403784439,1.))
REPRESENTATION_ITEM('')
);
#636=(
BOUNDED_CURVE()
B_SPLINE_CURVE(2,(#4804,#4805,#4806,#4807,#4808,#4809,#4810,#4811,#4812,
#4813,#4814,#4815,#4816),.UNSPECIFIED.,.F.,.F.)
B_SPLINE_CURVE_WITH_KNOTS((3,2,2,2,2,2,3),(0.3375,0.341666666666667,0.345833333333333,
0.35,0.354166666666667,0.358333333333333,0.3625),.UNSPECIFIED.)
CURVE()
GEOMETRIC_REPRESENTATION_ITEM()
RATIONAL_B_SPLINE_CURVE((1.,0.866025403784439,1.,0.866025403784439,1.,0.866025403784439,
1.,0.866025403784439,1.,0.866025403784439,1.,0.866025403784439,1.))
REPRESENTATION_ITEM('')
);
#637=(
BOUNDED_CURVE()
B_SPLINE_CURVE(2,(#4817,#4818,#4819,#4820,#4821,#4822,#4823,#4824,#4825,
#4826,#4827,#4828,#4829),.UNSPECIFIED.,.F.,.F.)
B_SPLINE_CURVE_WITH_KNOTS((3,2,2,2,2,2,3),(0.3375,0.341666666666667,0.345833333333333,
0.35,0.354166666666667,0.358333333333333,0.3625),.UNSPECIFIED.)
CURVE()
GEOMETRIC_REPRESENTATION_ITEM()
RATIONAL_B_SPLINE_CURVE((1.,0.866025403784439,1.,0.866025403784439,1.,0.866025403784439,
1.,0.866025403784439,1.,0.866025403784439,1.,0.866025403784439,1.))
REPRESENTATION_ITEM('')
);
#638=(
BOUNDED_CURVE()
B_SPLINE_CURVE(2,(#4834,#4835,#4836,#4837,#4838,#4839,#4840,#4841,#4842,
#4843,#4844,#4845,#4846),.UNSPECIFIED.,.F.,.F.)
B_SPLINE_CURVE_WITH_KNOTS((3,2,2,2,2,2,3),(0.3125,0.316666666666667,0.320833333333333,
0.325,0.329166666666667,0.333333333333333,0.3375),.UNSPECIFIED.)
CURVE()
GEOMETRIC_REPRESENTATION_ITEM()
RATIONAL_B_SPLINE_CURVE((1.,0.866025403784439,1.,0.866025403784439,1.,0.866025403784439,
1.,0.866025403784439,1.,0.866025403784439,1.,0.866025403784439,1.))
REPRESENTATION_ITEM('')
);
#639=(
BOUNDED_CURVE()
B_SPLINE_CURVE(2,(#4847,#4848,#4849,#4850,#4851,#4852,#4853,#4854,#4855,
#4856,#4857,#4858,#4859),.UNSPECIFIED.,.F.,.F.)
B_SPLINE_CURVE_WITH_KNOTS((3,2,2,2,2,2,3),(0.3125,0.316666666666667,0.320833333333333,
0.325,0.329166666666667,0.333333333333333,0.3375),.UNSPECIFIED.)
CURVE()
GEOMETRIC_REPRESENTATION_ITEM()
RATIONAL_B_SPLINE_CURVE((1.,0.866025403784439,1.,0.866025403784439,1.,0.866025403784439,
1.,0.866025403784439,1.,0.866025403784439,1.,0.866025403784439,1.))
REPRESENTATION_ITEM('')
);
#640=(
BOUNDED_CURVE()
B_SPLINE_CURVE(2,(#4864,#4865,#4866,#4867,#4868,#4869,#4870,#4871,#4872,
#4873,#4874,#4875,#4876),.UNSPECIFIED.,.F.,.F.)
B_SPLINE_CURVE_WITH_KNOTS((3,2,2,2,2,2,3),(0.2875,0.291666666666667,0.295833333333333,
0.3,0.304166666666667,0.308333333333333,0.3125),.UNSPECIFIED.)
CURVE()
GEOMETRIC_REPRESENTATION_ITEM()
RATIONAL_B_SPLINE_CURVE((1.,0.866025403784439,1.,0.866025403784439,1.,0.866025403784439,
1.,0.866025403784439,1.,0.866025403784439,1.,0.866025403784439,1.))
REPRESENTATION_ITEM('')
);
#641=(
BOUNDED_CURVE()
B_SPLINE_CURVE(2,(#4877,#4878,#4879,#4880,#4881,#4882,#4883,#4884,#4885,
#4886,#4887,#4888,#4889),.UNSPECIFIED.,.F.,.F.)
B_SPLINE_CURVE_WITH_KNOTS((3,2,2,2,2,2,3),(0.2875,0.291666666666667,0.295833333333333,
0.3,0.304166666666667,0.308333333333333,0.3125),.UNSPECIFIED.)
CURVE()
GEOMETRIC_REPRESENTATION_ITEM()
RATIONAL_B_SPLINE_CURVE((1.,0.866025403784439,1.,0.866025403784439,1.,0.866025403784439,
1.,0.866025403784439,1.,0.866025403784439,1.,0.866025403784439,1.))
REPRESENTATION_ITEM('')
);
#642=(
BOUNDED_CURVE()
B_SPLINE_CURVE(2,(#4894,#4895,#4896,#4897,#4898,#4899,#4900,#4901,#4902,
#4903,#4904,#4905,#4906),.UNSPECIFIED.,.F.,.F.)
B_SPLINE_CURVE_WITH_KNOTS((3,2,2,2,2,2,3),(0.2625,0.266666666666667,0.270833333333333,
0.275,0.279166666666667,0.283333333333333,0.2875),.UNSPECIFIED.)
CURVE()
GEOMETRIC_REPRESENTATION_ITEM()
RATIONAL_B_SPLINE_CURVE((1.,0.866025403784439,1.,0.866025403784439,1.,0.866025403784439,
1.,0.866025403784439,1.,0.866025403784439,1.,0.866025403784439,1.))
REPRESENTATION_ITEM('')
);
#643=(
BOUNDED_CURVE()
B_SPLINE_CURVE(2,(#4907,#4908,#4909,#4910,#4911,#4912,#4913,#4914,#4915,
#4916,#4917,#4918,#4919),.UNSPECIFIED.,.F.,.F.)
B_SPLINE_CURVE_WITH_KNOTS((3,2,2,2,2,2,3),(0.2625,0.266666666666667,0.270833333333333,
0.275,0.279166666666667,0.283333333333333,0.2875),.UNSPECIFIED.)
CURVE()
GEOMETRIC_REPRESENTATION_ITEM()
RATIONAL_B_SPLINE_CURVE((1.,0.866025403784439,1.,0.866025403784439,1.,0.866025403784439,
1.,0.866025403784439,1.,0.866025403784439,1.,0.866025403784439,1.))
REPRESENTATION_ITEM('')
);
#644=(
BOUNDED_CURVE()
B_SPLINE_CURVE(2,(#4924,#4925,#4926,#4927,#4928,#4929,#4930,#4931,#4932,
#4933,#4934,#4935,#4936),.UNSPECIFIED.,.F.,.F.)
B_SPLINE_CURVE_WITH_KNOTS((3,2,2,2,2,2,3),(0.2375,0.241666666666667,0.245833333333333,
0.25,0.254166666666667,0.258333333333333,0.2625),.UNSPECIFIED.)
CURVE()
GEOMETRIC_REPRESENTATION_ITEM()
RATIONAL_B_SPLINE_CURVE((1.,0.866025403784439,1.,0.866025403784439,1.,0.866025403784439,
1.,0.866025403784439,1.,0.866025403784439,1.,0.866025403784439,1.))
REPRESENTATION_ITEM('')
);
#645=(
BOUNDED_CURVE()
B_SPLINE_CURVE(2,(#4937,#4938,#4939,#4940,#4941,#4942,#4943,#4944,#4945,
#4946,#4947,#4948,#4949),.UNSPECIFIED.,.F.,.F.)
B_SPLINE_CURVE_WITH_KNOTS((3,2,2,2,2,2,3),(0.2375,0.241666666666667,0.245833333333333,
0.25,0.254166666666667,0.258333333333333,0.2625),.UNSPECIFIED.)
CURVE()
GEOMETRIC_REPRESENTATION_ITEM()
RATIONAL_B_SPLINE_CURVE((1.,0.866025403784439,1.,0.866025403784439,1.,0.866025403784439,
1.,0.866025403784439,1.,0.866025403784439,1.,0.866025403784439,1.))
REPRESENTATION_ITEM('')
);
#646=(
BOUNDED_CURVE()
B_SPLINE_CURVE(2,(#4954,#4955,#4956,#4957,#4958,#4959,#4960,#4961,#4962,
#4963,#4964,#4965,#4966),.UNSPECIFIED.,.F.,.F.)
B_SPLINE_CURVE_WITH_KNOTS((3,2,2,2,2,2,3),(0.2125,0.216666666666667,0.220833333333333,
0.225,0.229166666666667,0.233333333333333,0.2375),.UNSPECIFIED.)
CURVE()
GEOMETRIC_REPRESENTATION_ITEM()
RATIONAL_B_SPLINE_CURVE((1.,0.866025403784439,1.,0.866025403784439,1.,0.866025403784439,
1.,0.866025403784439,1.,0.866025403784439,1.,0.866025403784439,1.))
REPRESENTATION_ITEM('')
);
#647=(
BOUNDED_CURVE()
B_SPLINE_CURVE(2,(#4967,#4968,#4969,#4970,#4971,#4972,#4973,#4974,#4975,
#4976,#4977,#4978,#4979),.UNSPECIFIED.,.F.,.F.)
B_SPLINE_CURVE_WITH_KNOTS((3,2,2,2,2,2,3),(0.2125,0.216666666666667,0.220833333333333,
0.225,0.229166666666667,0.233333333333333,0.2375),.UNSPECIFIED.)
CURVE()
GEOMETRIC_REPRESENTATION_ITEM()
RATIONAL_B_SPLINE_CURVE((1.,0.866025403784439,1.,0.866025403784439,1.,0.866025403784439,
1.,0.866025403784439,1.,0.866025403784439,1.,0.866025403784439,1.))
REPRESENTATION_ITEM('')
);
#648=(
BOUNDED_CURVE()
B_SPLINE_CURVE(2,(#4984,#4985,#4986,#4987,#4988,#4989,#4990,#4991,#4992,
#4993,#4994,#4995,#4996),.UNSPECIFIED.,.F.,.F.)
B_SPLINE_CURVE_WITH_KNOTS((3,2,2,2,2,2,3),(0.1875,0.191666666666667,0.195833333333333,
0.2,0.204166666666667,0.208333333333333,0.2125),.UNSPECIFIED.)
CURVE()
GEOMETRIC_REPRESENTATION_ITEM()
RATIONAL_B_SPLINE_CURVE((1.,0.866025403784439,1.,0.866025403784439,1.,0.866025403784439,
1.,0.866025403784439,1.,0.866025403784439,1.,0.866025403784439,1.))
REPRESENTATION_ITEM('')
);
#649=(
BOUNDED_CURVE()
B_SPLINE_CURVE(2,(#4997,#4998,#4999,#5000,#5001,#5002,#5003,#5004,#5005,
#5006,#5007,#5008,#5009),.UNSPECIFIED.,.F.,.F.)
B_SPLINE_CURVE_WITH_KNOTS((3,2,2,2,2,2,3),(0.1875,0.191666666666667,0.195833333333333,
0.2,0.204166666666667,0.208333333333333,0.2125),.UNSPECIFIED.)
CURVE()
GEOMETRIC_REPRESENTATION_ITEM()
RATIONAL_B_SPLINE_CURVE((1.,0.866025403784439,1.,0.866025403784439,1.,0.866025403784439,
1.,0.866025403784439,1.,0.866025403784439,1.,0.866025403784439,1.))
REPRESENTATION_ITEM('')
);
#650=(
BOUNDED_CURVE()
B_SPLINE_CURVE(2,(#5014,#5015,#5016,#5017,#5018,#5019,#5020,#5021,#5022,
#5023,#5024,#5025,#5026),.UNSPECIFIED.,.F.,.F.)
B_SPLINE_CURVE_WITH_KNOTS((3,2,2,2,2,2,3),(0.1625,0.166666666666667,0.170833333333333,
0.175,0.179166666666667,0.183333333333333,0.1875),.UNSPECIFIED.)
CURVE()
GEOMETRIC_REPRESENTATION_ITEM()
RATIONAL_B_SPLINE_CURVE((1.,0.866025403784439,1.,0.866025403784439,1.,0.866025403784439,
1.,0.866025403784439,1.,0.866025403784439,1.,0.866025403784439,1.))
REPRESENTATION_ITEM('')
);
#651=(
BOUNDED_CURVE()
B_SPLINE_CURVE(2,(#5027,#5028,#5029,#5030,#5031,#5032,#5033,#5034,#5035,
#5036,#5037,#5038,#5039),.UNSPECIFIED.,.F.,.F.)
B_SPLINE_CURVE_WITH_KNOTS((3,2,2,2,2,2,3),(0.1625,0.166666666666667,0.170833333333333,
0.175,0.179166666666667,0.183333333333333,0.1875),.UNSPECIFIED.)
CURVE()
GEOMETRIC_REPRESENTATION_ITEM()
RATIONAL_B_SPLINE_CURVE((1.,0.866025403784439,1.,0.866025403784439,1.,0.866025403784439,
1.,0.866025403784439,1.,0.866025403784439,1.,0.866025403784439,1.))
REPRESENTATION_ITEM('')
);
#652=(
BOUNDED_CURVE()
B_SPLINE_CURVE(2,(#5044,#5045,#5046,#5047,#5048,#5049,#5050,#5051,#5052,
#5053,#5054,#5055,#5056),.UNSPECIFIED.,.F.,.F.)
B_SPLINE_CURVE_WITH_KNOTS((3,2,2,2,2,2,3),(0.1375,0.141666666666667,0.145833333333333,
0.15,0.154166666666667,0.158333333333333,0.1625),.UNSPECIFIED.)
CURVE()
GEOMETRIC_REPRESENTATION_ITEM()
RATIONAL_B_SPLINE_CURVE((1.,0.866025403784439,1.,0.866025403784439,1.,0.866025403784439,
1.,0.866025403784439,1.,0.866025403784439,1.,0.866025403784439,1.))
REPRESENTATION_ITEM('')
);
#653=(
BOUNDED_CURVE()
B_SPLINE_CURVE(2,(#5057,#5058,#5059,#5060,#5061,#5062,#5063,#5064,#5065,
#5066,#5067,#5068,#5069),.UNSPECIFIED.,.F.,.F.)
B_SPLINE_CURVE_WITH_KNOTS((3,2,2,2,2,2,3),(0.1375,0.141666666666667,0.145833333333333,
0.15,0.154166666666667,0.158333333333333,0.1625),.UNSPECIFIED.)
CURVE()
GEOMETRIC_REPRESENTATION_ITEM()
RATIONAL_B_SPLINE_CURVE((1.,0.866025403784439,1.,0.866025403784439,1.,0.866025403784439,
1.,0.866025403784439,1.,0.866025403784439,1.,0.866025403784439,1.))
REPRESENTATION_ITEM('')
);
#654=(
BOUNDED_CURVE()
B_SPLINE_CURVE(2,(#5074,#5075,#5076,#5077,#5078,#5079,#5080,#5081,#5082,
#5083,#5084,#5085,#5086),.UNSPECIFIED.,.F.,.F.)
B_SPLINE_CURVE_WITH_KNOTS((3,2,2,2,2,2,3),(0.1125,0.116666666666667,0.120833333333333,
0.125,0.129166666666667,0.133333333333333,0.1375),.UNSPECIFIED.)
CURVE()
GEOMETRIC_REPRESENTATION_ITEM()
RATIONAL_B_SPLINE_CURVE((1.,0.866025403784439,1.,0.866025403784439,1.,0.866025403784439,
1.,0.866025403784439,1.,0.866025403784439,1.,0.866025403784439,1.))
REPRESENTATION_ITEM('')
);
#655=(
BOUNDED_CURVE()
B_SPLINE_CURVE(2,(#5087,#5088,#5089,#5090,#5091,#5092,#5093,#5094,#5095,
#5096,#5097,#5098,#5099),.UNSPECIFIED.,.F.,.F.)
B_SPLINE_CURVE_WITH_KNOTS((3,2,2,2,2,2,3),(0.1125,0.116666666666667,0.120833333333333,
0.125,0.129166666666667,0.133333333333333,0.1375),.UNSPECIFIED.)
CURVE()
GEOMETRIC_REPRESENTATION_ITEM()
RATIONAL_B_SPLINE_CURVE((1.,0.866025403784439,1.,0.866025403784439,1.,0.866025403784439,
1.,0.866025403784439,1.,0.866025403784439,1.,0.866025403784439,1.))
REPRESENTATION_ITEM('')
);
#656=(
BOUNDED_CURVE()
B_SPLINE_CURVE(2,(#5104,#5105,#5106,#5107,#5108,#5109,#5110,#5111,#5112,
#5113,#5114,#5115,#5116),.UNSPECIFIED.,.F.,.F.)
B_SPLINE_CURVE_WITH_KNOTS((3,2,2,2,2,2,3),(0.0875,0.0916666666666667,0.0958333333333333,
0.1,0.104166666666667,0.108333333333333,0.1125),.UNSPECIFIED.)
CURVE()
GEOMETRIC_REPRESENTATION_ITEM()
RATIONAL_B_SPLINE_CURVE((1.,0.866025403784439,1.,0.866025403784439,1.,0.866025403784439,
1.,0.866025403784439,1.,0.866025403784439,1.,0.866025403784439,1.))
REPRESENTATION_ITEM('')
);
#657=(
BOUNDED_CURVE()
B_SPLINE_CURVE(2,(#5117,#5118,#5119,#5120,#5121,#5122,#5123,#5124,#5125,
#5126,#5127,#5128,#5129),.UNSPECIFIED.,.F.,.F.)
B_SPLINE_CURVE_WITH_KNOTS((3,2,2,2,2,2,3),(0.0875,0.0916666666666667,0.0958333333333333,
0.1,0.104166666666667,0.108333333333333,0.1125),.UNSPECIFIED.)
CURVE()
GEOMETRIC_REPRESENTATION_ITEM()
RATIONAL_B_SPLINE_CURVE((1.,0.866025403784439,1.,0.866025403784439,1.,0.866025403784439,
1.,0.866025403784439,1.,0.866025403784439,1.,0.866025403784439,1.))
REPRESENTATION_ITEM('')
);
#658=(
BOUNDED_CURVE()
B_SPLINE_CURVE(2,(#5134,#5135,#5136,#5137,#5138,#5139,#5140,#5141,#5142,
#5143,#5144,#5145,#5146),.UNSPECIFIED.,.F.,.F.)
B_SPLINE_CURVE_WITH_KNOTS((3,2,2,2,2,2,3),(0.0625,0.0666666666666667,0.0708333333333333,
0.075,0.0791666666666667,0.0833333333333333,0.0875),.UNSPECIFIED.)
CURVE()
GEOMETRIC_REPRESENTATION_ITEM()
RATIONAL_B_SPLINE_CURVE((1.,0.866025403784439,1.,0.866025403784439,1.,0.866025403784439,
1.,0.866025403784439,1.,0.866025403784439,1.,0.866025403784439,1.))
REPRESENTATION_ITEM('')
);
#659=(
BOUNDED_CURVE()
B_SPLINE_CURVE(2,(#5147,#5148,#5149,#5150,#5151,#5152,#5153,#5154,#5155,
#5156,#5157,#5158,#5159),.UNSPECIFIED.,.F.,.F.)
B_SPLINE_CURVE_WITH_KNOTS((3,2,2,2,2,2,3),(0.0625,0.0666666666666667,0.0708333333333333,
0.075,0.0791666666666667,0.0833333333333333,0.0875),.UNSPECIFIED.)
CURVE()
GEOMETRIC_REPRESENTATION_ITEM()
RATIONAL_B_SPLINE_CURVE((1.,0.866025403784439,1.,0.866025403784439,1.,0.866025403784439,
1.,0.866025403784439,1.,0.866025403784439,1.,0.866025403784439,1.))
REPRESENTATION_ITEM('')
);
#660=(
BOUNDED_CURVE()
B_SPLINE_CURVE(2,(#5164,#5165,#5166,#5167,#5168,#5169,#5170,#5171,#5172,
#5173,#5174,#5175,#5176),.UNSPECIFIED.,.F.,.F.)
B_SPLINE_CURVE_WITH_KNOTS((3,2,2,2,2,2,3),(0.0375,0.0416666666666667,0.0458333333333333,
0.05,0.0541666666666667,0.0583333333333333,0.0625),.UNSPECIFIED.)
CURVE()
GEOMETRIC_REPRESENTATION_ITEM()
RATIONAL_B_SPLINE_CURVE((1.,0.866025403784439,1.,0.866025403784439,1.,0.866025403784439,
1.,0.866025403784439,1.,0.866025403784439,1.,0.866025403784439,1.))
REPRESENTATION_ITEM('')
);
#661=(
BOUNDED_CURVE()
B_SPLINE_CURVE(2,(#5177,#5178,#5179,#5180,#5181,#5182,#5183,#5184,#5185,
#5186,#5187,#5188,#5189),.UNSPECIFIED.,.F.,.F.)
B_SPLINE_CURVE_WITH_KNOTS((3,2,2,2,2,2,3),(0.0375,0.0416666666666667,0.0458333333333333,
0.05,0.0541666666666667,0.0583333333333333,0.0625),.UNSPECIFIED.)
CURVE()
GEOMETRIC_REPRESENTATION_ITEM()
RATIONAL_B_SPLINE_CURVE((1.,0.866025403784439,1.,0.866025403784439,1.,0.866025403784439,
1.,0.866025403784439,1.,0.866025403784439,1.,0.866025403784439,1.))
REPRESENTATION_ITEM('')
);
#662=(
BOUNDED_CURVE()
B_SPLINE_CURVE(2,(#5196,#5197,#5198,#5199,#5200,#5201,#5202,#5203,#5204,
#5205,#5206,#5207,#5208),.UNSPECIFIED.,.F.,.F.)
B_SPLINE_CURVE_WITH_KNOTS((3,2,2,2,2,2,3),(0.0149843709869762,0.0166666666666667,
0.0208333333333333,0.025,0.0291666666666667,0.0333333333333333,0.0375),
 .UNSPECIFIED.)
CURVE()
GEOMETRIC_REPRESENTATION_ITEM()
RATIONAL_B_SPLINE_CURVE((0.935494950279738,0.945907627743587,1.,0.866025403784439,
1.,0.866025403784439,1.,0.866025403784439,1.,0.866025403784439,1.,0.866025403784439,
1.))
REPRESENTATION_ITEM('')
);
#663=(
BOUNDED_CURVE()
B_SPLINE_CURVE(2,(#5209,#5210,#5211,#5212,#5213,#5214,#5215,#5216,#5217,
#5218,#5219,#5220,#5221),.UNSPECIFIED.,.F.,.F.)
B_SPLINE_CURVE_WITH_KNOTS((3,2,2,2,2,2,3),(0.0125,0.0166666666666667,0.0208333333333333,
0.025,0.0291666666666667,0.0333333333333333,0.0375),.UNSPECIFIED.)
CURVE()
GEOMETRIC_REPRESENTATION_ITEM()
RATIONAL_B_SPLINE_CURVE((1.,0.866025403784439,1.,0.866025403784439,1.,0.866025403784439,
1.,0.866025403784439,1.,0.866025403784439,1.,0.866025403784439,1.))
REPRESENTATION_ITEM('')
);
#664=(
BOUNDED_CURVE()
B_SPLINE_CURVE(2,(#5227,#5228,#5229,#5230,#5231,#5232,#5233),
 .UNSPECIFIED.,.F.,.F.)
B_SPLINE_CURVE_WITH_KNOTS((3,2,2,3),(0.0405709012611698,0.0416666666666667,
0.0458333333333333,0.05),.UNSPECIFIED.)
CURVE()
GEOMETRIC_REPRESENTATION_ITEM()
RATIONAL_B_SPLINE_CURVE((0.948065210722625,0.964766865340378,1.,0.866025403784439,
1.,0.866025403784439,1.))
REPRESENTATION_ITEM('')
);
#665=(
BOUNDED_CURVE()
B_SPLINE_CURVE(2,(#5236,#5237,#5238,#5239,#5240),.UNSPECIFIED.,.F.,.F.)
B_SPLINE_CURVE_WITH_KNOTS((3,2,3),(0.0187499999999998,0.0208333333333333,
0.025),.UNSPECIFIED.)
CURVE()
GEOMETRIC_REPRESENTATION_ITEM()
RATIONAL_B_SPLINE_CURVE((0.933012701892219,0.933012701892213,1.,0.866025403784439,
1.))
REPRESENTATION_ITEM('')
);
#666=(
BOUNDED_CURVE()
B_SPLINE_CURVE(2,(#5245,#5246,#5247,#5248,#5249,#5250,#5251,#5252,#5253,
#5254,#5255,#5256,#5257),.UNSPECIFIED.,.F.,.F.)
B_SPLINE_CURVE_WITH_KNOTS((3,2,2,2,2,2,3),(0.05,0.0541666666666667,0.0583333333333333,
0.0625,0.0666666666666667,0.0708333333333333,0.075),.UNSPECIFIED.)
CURVE()
GEOMETRIC_REPRESENTATION_ITEM()
RATIONAL_B_SPLINE_CURVE((1.,0.866025403784439,1.,0.866025403784439,1.,0.866025403784439,
1.,0.866025403784439,1.,0.866025403784439,1.,0.866025403784439,1.))
REPRESENTATION_ITEM('')
);
#667=(
BOUNDED_CURVE()
B_SPLINE_CURVE(2,(#5258,#5259,#5260,#5261,#5262,#5263,#5264,#5265,#5266,
#5267,#5268,#5269,#5270),.UNSPECIFIED.,.F.,.F.)
B_SPLINE_CURVE_WITH_KNOTS((3,2,2,2,2,2,3),(0.025,0.0291666666666667,0.0333333333333333,
0.0375,0.0416666666666667,0.0458333333333333,0.05),.UNSPECIFIED.)
CURVE()
GEOMETRIC_REPRESENTATION_ITEM()
RATIONAL_B_SPLINE_CURVE((1.,0.866025403784439,1.,0.866025403784439,1.,0.866025403784439,
1.,0.866025403784439,1.,0.866025403784439,1.,0.866025403784439,1.))
REPRESENTATION_ITEM('')
);
#668=(
BOUNDED_CURVE()
B_SPLINE_CURVE(2,(#5275,#5276,#5277,#5278,#5279,#5280,#5281,#5282,#5283,
#5284,#5285,#5286,#5287),.UNSPECIFIED.,.F.,.F.)
B_SPLINE_CURVE_WITH_KNOTS((3,2,2,2,2,2,3),(0.075,0.0791666666666667,0.0833333333333333,
0.0875,0.0916666666666667,0.0958333333333333,0.1),.UNSPECIFIED.)
CURVE()
GEOMETRIC_REPRESENTATION_ITEM()
RATIONAL_B_SPLINE_CURVE((1.,0.866025403784439,1.,0.866025403784439,1.,0.866025403784439,
1.,0.866025403784439,1.,0.866025403784439,1.,0.866025403784439,1.))
REPRESENTATION_ITEM('')
);
#669=(
BOUNDED_CURVE()
B_SPLINE_CURVE(2,(#5288,#5289,#5290,#5291,#5292,#5293,#5294,#5295,#5296,
#5297,#5298,#5299,#5300),.UNSPECIFIED.,.F.,.F.)
B_SPLINE_CURVE_WITH_KNOTS((3,2,2,2,2,2,3),(0.05,0.0541666666666667,0.0583333333333333,
0.0625,0.0666666666666667,0.0708333333333333,0.075),.UNSPECIFIED.)
CURVE()
GEOMETRIC_REPRESENTATION_ITEM()
RATIONAL_B_SPLINE_CURVE((1.,0.866025403784439,1.,0.866025403784439,1.,0.866025403784439,
1.,0.866025403784439,1.,0.866025403784439,1.,0.866025403784439,1.))
REPRESENTATION_ITEM('')
);
#670=(
BOUNDED_CURVE()
B_SPLINE_CURVE(2,(#5305,#5306,#5307,#5308,#5309,#5310,#5311,#5312,#5313,
#5314,#5315,#5316,#5317),.UNSPECIFIED.,.F.,.F.)
B_SPLINE_CURVE_WITH_KNOTS((3,2,2,2,2,2,3),(0.1,0.104166666666667,0.108333333333333,
0.1125,0.116666666666667,0.120833333333333,0.125),.UNSPECIFIED.)
CURVE()
GEOMETRIC_REPRESENTATION_ITEM()
RATIONAL_B_SPLINE_CURVE((1.,0.866025403784439,1.,0.866025403784439,1.,0.866025403784439,
1.,0.866025403784439,1.,0.866025403784439,1.,0.866025403784439,1.))
REPRESENTATION_ITEM('')
);
#671=(
BOUNDED_CURVE()
B_SPLINE_CURVE(2,(#5318,#5319,#5320,#5321,#5322,#5323,#5324,#5325,#5326,
#5327,#5328,#5329,#5330),.UNSPECIFIED.,.F.,.F.)
B_SPLINE_CURVE_WITH_KNOTS((3,2,2,2,2,2,3),(0.075,0.0791666666666667,0.0833333333333333,
0.0875,0.0916666666666667,0.0958333333333333,0.1),.UNSPECIFIED.)
CURVE()
GEOMETRIC_REPRESENTATION_ITEM()
RATIONAL_B_SPLINE_CURVE((1.,0.866025403784439,1.,0.866025403784439,1.,0.866025403784439,
1.,0.866025403784439,1.,0.866025403784439,1.,0.866025403784439,1.))
REPRESENTATION_ITEM('')
);
#672=(
BOUNDED_CURVE()
B_SPLINE_CURVE(2,(#5335,#5336,#5337,#5338,#5339,#5340,#5341,#5342,#5343,
#5344,#5345,#5346,#5347),.UNSPECIFIED.,.F.,.F.)
B_SPLINE_CURVE_WITH_KNOTS((3,2,2,2,2,2,3),(0.125,0.129166666666667,0.133333333333333,
0.1375,0.141666666666667,0.145833333333333,0.15),.UNSPECIFIED.)
CURVE()
GEOMETRIC_REPRESENTATION_ITEM()
RATIONAL_B_SPLINE_CURVE((1.,0.866025403784439,1.,0.866025403784439,1.,0.866025403784439,
1.,0.866025403784439,1.,0.866025403784439,1.,0.866025403784439,1.))
REPRESENTATION_ITEM('')
);
#673=(
BOUNDED_CURVE()
B_SPLINE_CURVE(2,(#5348,#5349,#5350,#5351,#5352,#5353,#5354,#5355,#5356,
#5357,#5358,#5359,#5360),.UNSPECIFIED.,.F.,.F.)
B_SPLINE_CURVE_WITH_KNOTS((3,2,2,2,2,2,3),(0.1,0.104166666666667,0.108333333333333,
0.1125,0.116666666666667,0.120833333333333,0.125),.UNSPECIFIED.)
CURVE()
GEOMETRIC_REPRESENTATION_ITEM()
RATIONAL_B_SPLINE_CURVE((1.,0.866025403784439,1.,0.866025403784439,1.,0.866025403784439,
1.,0.866025403784439,1.,0.866025403784439,1.,0.866025403784439,1.))
REPRESENTATION_ITEM('')
);
#674=(
BOUNDED_CURVE()
B_SPLINE_CURVE(2,(#5365,#5366,#5367,#5368,#5369,#5370,#5371,#5372,#5373,
#5374,#5375,#5376,#5377),.UNSPECIFIED.,.F.,.F.)
B_SPLINE_CURVE_WITH_KNOTS((3,2,2,2,2,2,3),(0.15,0.154166666666667,0.158333333333333,
0.1625,0.166666666666667,0.170833333333333,0.175),.UNSPECIFIED.)
CURVE()
GEOMETRIC_REPRESENTATION_ITEM()
RATIONAL_B_SPLINE_CURVE((1.,0.866025403784439,1.,0.866025403784439,1.,0.866025403784439,
1.,0.866025403784439,1.,0.866025403784439,1.,0.866025403784439,1.))
REPRESENTATION_ITEM('')
);
#675=(
BOUNDED_CURVE()
B_SPLINE_CURVE(2,(#5378,#5379,#5380,#5381,#5382,#5383,#5384,#5385,#5386,
#5387,#5388,#5389,#5390),.UNSPECIFIED.,.F.,.F.)
B_SPLINE_CURVE_WITH_KNOTS((3,2,2,2,2,2,3),(0.125,0.129166666666667,0.133333333333333,
0.1375,0.141666666666667,0.145833333333333,0.15),.UNSPECIFIED.)
CURVE()
GEOMETRIC_REPRESENTATION_ITEM()
RATIONAL_B_SPLINE_CURVE((1.,0.866025403784439,1.,0.866025403784439,1.,0.866025403784439,
1.,0.866025403784439,1.,0.866025403784439,1.,0.866025403784439,1.))
REPRESENTATION_ITEM('')
);
#676=(
BOUNDED_CURVE()
B_SPLINE_CURVE(2,(#5395,#5396,#5397,#5398,#5399,#5400,#5401,#5402,#5403,
#5404,#5405,#5406,#5407),.UNSPECIFIED.,.F.,.F.)
B_SPLINE_CURVE_WITH_KNOTS((3,2,2,2,2,2,3),(0.175,0.179166666666667,0.183333333333333,
0.1875,0.191666666666667,0.195833333333333,0.2),.UNSPECIFIED.)
CURVE()
GEOMETRIC_REPRESENTATION_ITEM()
RATIONAL_B_SPLINE_CURVE((1.,0.866025403784439,1.,0.866025403784439,1.,0.866025403784439,
1.,0.866025403784439,1.,0.866025403784439,1.,0.866025403784439,1.))
REPRESENTATION_ITEM('')
);
#677=(
BOUNDED_CURVE()
B_SPLINE_CURVE(2,(#5408,#5409,#5410,#5411,#5412,#5413,#5414,#5415,#5416,
#5417,#5418,#5419,#5420),.UNSPECIFIED.,.F.,.F.)
B_SPLINE_CURVE_WITH_KNOTS((3,2,2,2,2,2,3),(0.15,0.154166666666667,0.158333333333333,
0.1625,0.166666666666667,0.170833333333333,0.175),.UNSPECIFIED.)
CURVE()
GEOMETRIC_REPRESENTATION_ITEM()
RATIONAL_B_SPLINE_CURVE((1.,0.866025403784439,1.,0.866025403784439,1.,0.866025403784439,
1.,0.866025403784439,1.,0.866025403784439,1.,0.866025403784439,1.))
REPRESENTATION_ITEM('')
);
#678=(
BOUNDED_CURVE()
B_SPLINE_CURVE(2,(#5425,#5426,#5427,#5428,#5429,#5430,#5431,#5432,#5433,
#5434,#5435,#5436,#5437),.UNSPECIFIED.,.F.,.F.)
B_SPLINE_CURVE_WITH_KNOTS((3,2,2,2,2,2,3),(0.2,0.204166666666667,0.208333333333333,
0.2125,0.216666666666667,0.220833333333333,0.225),.UNSPECIFIED.)
CURVE()
GEOMETRIC_REPRESENTATION_ITEM()
RATIONAL_B_SPLINE_CURVE((1.,0.866025403784439,1.,0.866025403784439,1.,0.866025403784439,
1.,0.866025403784439,1.,0.866025403784439,1.,0.866025403784439,1.))
REPRESENTATION_ITEM('')
);
#679=(
BOUNDED_CURVE()
B_SPLINE_CURVE(2,(#5438,#5439,#5440,#5441,#5442,#5443,#5444,#5445,#5446,
#5447,#5448,#5449,#5450),.UNSPECIFIED.,.F.,.F.)
B_SPLINE_CURVE_WITH_KNOTS((3,2,2,2,2,2,3),(0.175,0.179166666666667,0.183333333333333,
0.1875,0.191666666666667,0.195833333333333,0.2),.UNSPECIFIED.)
CURVE()
GEOMETRIC_REPRESENTATION_ITEM()
RATIONAL_B_SPLINE_CURVE((1.,0.866025403784439,1.,0.866025403784439,1.,0.866025403784439,
1.,0.866025403784439,1.,0.866025403784439,1.,0.866025403784439,1.))
REPRESENTATION_ITEM('')
);
#680=(
BOUNDED_CURVE()
B_SPLINE_CURVE(2,(#5455,#5456,#5457,#5458,#5459,#5460,#5461,#5462,#5463,
#5464,#5465,#5466,#5467),.UNSPECIFIED.,.F.,.F.)
B_SPLINE_CURVE_WITH_KNOTS((3,2,2,2,2,2,3),(0.225,0.229166666666667,0.233333333333333,
0.2375,0.241666666666667,0.245833333333333,0.25),.UNSPECIFIED.)
CURVE()
GEOMETRIC_REPRESENTATION_ITEM()
RATIONAL_B_SPLINE_CURVE((1.,0.866025403784439,1.,0.866025403784439,1.,0.866025403784439,
1.,0.866025403784439,1.,0.866025403784439,1.,0.866025403784439,1.))
REPRESENTATION_ITEM('')
);
#681=(
BOUNDED_CURVE()
B_SPLINE_CURVE(2,(#5468,#5469,#5470,#5471,#5472,#5473,#5474,#5475,#5476,
#5477,#5478,#5479,#5480),.UNSPECIFIED.,.F.,.F.)
B_SPLINE_CURVE_WITH_KNOTS((3,2,2,2,2,2,3),(0.2,0.204166666666667,0.208333333333333,
0.2125,0.216666666666667,0.220833333333333,0.225),.UNSPECIFIED.)
CURVE()
GEOMETRIC_REPRESENTATION_ITEM()
RATIONAL_B_SPLINE_CURVE((1.,0.866025403784439,1.,0.866025403784439,1.,0.866025403784439,
1.,0.866025403784439,1.,0.866025403784439,1.,0.866025403784439,1.))
REPRESENTATION_ITEM('')
);
#682=(
BOUNDED_CURVE()
B_SPLINE_CURVE(2,(#5485,#5486,#5487,#5488,#5489,#5490,#5491,#5492,#5493,
#5494,#5495,#5496,#5497),.UNSPECIFIED.,.F.,.F.)
B_SPLINE_CURVE_WITH_KNOTS((3,2,2,2,2,2,3),(0.25,0.254166666666667,0.258333333333333,
0.2625,0.266666666666667,0.270833333333333,0.275),.UNSPECIFIED.)
CURVE()
GEOMETRIC_REPRESENTATION_ITEM()
RATIONAL_B_SPLINE_CURVE((1.,0.866025403784439,1.,0.866025403784439,1.,0.866025403784439,
1.,0.866025403784439,1.,0.866025403784439,1.,0.866025403784439,1.))
REPRESENTATION_ITEM('')
);
#683=(
BOUNDED_CURVE()
B_SPLINE_CURVE(2,(#5498,#5499,#5500,#5501,#5502,#5503,#5504,#5505,#5506,
#5507,#5508,#5509,#5510),.UNSPECIFIED.,.F.,.F.)
B_SPLINE_CURVE_WITH_KNOTS((3,2,2,2,2,2,3),(0.225,0.229166666666667,0.233333333333333,
0.2375,0.241666666666667,0.245833333333333,0.25),.UNSPECIFIED.)
CURVE()
GEOMETRIC_REPRESENTATION_ITEM()
RATIONAL_B_SPLINE_CURVE((1.,0.866025403784439,1.,0.866025403784439,1.,0.866025403784439,
1.,0.866025403784439,1.,0.866025403784439,1.,0.866025403784439,1.))
REPRESENTATION_ITEM('')
);
#684=(
BOUNDED_CURVE()
B_SPLINE_CURVE(2,(#5515,#5516,#5517,#5518,#5519,#5520,#5521,#5522,#5523,
#5524,#5525,#5526,#5527),.UNSPECIFIED.,.F.,.F.)
B_SPLINE_CURVE_WITH_KNOTS((3,2,2,2,2,2,3),(0.275,0.279166666666667,0.283333333333333,
0.2875,0.291666666666667,0.295833333333333,0.3),.UNSPECIFIED.)
CURVE()
GEOMETRIC_REPRESENTATION_ITEM()
RATIONAL_B_SPLINE_CURVE((1.,0.866025403784439,1.,0.866025403784439,1.,0.866025403784439,
1.,0.866025403784439,1.,0.866025403784439,1.,0.866025403784439,1.))
REPRESENTATION_ITEM('')
);
#685=(
BOUNDED_CURVE()
B_SPLINE_CURVE(2,(#5528,#5529,#5530,#5531,#5532,#5533,#5534,#5535,#5536,
#5537,#5538,#5539,#5540),.UNSPECIFIED.,.F.,.F.)
B_SPLINE_CURVE_WITH_KNOTS((3,2,2,2,2,2,3),(0.25,0.254166666666667,0.258333333333333,
0.2625,0.266666666666667,0.270833333333333,0.275),.UNSPECIFIED.)
CURVE()
GEOMETRIC_REPRESENTATION_ITEM()
RATIONAL_B_SPLINE_CURVE((1.,0.866025403784439,1.,0.866025403784439,1.,0.866025403784439,
1.,0.866025403784439,1.,0.866025403784439,1.,0.866025403784439,1.))
REPRESENTATION_ITEM('')
);
#686=(
BOUNDED_CURVE()
B_SPLINE_CURVE(2,(#5545,#5546,#5547,#5548,#5549,#5550,#5551,#5552,#5553,
#5554,#5555,#5556,#5557),.UNSPECIFIED.,.F.,.F.)
B_SPLINE_CURVE_WITH_KNOTS((3,2,2,2,2,2,3),(0.3,0.304166666666667,0.308333333333333,
0.3125,0.316666666666667,0.320833333333333,0.325),.UNSPECIFIED.)
CURVE()
GEOMETRIC_REPRESENTATION_ITEM()
RATIONAL_B_SPLINE_CURVE((1.,0.866025403784439,1.,0.866025403784439,1.,0.866025403784439,
1.,0.866025403784439,1.,0.866025403784439,1.,0.866025403784439,1.))
REPRESENTATION_ITEM('')
);
#687=(
BOUNDED_CURVE()
B_SPLINE_CURVE(2,(#5558,#5559,#5560,#5561,#5562,#5563,#5564,#5565,#5566,
#5567,#5568,#5569,#5570),.UNSPECIFIED.,.F.,.F.)
B_SPLINE_CURVE_WITH_KNOTS((3,2,2,2,2,2,3),(0.275,0.279166666666667,0.283333333333333,
0.2875,0.291666666666667,0.295833333333333,0.3),.UNSPECIFIED.)
CURVE()
GEOMETRIC_REPRESENTATION_ITEM()
RATIONAL_B_SPLINE_CURVE((1.,0.866025403784439,1.,0.866025403784439,1.,0.866025403784439,
1.,0.866025403784439,1.,0.866025403784439,1.,0.866025403784439,1.))
REPRESENTATION_ITEM('')
);
#688=(
BOUNDED_CURVE()
B_SPLINE_CURVE(2,(#5575,#5576,#5577,#5578,#5579,#5580,#5581,#5582,#5583,
#5584,#5585,#5586,#5587),.UNSPECIFIED.,.F.,.F.)
B_SPLINE_CURVE_WITH_KNOTS((3,2,2,2,2,2,3),(0.325,0.329166666666667,0.333333333333333,
0.3375,0.341666666666667,0.345833333333333,0.35),.UNSPECIFIED.)
CURVE()
GEOMETRIC_REPRESENTATION_ITEM()
RATIONAL_B_SPLINE_CURVE((1.,0.866025403784439,1.,0.866025403784439,1.,0.866025403784439,
1.,0.866025403784439,1.,0.866025403784439,1.,0.866025403784439,1.))
REPRESENTATION_ITEM('')
);
#689=(
BOUNDED_CURVE()
B_SPLINE_CURVE(2,(#5588,#5589,#5590,#5591,#5592,#5593,#5594,#5595,#5596,
#5597,#5598,#5599,#5600),.UNSPECIFIED.,.F.,.F.)
B_SPLINE_CURVE_WITH_KNOTS((3,2,2,2,2,2,3),(0.3,0.304166666666667,0.308333333333333,
0.3125,0.316666666666667,0.320833333333333,0.325),.UNSPECIFIED.)
CURVE()
GEOMETRIC_REPRESENTATION_ITEM()
RATIONAL_B_SPLINE_CURVE((1.,0.866025403784439,1.,0.866025403784439,1.,0.866025403784439,
1.,0.866025403784439,1.,0.866025403784439,1.,0.866025403784439,1.))
REPRESENTATION_ITEM('')
);
#690=(
BOUNDED_CURVE()
B_SPLINE_CURVE(2,(#5605,#5606,#5607,#5608,#5609,#5610,#5611,#5612,#5613,
#5614,#5615,#5616,#5617),.UNSPECIFIED.,.F.,.F.)
B_SPLINE_CURVE_WITH_KNOTS((3,2,2,2,2,2,3),(0.35,0.354166666666667,0.358333333333333,
0.3625,0.366666666666667,0.370833333333333,0.375),.UNSPECIFIED.)
CURVE()
GEOMETRIC_REPRESENTATION_ITEM()
RATIONAL_B_SPLINE_CURVE((1.,0.866025403784439,1.,0.866025403784439,1.,0.866025403784439,
1.,0.866025403784439,1.,0.866025403784439,1.,0.866025403784439,1.))
REPRESENTATION_ITEM('')
);
#691=(
BOUNDED_CURVE()
B_SPLINE_CURVE(2,(#5618,#5619,#5620,#5621,#5622,#5623,#5624,#5625,#5626,
#5627,#5628,#5629,#5630),.UNSPECIFIED.,.F.,.F.)
B_SPLINE_CURVE_WITH_KNOTS((3,2,2,2,2,2,3),(0.325,0.329166666666667,0.333333333333333,
0.3375,0.341666666666667,0.345833333333333,0.35),.UNSPECIFIED.)
CURVE()
GEOMETRIC_REPRESENTATION_ITEM()
RATIONAL_B_SPLINE_CURVE((1.,0.866025403784439,1.,0.866025403784439,1.,0.866025403784439,
1.,0.866025403784439,1.,0.866025403784439,1.,0.866025403784439,1.))
REPRESENTATION_ITEM('')
);
#692=(
BOUNDED_CURVE()
B_SPLINE_CURVE(2,(#5635,#5636,#5637,#5638,#5639,#5640,#5641,#5642,#5643,
#5644,#5645,#5646,#5647),.UNSPECIFIED.,.F.,.F.)
B_SPLINE_CURVE_WITH_KNOTS((3,2,2,2,2,2,3),(0.375,0.379166666666667,0.383333333333333,
0.3875,0.391666666666667,0.395833333333333,0.4),.UNSPECIFIED.)
CURVE()
GEOMETRIC_REPRESENTATION_ITEM()
RATIONAL_B_SPLINE_CURVE((1.,0.866025403784439,1.,0.866025403784439,1.,0.866025403784439,
1.,0.866025403784439,1.,0.866025403784439,1.,0.866025403784439,1.))
REPRESENTATION_ITEM('')
);
#693=(
BOUNDED_CURVE()
B_SPLINE_CURVE(2,(#5648,#5649,#5650,#5651,#5652,#5653,#5654,#5655,#5656,
#5657,#5658,#5659,#5660),.UNSPECIFIED.,.F.,.F.)
B_SPLINE_CURVE_WITH_KNOTS((3,2,2,2,2,2,3),(0.35,0.354166666666667,0.358333333333333,
0.3625,0.366666666666667,0.370833333333333,0.375),.UNSPECIFIED.)
CURVE()
GEOMETRIC_REPRESENTATION_ITEM()
RATIONAL_B_SPLINE_CURVE((1.,0.866025403784439,1.,0.866025403784439,1.,0.866025403784439,
1.,0.866025403784439,1.,0.866025403784439,1.,0.866025403784439,1.))
REPRESENTATION_ITEM('')
);
#694=(
BOUNDED_CURVE()
B_SPLINE_CURVE(2,(#5665,#5666,#5667,#5668,#5669,#5670,#5671,#5672,#5673,
#5674,#5675,#5676,#5677),.UNSPECIFIED.,.F.,.F.)
B_SPLINE_CURVE_WITH_KNOTS((3,2,2,2,2,2,3),(0.4,0.404166666666667,0.408333333333333,
0.4125,0.416666666666667,0.420833333333333,0.425),.UNSPECIFIED.)
CURVE()
GEOMETRIC_REPRESENTATION_ITEM()
RATIONAL_B_SPLINE_CURVE((1.,0.866025403784439,1.,0.866025403784439,1.,0.866025403784439,
1.,0.866025403784439,1.,0.866025403784439,1.,0.866025403784439,1.))
REPRESENTATION_ITEM('')
);
#695=(
BOUNDED_CURVE()
B_SPLINE_CURVE(2,(#5678,#5679,#5680,#5681,#5682,#5683,#5684,#5685,#5686,
#5687,#5688,#5689,#5690),.UNSPECIFIED.,.F.,.F.)
B_SPLINE_CURVE_WITH_KNOTS((3,2,2,2,2,2,3),(0.375,0.379166666666667,0.383333333333333,
0.3875,0.391666666666667,0.395833333333333,0.4),.UNSPECIFIED.)
CURVE()
GEOMETRIC_REPRESENTATION_ITEM()
RATIONAL_B_SPLINE_CURVE((1.,0.866025403784439,1.,0.866025403784439,1.,0.866025403784439,
1.,0.866025403784439,1.,0.866025403784439,1.,0.866025403784439,1.))
REPRESENTATION_ITEM('')
);
#696=(
BOUNDED_CURVE()
B_SPLINE_CURVE(2,(#5695,#5696,#5697,#5698,#5699,#5700,#5701,#5702,#5703,
#5704,#5705,#5706,#5707),.UNSPECIFIED.,.F.,.F.)
B_SPLINE_CURVE_WITH_KNOTS((3,2,2,2,2,2,3),(0.425,0.429166666666667,0.433333333333333,
0.4375,0.441666666666667,0.445833333333333,0.45),.UNSPECIFIED.)
CURVE()
GEOMETRIC_REPRESENTATION_ITEM()
RATIONAL_B_SPLINE_CURVE((1.,0.866025403784439,1.,0.866025403784439,1.,0.866025403784439,
1.,0.866025403784439,1.,0.866025403784439,1.,0.866025403784439,1.))
REPRESENTATION_ITEM('')
);
#697=(
BOUNDED_CURVE()
B_SPLINE_CURVE(2,(#5708,#5709,#5710,#5711,#5712,#5713,#5714,#5715,#5716,
#5717,#5718,#5719,#5720),.UNSPECIFIED.,.F.,.F.)
B_SPLINE_CURVE_WITH_KNOTS((3,2,2,2,2,2,3),(0.4,0.404166666666667,0.408333333333333,
0.4125,0.416666666666667,0.420833333333333,0.425),.UNSPECIFIED.)
CURVE()
GEOMETRIC_REPRESENTATION_ITEM()
RATIONAL_B_SPLINE_CURVE((1.,0.866025403784439,1.,0.866025403784439,1.,0.866025403784439,
1.,0.866025403784439,1.,0.866025403784439,1.,0.866025403784439,1.))
REPRESENTATION_ITEM('')
);
#698=(
BOUNDED_CURVE()
B_SPLINE_CURVE(2,(#5725,#5726,#5727,#5728,#5729,#5730,#5731,#5732,#5733,
#5734,#5735,#5736,#5737),.UNSPECIFIED.,.F.,.F.)
B_SPLINE_CURVE_WITH_KNOTS((3,2,2,2,2,2,3),(0.45,0.454166666666667,0.458333333333333,
0.4625,0.466666666666667,0.470833333333333,0.475),.UNSPECIFIED.)
CURVE()
GEOMETRIC_REPRESENTATION_ITEM()
RATIONAL_B_SPLINE_CURVE((1.,0.866025403784439,1.,0.866025403784439,1.,0.866025403784439,
1.,0.866025403784439,1.,0.866025403784439,1.,0.866025403784439,1.))
REPRESENTATION_ITEM('')
);
#699=(
BOUNDED_CURVE()
B_SPLINE_CURVE(2,(#5738,#5739,#5740,#5741,#5742,#5743,#5744,#5745,#5746,
#5747,#5748,#5749,#5750),.UNSPECIFIED.,.F.,.F.)
B_SPLINE_CURVE_WITH_KNOTS((3,2,2,2,2,2,3),(0.425,0.429166666666667,0.433333333333333,
0.4375,0.441666666666667,0.445833333333333,0.45),.UNSPECIFIED.)
CURVE()
GEOMETRIC_REPRESENTATION_ITEM()
RATIONAL_B_SPLINE_CURVE((1.,0.866025403784439,1.,0.866025403784439,1.,0.866025403784439,
1.,0.866025403784439,1.,0.866025403784439,1.,0.866025403784439,1.))
REPRESENTATION_ITEM('')
);
#700=(
BOUNDED_CURVE()
B_SPLINE_CURVE(2,(#5755,#5756,#5757,#5758,#5759,#5760,#5761,#5762,#5763,
#5764,#5765,#5766,#5767),.UNSPECIFIED.,.F.,.F.)
B_SPLINE_CURVE_WITH_KNOTS((3,2,2,2,2,2,3),(0.475,0.479166666666667,0.483333333333333,
0.4875,0.491666666666667,0.495833333333333,0.5),.UNSPECIFIED.)
CURVE()
GEOMETRIC_REPRESENTATION_ITEM()
RATIONAL_B_SPLINE_CURVE((1.,0.866025403784439,1.,0.866025403784439,1.,0.866025403784439,
1.,0.866025403784439,1.,0.866025403784439,1.,0.866025403784439,1.))
REPRESENTATION_ITEM('')
);
#701=(
BOUNDED_CURVE()
B_SPLINE_CURVE(2,(#5768,#5769,#5770,#5771,#5772,#5773,#5774,#5775,#5776,
#5777,#5778,#5779,#5780),.UNSPECIFIED.,.F.,.F.)
B_SPLINE_CURVE_WITH_KNOTS((3,2,2,2,2,2,3),(0.45,0.454166666666667,0.458333333333333,
0.4625,0.466666666666667,0.470833333333333,0.475),.UNSPECIFIED.)
CURVE()
GEOMETRIC_REPRESENTATION_ITEM()
RATIONAL_B_SPLINE_CURVE((1.,0.866025403784439,1.,0.866025403784439,1.,0.866025403784439,
1.,0.866025403784439,1.,0.866025403784439,1.,0.866025403784439,1.))
REPRESENTATION_ITEM('')
);
#702=(
BOUNDED_CURVE()
B_SPLINE_CURVE(2,(#5785,#5786,#5787,#5788,#5789,#5790,#5791,#5792,#5793,
#5794,#5795,#5796,#5797),.UNSPECIFIED.,.F.,.F.)
B_SPLINE_CURVE_WITH_KNOTS((3,2,2,2,2,2,3),(0.5,0.504166666666667,0.508333333333333,
0.5125,0.516666666666667,0.520833333333333,0.525),.UNSPECIFIED.)
CURVE()
GEOMETRIC_REPRESENTATION_ITEM()
RATIONAL_B_SPLINE_CURVE((1.,0.866025403784439,1.,0.866025403784439,1.,0.866025403784439,
1.,0.866025403784439,1.,0.866025403784439,1.,0.866025403784439,1.))
REPRESENTATION_ITEM('')
);
#703=(
BOUNDED_CURVE()
B_SPLINE_CURVE(2,(#5798,#5799,#5800,#5801,#5802,#5803,#5804,#5805,#5806,
#5807,#5808,#5809,#5810),.UNSPECIFIED.,.F.,.F.)
B_SPLINE_CURVE_WITH_KNOTS((3,2,2,2,2,2,3),(0.475,0.479166666666667,0.483333333333333,
0.4875,0.491666666666667,0.495833333333333,0.5),.UNSPECIFIED.)
CURVE()
GEOMETRIC_REPRESENTATION_ITEM()
RATIONAL_B_SPLINE_CURVE((1.,0.866025403784439,1.,0.866025403784439,1.,0.866025403784439,
1.,0.866025403784439,1.,0.866025403784439,1.,0.866025403784439,1.))
REPRESENTATION_ITEM('')
);
#704=(
BOUNDED_CURVE()
B_SPLINE_CURVE(2,(#5815,#5816,#5817,#5818,#5819,#5820,#5821,#5822,#5823,
#5824,#5825,#5826,#5827),.UNSPECIFIED.,.F.,.F.)
B_SPLINE_CURVE_WITH_KNOTS((3,2,2,2,2,2,3),(0.525,0.529166666666667,0.533333333333333,
0.5375,0.541666666666667,0.545833333333333,0.55),.UNSPECIFIED.)
CURVE()
GEOMETRIC_REPRESENTATION_ITEM()
RATIONAL_B_SPLINE_CURVE((1.,0.866025403784439,1.,0.866025403784439,1.,0.866025403784439,
1.,0.866025403784439,1.,0.866025403784439,1.,0.866025403784439,1.))
REPRESENTATION_ITEM('')
);
#705=(
BOUNDED_CURVE()
B_SPLINE_CURVE(2,(#5828,#5829,#5830,#5831,#5832,#5833,#5834,#5835,#5836,
#5837,#5838,#5839,#5840),.UNSPECIFIED.,.F.,.F.)
B_SPLINE_CURVE_WITH_KNOTS((3,2,2,2,2,2,3),(0.5,0.504166666666667,0.508333333333333,
0.5125,0.516666666666667,0.520833333333333,0.525),.UNSPECIFIED.)
CURVE()
GEOMETRIC_REPRESENTATION_ITEM()
RATIONAL_B_SPLINE_CURVE((1.,0.866025403784439,1.,0.866025403784439,1.,0.866025403784439,
1.,0.866025403784439,1.,0.866025403784439,1.,0.866025403784439,1.))
REPRESENTATION_ITEM('')
);
#706=(
BOUNDED_CURVE()
B_SPLINE_CURVE(2,(#5845,#5846,#5847,#5848,#5849,#5850,#5851,#5852,#5853,
#5854,#5855,#5856,#5857),.UNSPECIFIED.,.F.,.F.)
B_SPLINE_CURVE_WITH_KNOTS((3,2,2,2,2,2,3),(0.55,0.554166666666667,0.558333333333333,
0.5625,0.566666666666667,0.570833333333333,0.575),.UNSPECIFIED.)
CURVE()
GEOMETRIC_REPRESENTATION_ITEM()
RATIONAL_B_SPLINE_CURVE((1.,0.866025403784439,1.,0.866025403784439,1.,0.866025403784439,
1.,0.866025403784439,1.,0.866025403784439,1.,0.866025403784439,1.))
REPRESENTATION_ITEM('')
);
#707=(
BOUNDED_CURVE()
B_SPLINE_CURVE(2,(#5858,#5859,#5860,#5861,#5862,#5863,#5864,#5865,#5866,
#5867,#5868,#5869,#5870),.UNSPECIFIED.,.F.,.F.)
B_SPLINE_CURVE_WITH_KNOTS((3,2,2,2,2,2,3),(0.525,0.529166666666667,0.533333333333333,
0.5375,0.541666666666667,0.545833333333333,0.55),.UNSPECIFIED.)
CURVE()
GEOMETRIC_REPRESENTATION_ITEM()
RATIONAL_B_SPLINE_CURVE((1.,0.866025403784439,1.,0.866025403784439,1.,0.866025403784439,
1.,0.866025403784439,1.,0.866025403784439,1.,0.866025403784439,1.))
REPRESENTATION_ITEM('')
);
#708=(
BOUNDED_CURVE()
B_SPLINE_CURVE(2,(#5875,#5876,#5877,#5878,#5879,#5880,#5881,#5882,#5883,
#5884,#5885,#5886,#5887),.UNSPECIFIED.,.F.,.F.)
B_SPLINE_CURVE_WITH_KNOTS((3,2,2,2,2,2,3),(0.575,0.579166666666667,0.583333333333333,
0.5875,0.591666666666667,0.595833333333333,0.6),.UNSPECIFIED.)
CURVE()
GEOMETRIC_REPRESENTATION_ITEM()
RATIONAL_B_SPLINE_CURVE((1.,0.866025403784439,1.,0.866025403784439,1.,0.866025403784439,
1.,0.866025403784439,1.,0.866025403784439,1.,0.866025403784439,1.))
REPRESENTATION_ITEM('')
);
#709=(
BOUNDED_CURVE()
B_SPLINE_CURVE(2,(#5888,#5889,#5890,#5891,#5892,#5893,#5894,#5895,#5896,
#5897,#5898,#5899,#5900),.UNSPECIFIED.,.F.,.F.)
B_SPLINE_CURVE_WITH_KNOTS((3,2,2,2,2,2,3),(0.55,0.554166666666667,0.558333333333333,
0.5625,0.566666666666667,0.570833333333333,0.575),.UNSPECIFIED.)
CURVE()
GEOMETRIC_REPRESENTATION_ITEM()
RATIONAL_B_SPLINE_CURVE((1.,0.866025403784439,1.,0.866025403784439,1.,0.866025403784439,
1.,0.866025403784439,1.,0.866025403784439,1.,0.866025403784439,1.))
REPRESENTATION_ITEM('')
);
#710=(
BOUNDED_CURVE()
B_SPLINE_CURVE(2,(#5905,#5906,#5907,#5908,#5909,#5910,#5911,#5912,#5913,
#5914,#5915,#5916,#5917),.UNSPECIFIED.,.F.,.F.)
B_SPLINE_CURVE_WITH_KNOTS((3,2,2,2,2,2,3),(0.6,0.604166666666667,0.608333333333333,
0.6125,0.616666666666667,0.620833333333333,0.625),.UNSPECIFIED.)
CURVE()
GEOMETRIC_REPRESENTATION_ITEM()
RATIONAL_B_SPLINE_CURVE((1.,0.866025403784439,1.,0.866025403784439,1.,0.866025403784439,
1.,0.866025403784439,1.,0.866025403784439,1.,0.866025403784439,1.))
REPRESENTATION_ITEM('')
);
#711=(
BOUNDED_CURVE()
B_SPLINE_CURVE(2,(#5918,#5919,#5920,#5921,#5922,#5923,#5924,#5925,#5926,
#5927,#5928,#5929,#5930),.UNSPECIFIED.,.F.,.F.)
B_SPLINE_CURVE_WITH_KNOTS((3,2,2,2,2,2,3),(0.575,0.579166666666667,0.583333333333333,
0.5875,0.591666666666667,0.595833333333333,0.6),.UNSPECIFIED.)
CURVE()
GEOMETRIC_REPRESENTATION_ITEM()
RATIONAL_B_SPLINE_CURVE((1.,0.866025403784439,1.,0.866025403784439,1.,0.866025403784439,
1.,0.866025403784439,1.,0.866025403784439,1.,0.866025403784439,1.))
REPRESENTATION_ITEM('')
);
#712=(
BOUNDED_CURVE()
B_SPLINE_CURVE(2,(#5935,#5936,#5937,#5938,#5939,#5940,#5941,#5942,#5943,
#5944,#5945,#5946,#5947),.UNSPECIFIED.,.F.,.F.)
B_SPLINE_CURVE_WITH_KNOTS((3,2,2,2,2,2,3),(0.625,0.629166666666667,0.633333333333333,
0.6375,0.641666666666667,0.645833333333333,0.65),.UNSPECIFIED.)
CURVE()
GEOMETRIC_REPRESENTATION_ITEM()
RATIONAL_B_SPLINE_CURVE((1.,0.866025403784439,1.,0.866025403784439,1.,0.866025403784439,
1.,0.866025403784439,1.,0.866025403784439,1.,0.866025403784439,1.))
REPRESENTATION_ITEM('')
);
#713=(
BOUNDED_CURVE()
B_SPLINE_CURVE(2,(#5948,#5949,#5950,#5951,#5952,#5953,#5954,#5955,#5956,
#5957,#5958,#5959,#5960),.UNSPECIFIED.,.F.,.F.)
B_SPLINE_CURVE_WITH_KNOTS((3,2,2,2,2,2,3),(0.6,0.604166666666667,0.608333333333333,
0.6125,0.616666666666667,0.620833333333333,0.625),.UNSPECIFIED.)
CURVE()
GEOMETRIC_REPRESENTATION_ITEM()
RATIONAL_B_SPLINE_CURVE((1.,0.866025403784439,1.,0.866025403784439,1.,0.866025403784439,
1.,0.866025403784439,1.,0.866025403784439,1.,0.866025403784439,1.))
REPRESENTATION_ITEM('')
);
#714=(
BOUNDED_CURVE()
B_SPLINE_CURVE(2,(#5965,#5966,#5967,#5968,#5969,#5970,#5971,#5972,#5973,
#5974,#5975,#5976,#5977),.UNSPECIFIED.,.F.,.F.)
B_SPLINE_CURVE_WITH_KNOTS((3,2,2,2,2,2,3),(0.65,0.654166666666667,0.658333333333333,
0.6625,0.666666666666667,0.670833333333333,0.675),.UNSPECIFIED.)
CURVE()
GEOMETRIC_REPRESENTATION_ITEM()
RATIONAL_B_SPLINE_CURVE((1.,0.866025403784439,1.,0.866025403784439,1.,0.866025403784439,
1.,0.866025403784439,1.,0.866025403784439,1.,0.866025403784439,1.))
REPRESENTATION_ITEM('')
);
#715=(
BOUNDED_CURVE()
B_SPLINE_CURVE(2,(#5978,#5979,#5980,#5981,#5982,#5983,#5984,#5985,#5986,
#5987,#5988,#5989,#5990),.UNSPECIFIED.,.F.,.F.)
B_SPLINE_CURVE_WITH_KNOTS((3,2,2,2,2,2,3),(0.625,0.629166666666667,0.633333333333333,
0.6375,0.641666666666667,0.645833333333333,0.65),.UNSPECIFIED.)
CURVE()
GEOMETRIC_REPRESENTATION_ITEM()
RATIONAL_B_SPLINE_CURVE((1.,0.866025403784439,1.,0.866025403784439,1.,0.866025403784439,
1.,0.866025403784439,1.,0.866025403784439,1.,0.866025403784439,1.))
REPRESENTATION_ITEM('')
);
#716=(
BOUNDED_CURVE()
B_SPLINE_CURVE(2,(#5995,#5996,#5997,#5998,#5999,#6000,#6001,#6002,#6003,
#6004,#6005,#6006,#6007),.UNSPECIFIED.,.F.,.F.)
B_SPLINE_CURVE_WITH_KNOTS((3,2,2,2,2,2,3),(0.675,0.679166666666667,0.683333333333333,
0.6875,0.691666666666667,0.695833333333333,0.7),.UNSPECIFIED.)
CURVE()
GEOMETRIC_REPRESENTATION_ITEM()
RATIONAL_B_SPLINE_CURVE((1.,0.866025403784439,1.,0.866025403784439,1.,0.866025403784439,
1.,0.866025403784439,1.,0.866025403784439,1.,0.866025403784439,1.))
REPRESENTATION_ITEM('')
);
#717=(
BOUNDED_CURVE()
B_SPLINE_CURVE(2,(#6008,#6009,#6010,#6011,#6012,#6013,#6014,#6015,#6016,
#6017,#6018,#6019,#6020),.UNSPECIFIED.,.F.,.F.)
B_SPLINE_CURVE_WITH_KNOTS((3,2,2,2,2,2,3),(0.65,0.654166666666667,0.658333333333333,
0.6625,0.666666666666667,0.670833333333333,0.675),.UNSPECIFIED.)
CURVE()
GEOMETRIC_REPRESENTATION_ITEM()
RATIONAL_B_SPLINE_CURVE((1.,0.866025403784439,1.,0.866025403784439,1.,0.866025403784439,
1.,0.866025403784439,1.,0.866025403784439,1.,0.866025403784439,1.))
REPRESENTATION_ITEM('')
);
#718=(
BOUNDED_CURVE()
B_SPLINE_CURVE(2,(#6025,#6026,#6027,#6028,#6029,#6030,#6031,#6032,#6033,
#6034,#6035,#6036,#6037),.UNSPECIFIED.,.F.,.F.)
B_SPLINE_CURVE_WITH_KNOTS((3,2,2,2,2,2,3),(0.7,0.704166666666667,0.708333333333333,
0.7125,0.716666666666667,0.720833333333333,0.725),.UNSPECIFIED.)
CURVE()
GEOMETRIC_REPRESENTATION_ITEM()
RATIONAL_B_SPLINE_CURVE((1.,0.866025403784439,1.,0.866025403784439,1.,0.866025403784439,
1.,0.866025403784439,1.,0.866025403784439,1.,0.866025403784439,1.))
REPRESENTATION_ITEM('')
);
#719=(
BOUNDED_CURVE()
B_SPLINE_CURVE(2,(#6038,#6039,#6040,#6041,#6042,#6043,#6044,#6045,#6046,
#6047,#6048,#6049,#6050),.UNSPECIFIED.,.F.,.F.)
B_SPLINE_CURVE_WITH_KNOTS((3,2,2,2,2,2,3),(0.675,0.679166666666667,0.683333333333333,
0.6875,0.691666666666667,0.695833333333333,0.7),.UNSPECIFIED.)
CURVE()
GEOMETRIC_REPRESENTATION_ITEM()
RATIONAL_B_SPLINE_CURVE((1.,0.866025403784439,1.,0.866025403784439,1.,0.866025403784439,
1.,0.866025403784439,1.,0.866025403784439,1.,0.866025403784439,1.))
REPRESENTATION_ITEM('')
);
#720=(
BOUNDED_CURVE()
B_SPLINE_CURVE(2,(#6055,#6056,#6057,#6058,#6059,#6060,#6061,#6062,#6063,
#6064,#6065,#6066,#6067),.UNSPECIFIED.,.F.,.F.)
B_SPLINE_CURVE_WITH_KNOTS((3,2,2,2,2,2,3),(0.725,0.729166666666667,0.733333333333333,
0.7375,0.741666666666667,0.745833333333333,0.75),.UNSPECIFIED.)
CURVE()
GEOMETRIC_REPRESENTATION_ITEM()
RATIONAL_B_SPLINE_CURVE((1.,0.866025403784439,1.,0.866025403784439,1.,0.866025403784439,
1.,0.866025403784439,1.,0.866025403784439,1.,0.866025403784439,1.))
REPRESENTATION_ITEM('')
);
#721=(
BOUNDED_CURVE()
B_SPLINE_CURVE(2,(#6068,#6069,#6070,#6071,#6072,#6073,#6074,#6075,#6076,
#6077,#6078,#6079,#6080),.UNSPECIFIED.,.F.,.F.)
B_SPLINE_CURVE_WITH_KNOTS((3,2,2,2,2,2,3),(0.7,0.704166666666667,0.708333333333333,
0.7125,0.716666666666667,0.720833333333333,0.725),.UNSPECIFIED.)
CURVE()
GEOMETRIC_REPRESENTATION_ITEM()
RATIONAL_B_SPLINE_CURVE((1.,0.866025403784439,1.,0.866025403784439,1.,0.866025403784439,
1.,0.866025403784439,1.,0.866025403784439,1.,0.866025403784439,1.))
REPRESENTATION_ITEM('')
);
#722=(
BOUNDED_CURVE()
B_SPLINE_CURVE(2,(#6085,#6086,#6087,#6088,#6089,#6090,#6091,#6092,#6093,
#6094,#6095,#6096,#6097),.UNSPECIFIED.,.F.,.F.)
B_SPLINE_CURVE_WITH_KNOTS((3,2,2,2,2,2,3),(0.75,0.754166666666667,0.758333333333333,
0.7625,0.766666666666667,0.770833333333333,0.775),.UNSPECIFIED.)
CURVE()
GEOMETRIC_REPRESENTATION_ITEM()
RATIONAL_B_SPLINE_CURVE((1.,0.866025403784439,1.,0.866025403784439,1.,0.866025403784439,
1.,0.866025403784439,1.,0.866025403784439,1.,0.866025403784439,1.))
REPRESENTATION_ITEM('')
);
#723=(
BOUNDED_CURVE()
B_SPLINE_CURVE(2,(#6098,#6099,#6100,#6101,#6102,#6103,#6104,#6105,#6106,
#6107,#6108,#6109,#6110),.UNSPECIFIED.,.F.,.F.)
B_SPLINE_CURVE_WITH_KNOTS((3,2,2,2,2,2,3),(0.725,0.729166666666667,0.733333333333333,
0.7375,0.741666666666667,0.745833333333333,0.75),.UNSPECIFIED.)
CURVE()
GEOMETRIC_REPRESENTATION_ITEM()
RATIONAL_B_SPLINE_CURVE((1.,0.866025403784439,1.,0.866025403784439,1.,0.866025403784439,
1.,0.866025403784439,1.,0.866025403784439,1.,0.866025403784439,1.))
REPRESENTATION_ITEM('')
);
#724=(
BOUNDED_CURVE()
B_SPLINE_CURVE(2,(#6115,#6116,#6117,#6118,#6119,#6120,#6121,#6122,#6123,
#6124,#6125,#6126,#6127),.UNSPECIFIED.,.F.,.F.)
B_SPLINE_CURVE_WITH_KNOTS((3,2,2,2,2,2,3),(0.775,0.779166666666667,0.783333333333333,
0.7875,0.791666666666667,0.795833333333333,0.8),.UNSPECIFIED.)
CURVE()
GEOMETRIC_REPRESENTATION_ITEM()
RATIONAL_B_SPLINE_CURVE((1.,0.866025403784439,1.,0.866025403784439,1.,0.866025403784439,
1.,0.866025403784439,1.,0.866025403784439,1.,0.866025403784439,1.))
REPRESENTATION_ITEM('')
);
#725=(
BOUNDED_CURVE()
B_SPLINE_CURVE(2,(#6128,#6129,#6130,#6131,#6132,#6133,#6134,#6135,#6136,
#6137,#6138,#6139,#6140),.UNSPECIFIED.,.F.,.F.)
B_SPLINE_CURVE_WITH_KNOTS((3,2,2,2,2,2,3),(0.75,0.754166666666667,0.758333333333333,
0.7625,0.766666666666667,0.770833333333333,0.775),.UNSPECIFIED.)
CURVE()
GEOMETRIC_REPRESENTATION_ITEM()
RATIONAL_B_SPLINE_CURVE((1.,0.866025403784439,1.,0.866025403784439,1.,0.866025403784439,
1.,0.866025403784439,1.,0.866025403784439,1.,0.866025403784439,1.))
REPRESENTATION_ITEM('')
);
#726=(
BOUNDED_CURVE()
B_SPLINE_CURVE(2,(#6145,#6146,#6147,#6148,#6149,#6150,#6151,#6152,#6153,
#6154,#6155,#6156,#6157),.UNSPECIFIED.,.F.,.F.)
B_SPLINE_CURVE_WITH_KNOTS((3,2,2,2,2,2,3),(0.8,0.804166666666667,0.808333333333333,
0.8125,0.816666666666667,0.820833333333333,0.825),.UNSPECIFIED.)
CURVE()
GEOMETRIC_REPRESENTATION_ITEM()
RATIONAL_B_SPLINE_CURVE((1.,0.866025403784439,1.,0.866025403784439,1.,0.866025403784439,
1.,0.866025403784439,1.,0.866025403784439,1.,0.866025403784439,1.))
REPRESENTATION_ITEM('')
);
#727=(
BOUNDED_CURVE()
B_SPLINE_CURVE(2,(#6158,#6159,#6160,#6161,#6162,#6163,#6164,#6165,#6166,
#6167,#6168,#6169,#6170),.UNSPECIFIED.,.F.,.F.)
B_SPLINE_CURVE_WITH_KNOTS((3,2,2,2,2,2,3),(0.775,0.779166666666667,0.783333333333333,
0.7875,0.791666666666667,0.795833333333333,0.8),.UNSPECIFIED.)
CURVE()
GEOMETRIC_REPRESENTATION_ITEM()
RATIONAL_B_SPLINE_CURVE((1.,0.866025403784439,1.,0.866025403784439,1.,0.866025403784439,
1.,0.866025403784439,1.,0.866025403784439,1.,0.866025403784439,1.))
REPRESENTATION_ITEM('')
);
#728=(
BOUNDED_CURVE()
B_SPLINE_CURVE(2,(#6175,#6176,#6177,#6178,#6179,#6180,#6181,#6182,#6183,
#6184,#6185,#6186,#6187),.UNSPECIFIED.,.F.,.F.)
B_SPLINE_CURVE_WITH_KNOTS((3,2,2,2,2,2,3),(0.825,0.829166666666667,0.833333333333333,
0.8375,0.841666666666667,0.845833333333333,0.85),.UNSPECIFIED.)
CURVE()
GEOMETRIC_REPRESENTATION_ITEM()
RATIONAL_B_SPLINE_CURVE((1.,0.866025403784439,1.,0.866025403784439,1.,0.866025403784439,
1.,0.866025403784439,1.,0.866025403784439,1.,0.866025403784439,1.))
REPRESENTATION_ITEM('')
);
#729=(
BOUNDED_CURVE()
B_SPLINE_CURVE(2,(#6188,#6189,#6190,#6191,#6192,#6193,#6194,#6195,#6196,
#6197,#6198,#6199,#6200),.UNSPECIFIED.,.F.,.F.)
B_SPLINE_CURVE_WITH_KNOTS((3,2,2,2,2,2,3),(0.8,0.804166666666667,0.808333333333333,
0.8125,0.816666666666667,0.820833333333333,0.825),.UNSPECIFIED.)
CURVE()
GEOMETRIC_REPRESENTATION_ITEM()
RATIONAL_B_SPLINE_CURVE((1.,0.866025403784439,1.,0.866025403784439,1.,0.866025403784439,
1.,0.866025403784439,1.,0.866025403784439,1.,0.866025403784439,1.))
REPRESENTATION_ITEM('')
);
#730=(
BOUNDED_CURVE()
B_SPLINE_CURVE(2,(#6205,#6206,#6207,#6208,#6209,#6210,#6211,#6212,#6213,
#6214,#6215,#6216,#6217),.UNSPECIFIED.,.F.,.F.)
B_SPLINE_CURVE_WITH_KNOTS((3,2,2,2,2,2,3),(0.85,0.854166666666667,0.858333333333333,
0.8625,0.866666666666667,0.870833333333333,0.875),.UNSPECIFIED.)
CURVE()
GEOMETRIC_REPRESENTATION_ITEM()
RATIONAL_B_SPLINE_CURVE((1.,0.866025403784439,1.,0.866025403784439,1.,0.866025403784439,
1.,0.866025403784439,1.,0.866025403784439,1.,0.866025403784439,1.))
REPRESENTATION_ITEM('')
);
#731=(
BOUNDED_CURVE()
B_SPLINE_CURVE(2,(#6218,#6219,#6220,#6221,#6222,#6223,#6224,#6225,#6226,
#6227,#6228,#6229,#6230),.UNSPECIFIED.,.F.,.F.)
B_SPLINE_CURVE_WITH_KNOTS((3,2,2,2,2,2,3),(0.825,0.829166666666667,0.833333333333333,
0.8375,0.841666666666667,0.845833333333333,0.85),.UNSPECIFIED.)
CURVE()
GEOMETRIC_REPRESENTATION_ITEM()
RATIONAL_B_SPLINE_CURVE((1.,0.866025403784439,1.,0.866025403784439,1.,0.866025403784439,
1.,0.866025403784439,1.,0.866025403784439,1.,0.866025403784439,1.))
REPRESENTATION_ITEM('')
);
#732=(
BOUNDED_CURVE()
B_SPLINE_CURVE(2,(#6235,#6236,#6237,#6238,#6239,#6240,#6241,#6242,#6243,
#6244,#6245,#6246,#6247),.UNSPECIFIED.,.F.,.F.)
B_SPLINE_CURVE_WITH_KNOTS((3,2,2,2,2,2,3),(0.875,0.879166666666667,0.883333333333333,
0.8875,0.891666666666667,0.895833333333333,0.9),.UNSPECIFIED.)
CURVE()
GEOMETRIC_REPRESENTATION_ITEM()
RATIONAL_B_SPLINE_CURVE((1.,0.866025403784439,1.,0.866025403784439,1.,0.866025403784439,
1.,0.866025403784439,1.,0.866025403784439,1.,0.866025403784439,1.))
REPRESENTATION_ITEM('')
);
#733=(
BOUNDED_CURVE()
B_SPLINE_CURVE(2,(#6248,#6249,#6250,#6251,#6252,#6253,#6254,#6255,#6256,
#6257,#6258,#6259,#6260),.UNSPECIFIED.,.F.,.F.)
B_SPLINE_CURVE_WITH_KNOTS((3,2,2,2,2,2,3),(0.85,0.854166666666667,0.858333333333333,
0.8625,0.866666666666667,0.870833333333333,0.875),.UNSPECIFIED.)
CURVE()
GEOMETRIC_REPRESENTATION_ITEM()
RATIONAL_B_SPLINE_CURVE((1.,0.866025403784439,1.,0.866025403784439,1.,0.866025403784439,
1.,0.866025403784439,1.,0.866025403784439,1.,0.866025403784439,1.))
REPRESENTATION_ITEM('')
);
#734=(
BOUNDED_CURVE()
B_SPLINE_CURVE(2,(#6265,#6266,#6267,#6268,#6269,#6270,#6271,#6272,#6273,
#6274,#6275,#6276,#6277),.UNSPECIFIED.,.F.,.F.)
B_SPLINE_CURVE_WITH_KNOTS((3,2,2,2,2,2,3),(0.9,0.904166666666667,0.908333333333333,
0.9125,0.916666666666667,0.920833333333333,0.925),.UNSPECIFIED.)
CURVE()
GEOMETRIC_REPRESENTATION_ITEM()
RATIONAL_B_SPLINE_CURVE((1.,0.866025403784439,1.,0.866025403784439,1.,0.866025403784439,
1.,0.866025403784439,1.,0.866025403784439,1.,0.866025403784439,1.))
REPRESENTATION_ITEM('')
);
#735=(
BOUNDED_CURVE()
B_SPLINE_CURVE(2,(#6278,#6279,#6280,#6281,#6282,#6283,#6284,#6285,#6286,
#6287,#6288,#6289,#6290),.UNSPECIFIED.,.F.,.F.)
B_SPLINE_CURVE_WITH_KNOTS((3,2,2,2,2,2,3),(0.875,0.879166666666667,0.883333333333333,
0.8875,0.891666666666667,0.895833333333333,0.9),.UNSPECIFIED.)
CURVE()
GEOMETRIC_REPRESENTATION_ITEM()
RATIONAL_B_SPLINE_CURVE((1.,0.866025403784439,1.,0.866025403784439,1.,0.866025403784439,
1.,0.866025403784439,1.,0.866025403784439,1.,0.866025403784439,1.))
REPRESENTATION_ITEM('')
);
#736=(
BOUNDED_CURVE()
B_SPLINE_CURVE(2,(#6366,#6367,#6368),.UNSPECIFIED.,.F.,.F.)
B_SPLINE_CURVE_WITH_KNOTS((3,3),(-0.3218671551163,-0.124274873543866),
 .UNSPECIFIED.)
CURVE()
GEOMETRIC_REPRESENTATION_ITEM()
RATIONAL_B_SPLINE_CURVE((1.46410161513777,1.69059892324147,1.46410161513777))
REPRESENTATION_ITEM('')
);
#737=(
BOUNDED_CURVE()
B_SPLINE_CURVE(2,(#6370,#6371,#6372),.UNSPECIFIED.,.F.,.F.)
B_SPLINE_CURVE_WITH_KNOTS((3,3),(0.124274873543865,0.321867155116301),
 .UNSPECIFIED.)
CURVE()
GEOMETRIC_REPRESENTATION_ITEM()
RATIONAL_B_SPLINE_CURVE((1.46410161513778,1.69059892324148,1.46410161513778))
REPRESENTATION_ITEM('')
);
#738=(
BOUNDED_CURVE()
B_SPLINE_CURVE(2,(#6374,#6375,#6376),.UNSPECIFIED.,.F.,.F.)
B_SPLINE_CURVE_WITH_KNOTS((3,3),(0.124274873543866,0.321867155116301),
 .UNSPECIFIED.)
CURVE()
GEOMETRIC_REPRESENTATION_ITEM()
RATIONAL_B_SPLINE_CURVE((1.46410161513777,1.69059892324148,1.46410161513777))
REPRESENTATION_ITEM('')
);
#739=(
BOUNDED_CURVE()
B_SPLINE_CURVE(2,(#6378,#6379,#6380),.UNSPECIFIED.,.F.,.F.)
B_SPLINE_CURVE_WITH_KNOTS((3,3),(0.124274873543865,0.3218671551163),
 .UNSPECIFIED.)
CURVE()
GEOMETRIC_REPRESENTATION_ITEM()
RATIONAL_B_SPLINE_CURVE((1.46410161513778,1.69059892324148,1.46410161513778))
REPRESENTATION_ITEM('')
);
#740=(
BOUNDED_CURVE()
B_SPLINE_CURVE(2,(#6382,#6383,#6384),.UNSPECIFIED.,.F.,.F.)
B_SPLINE_CURVE_WITH_KNOTS((3,3),(0.124274873543866,0.321867155116298),
 .UNSPECIFIED.)
CURVE()
GEOMETRIC_REPRESENTATION_ITEM()
RATIONAL_B_SPLINE_CURVE((1.46410161513778,1.69059892324148,1.46410161513778))
REPRESENTATION_ITEM('')
);
#741=(
BOUNDED_CURVE()
B_SPLINE_CURVE(2,(#6386,#6387,#6388),.UNSPECIFIED.,.F.,.F.)
B_SPLINE_CURVE_WITH_KNOTS((3,3),(0.124274873543865,0.321867155116299),
 .UNSPECIFIED.)
CURVE()
GEOMETRIC_REPRESENTATION_ITEM()
RATIONAL_B_SPLINE_CURVE((1.46410161513778,1.69059892324148,1.46410161513778))
REPRESENTATION_ITEM('')
);
#742=(
BOUNDED_CURVE()
B_SPLINE_CURVE(2,(#6415,#6416,#6417,#6418,#6419,#6420,#6421,#6422,#6423,
#6424,#6425),.UNSPECIFIED.,.F.,.F.)
B_SPLINE_CURVE_WITH_KNOTS((3,2,2,2,2,3),(0.9,0.904166666666667,0.908333333333333,
0.9125,0.916666666666667,0.920738021868659),.UNSPECIFIED.)
CURVE()
GEOMETRIC_REPRESENTATION_ITEM()
RATIONAL_B_SPLINE_CURVE((1.,0.866025403784439,1.,0.866025403784439,1.,0.866025403784439,
1.,0.866025403784439,1.,0.869090039383105,0.994010934358316))
REPRESENTATION_ITEM('')
);
#743=(
BOUNDED_CURVE()
B_SPLINE_CURVE(2,(#6426,#6427,#6428,#6429,#6430,#6431,#6432,#6433,#6434,
#6435,#6436),.UNSPECIFIED.,.F.,.F.)
B_SPLINE_CURVE_WITH_KNOTS((3,2,2,2,2,3),(0.925,0.929166666666667,0.933333333333333,
0.9375,0.941666666666667,0.942680500272714),.UNSPECIFIED.)
CURVE()
GEOMETRIC_REPRESENTATION_ITEM()
RATIONAL_B_SPLINE_CURVE((1.,0.866025403784439,1.,0.866025403784439,1.,0.866025403784439,
1.,0.866025403784439,1.,0.967401292480003,0.9506664242548))
REPRESENTATION_ITEM('')
);
#744=(
BOUNDED_CURVE()
B_SPLINE_CURVE(2,(#7462,#7463,#7464),.UNSPECIFIED.,.F.,.F.)
B_SPLINE_CURVE_WITH_KNOTS((3,3),(0.011834123453175,0.0125),
 .UNSPECIFIED.)
CURVE()
GEOMETRIC_REPRESENTATION_ITEM()
RATIONAL_B_SPLINE_CURVE((0.964022189566535,0.97858947004233,1.))
REPRESENTATION_ITEM('')
);
#745=LINE('',#4120,#944);
#746=LINE('',#4143,#945);
#747=LINE('',#4173,#946);
#748=LINE('',#4203,#947);
#749=LINE('',#4233,#948);
#750=LINE('',#4263,#949);
#751=LINE('',#4293,#950);
#752=LINE('',#4323,#951);
#753=LINE('',#4353,#952);
#754=LINE('',#4383,#953);
#755=LINE('',#4413,#954);
#756=LINE('',#4443,#955);
#757=LINE('',#4473,#956);
#758=LINE('',#4503,#957);
#759=LINE('',#4533,#958);
#760=LINE('',#4563,#959);
#761=LINE('',#4593,#960);
#762=LINE('',#4623,#961);
#763=LINE('',#4653,#962);
#764=LINE('',#4683,#963);
#765=LINE('',#4713,#964);
#766=LINE('',#4743,#965);
#767=LINE('',#4773,#966);
#768=LINE('',#4803,#967);
#769=LINE('',#4833,#968);
#770=LINE('',#4863,#969);
#771=LINE('',#4893,#970);
#772=LINE('',#4923,#971);
#773=LINE('',#4953,#972);
#774=LINE('',#4983,#973);
#775=LINE('',#5013,#974);
#776=LINE('',#5043,#975);
#777=LINE('',#5073,#976);
#778=LINE('',#5103,#977);
#779=LINE('',#5133,#978);
#780=LINE('',#5163,#979);
#781=LINE('',#5193,#980);
#782=LINE('',#5225,#981);
#783=LINE('',#5244,#982);
#784=LINE('',#5274,#983);
#785=LINE('',#5304,#984);
#786=LINE('',#5334,#985);
#787=LINE('',#5364,#986);
#788=LINE('',#5394,#987);
#789=LINE('',#5424,#988);
#790=LINE('',#5454,#989);
#791=LINE('',#5484,#990);
#792=LINE('',#5514,#991);
#793=LINE('',#5544,#992);
#794=LINE('',#5574,#993);
#795=LINE('',#5604,#994);
#796=LINE('',#5634,#995);
#797=LINE('',#5664,#996);
#798=LINE('',#5694,#997);
#799=LINE('',#5724,#998);
#800=LINE('',#5754,#999);
#801=LINE('',#5784,#1000);
#802=LINE('',#5814,#1001);
#803=LINE('',#5844,#1002);
#804=LINE('',#5874,#1003);
#805=LINE('',#5904,#1004);
#806=LINE('',#5934,#1005);
#807=LINE('',#5964,#1006);
#808=LINE('',#5994,#1007);
#809=LINE('',#6024,#1008);
#810=LINE('',#6054,#1009);
#811=LINE('',#6084,#1010);
#812=LINE('',#6114,#1011);
#813=LINE('',#6144,#1012);
#814=LINE('',#6174,#1013);
#815=LINE('',#6204,#1014);
#816=LINE('',#6234,#1015);
#817=LINE('',#6264,#1016);
#818=LINE('',#6310,#1017);
#819=LINE('',#6339,#1018);
#820=LINE('',#6392,#1019);
#821=LINE('',#6394,#1020);
#822=LINE('',#6396,#1021);
#823=LINE('',#6398,#1022);
#824=LINE('',#6400,#1023);
#825=LINE('',#6401,#1024);
#826=LINE('',#6403,#1025);
#827=LINE('',#6404,#1026);
#828=LINE('',#6406,#1027);
#829=LINE('',#6408,#1028);
#830=LINE('',#6410,#1029);
#831=LINE('',#6412,#1030);
#832=LINE('',#6464,#1031);
#833=LINE('',#8431,#1032);
#834=LINE('',#8437,#1033);
#835=LINE('',#8443,#1034);
#836=LINE('',#8449,#1035);
#837=LINE('',#8454,#1036);
#838=LINE('',#8458,#1037);
#839=LINE('',#8462,#1038);
#840=LINE('',#8466,#1039);
#841=LINE('',#8470,#1040);
#842=LINE('',#8474,#1041);
#843=LINE('',#8478,#1042);
#844=LINE('',#8482,#1043);
#845=LINE('',#8489,#1044);
#846=LINE('',#8493,#1045);
#847=LINE('',#8497,#1046);
#848=LINE('',#8501,#1047);
#849=LINE('',#8505,#1048);
#850=LINE('',#8509,#1049);
#851=LINE('',#8513,#1050);
#852=LINE('',#8517,#1051);
#853=LINE('',#8522,#1052);
#854=LINE('',#8523,#1053);
#855=LINE('',#8525,#1054);
#856=LINE('',#8527,#1055);
#857=LINE('',#8528,#1056);
#858=LINE('',#8530,#1057);
#859=LINE('',#8532,#1058);
#860=LINE('',#8534,#1059);
#861=LINE('',#8535,#1060);
#862=LINE('',#8537,#1061);
#863=LINE('',#8539,#1062);
#864=LINE('',#8541,#1063);
#865=LINE('',#8542,#1064);
#866=LINE('',#8544,#1065);
#867=LINE('',#8546,#1066);
#868=LINE('',#8548,#1067);
#869=LINE('',#8554,#1068);
#870=LINE('',#8561,#1069);
#871=LINE('',#8567,#1070);
#872=LINE('',#8573,#1071);
#873=LINE('',#8579,#1072);
#874=LINE('',#8584,#1073);
#875=LINE('',#8588,#1074);
#876=LINE('',#8592,#1075);
#877=LINE('',#8596,#1076);
#878=LINE('',#8600,#1077);
#879=LINE('',#8604,#1078);
#880=LINE('',#8608,#1079);
#881=LINE('',#8612,#1080);
#882=LINE('',#8619,#1081);
#883=LINE('',#8623,#1082);
#884=LINE('',#8627,#1083);
#885=LINE('',#8631,#1084);
#886=LINE('',#8635,#1085);
#887=LINE('',#8639,#1086);
#888=LINE('',#8643,#1087);
#889=LINE('',#8647,#1088);
#890=LINE('',#8652,#1089);
#891=LINE('',#8653,#1090);
#892=LINE('',#8655,#1091);
#893=LINE('',#8657,#1092);
#894=LINE('',#8658,#1093);
#895=LINE('',#8660,#1094);
#896=LINE('',#8662,#1095);
#897=LINE('',#8664,#1096);
#898=LINE('',#8665,#1097);
#899=LINE('',#8667,#1098);
#900=LINE('',#8669,#1099);
#901=LINE('',#8671,#1100);
#902=LINE('',#8672,#1101);
#903=LINE('',#8674,#1102);
#904=LINE('',#8676,#1103);
#905=LINE('',#8678,#1104);
#906=LINE('',#8684,#1105);
#907=LINE('',#8691,#1106);
#908=LINE('',#8697,#1107);
#909=LINE('',#8703,#1108);
#910=LINE('',#8709,#1109);
#911=LINE('',#8714,#1110);
#912=LINE('',#8718,#1111);
#913=LINE('',#8722,#1112);
#914=LINE('',#8726,#1113);
#915=LINE('',#8730,#1114);
#916=LINE('',#8734,#1115);
#917=LINE('',#8738,#1116);
#918=LINE('',#8742,#1117);
#919=LINE('',#8749,#1118);
#920=LINE('',#8753,#1119);
#921=LINE('',#8757,#1120);
#922=LINE('',#8761,#1121);
#923=LINE('',#8765,#1122);
#924=LINE('',#8769,#1123);
#925=LINE('',#8773,#1124);
#926=LINE('',#8777,#1125);
#927=LINE('',#8782,#1126);
#928=LINE('',#8783,#1127);
#929=LINE('',#8785,#1128);
#930=LINE('',#8787,#1129);
#931=LINE('',#8788,#1130);
#932=LINE('',#8790,#1131);
#933=LINE('',#8792,#1132);
#934=LINE('',#8794,#1133);
#935=LINE('',#8795,#1134);
#936=LINE('',#8797,#1135);
#937=LINE('',#8799,#1136);
#938=LINE('',#8801,#1137);
#939=LINE('',#8802,#1138);
#940=LINE('',#8804,#1139);
#941=LINE('',#8806,#1140);
#942=LINE('',#8808,#1141);
#943=LINE('',#8814,#1142);
#944=VECTOR('',#3389,1.17524047358083);
#945=VECTOR('',#3394,1.17524047358083);
#946=VECTOR('',#3397,1.17524047358083);
#947=VECTOR('',#3400,1.17524047358083);
#948=VECTOR('',#3403,1.17524047358083);
#949=VECTOR('',#3406,1.17524047358083);
#950=VECTOR('',#3409,1.17524047358083);
#951=VECTOR('',#3412,1.17524047358083);
#952=VECTOR('',#3415,1.17524047358083);
#953=VECTOR('',#3418,1.17524047358083);
#954=VECTOR('',#3421,1.17524047358083);
#955=VECTOR('',#3424,1.17524047358083);
#956=VECTOR('',#3427,1.17524047358083);
#957=VECTOR('',#3430,1.17524047358083);
#958=VECTOR('',#3433,1.17524047358083);
#959=VECTOR('',#3436,1.17524047358083);
#960=VECTOR('',#3439,1.17524047358083);
#961=VECTOR('',#3442,1.17524047358083);
#962=VECTOR('',#3445,1.17524047358083);
#963=VECTOR('',#3448,1.17524047358083);
#964=VECTOR('',#3451,1.17524047358083);
#965=VECTOR('',#3454,1.17524047358083);
#966=VECTOR('',#3457,1.17524047358083);
#967=VECTOR('',#3460,1.17524047358083);
#968=VECTOR('',#3463,1.17524047358083);
#969=VECTOR('',#3466,1.17524047358083);
#970=VECTOR('',#3469,1.17524047358083);
#971=VECTOR('',#3472,1.17524047358083);
#972=VECTOR('',#3475,1.17524047358083);
#973=VECTOR('',#3478,1.17524047358083);
#974=VECTOR('',#3481,1.17524047358083);
#975=VECTOR('',#3484,1.17524047358083);
#976=VECTOR('',#3487,1.17524047358083);
#977=VECTOR('',#3490,1.17524047358083);
#978=VECTOR('',#3493,1.17524047358083);
#979=VECTOR('',#3496,1.17524047358083);
#980=VECTOR('',#3499,1.17524047358083);
#981=VECTOR('',#3504,1.50000000000001);
#982=VECTOR('',#3509,1.50000000000001);
#983=VECTOR('',#3512,1.50000000000001);
#984=VECTOR('',#3515,1.50000000000001);
#985=VECTOR('',#3518,1.50000000000001);
#986=VECTOR('',#3521,1.50000000000001);
#987=VECTOR('',#3524,1.50000000000001);
#988=VECTOR('',#3527,1.50000000000001);
#989=VECTOR('',#3530,1.50000000000001);
#990=VECTOR('',#3533,1.50000000000001);
#991=VECTOR('',#3536,1.50000000000001);
#992=VECTOR('',#3539,1.50000000000001);
#993=VECTOR('',#3542,1.50000000000001);
#994=VECTOR('',#3545,1.50000000000001);
#995=VECTOR('',#3548,1.50000000000001);
#996=VECTOR('',#3551,1.50000000000001);
#997=VECTOR('',#3554,1.50000000000001);
#998=VECTOR('',#3557,1.50000000000001);
#999=VECTOR('',#3560,1.50000000000001);
#1000=VECTOR('',#3563,1.50000000000001);
#1001=VECTOR('',#3566,1.50000000000001);
#1002=VECTOR('',#3569,1.50000000000001);
#1003=VECTOR('',#3572,1.50000000000001);
#1004=VECTOR('',#3575,1.50000000000001);
#1005=VECTOR('',#3578,1.50000000000001);
#1006=VECTOR('',#3581,1.50000000000001);
#1007=VECTOR('',#3584,1.50000000000001);
#1008=VECTOR('',#3587,1.50000000000001);
#1009=VECTOR('',#3590,1.50000000000001);
#1010=VECTOR('',#3593,1.50000000000001);
#1011=VECTOR('',#3596,1.50000000000001);
#1012=VECTOR('',#3599,1.50000000000001);
#1013=VECTOR('',#3602,1.50000000000001);
#1014=VECTOR('',#3605,1.50000000000001);
#1015=VECTOR('',#3608,1.50000000000001);
#1016=VECTOR('',#3611,1.50000000000001);
#1017=VECTOR('',#3632,3.);
#1018=VECTOR('',#3641,3.);
#1019=VECTOR('',#3658,1.15470053837925);
#1020=VECTOR('',#3659,1.15470053837925);
#1021=VECTOR('',#3660,1.15470053837925);
#1022=VECTOR('',#3661,1.15470053837925);
#1023=VECTOR('',#3662,1.15470053837925);
#1024=VECTOR('',#3663,1.15470053837925);
#1025=VECTOR('',#3666,1.19);
#1026=VECTOR('',#3667,1.19);
#1027=VECTOR('',#3670,1.19);
#1028=VECTOR('',#3673,1.19);
#1029=VECTOR('',#3676,1.19);
#1030=VECTOR('',#3679,1.19);
#1031=VECTOR('',#3686,1.50000000000001);
#1032=VECTOR('',#3699,1.7);
#1033=VECTOR('',#3706,1.7);
#1034=VECTOR('',#3713,1.7);
#1035=VECTOR('',#3720,1.7);
#1036=VECTOR('',#3725,12.3997193892551);
#1037=VECTOR('',#3728,12.3997193892551);
#1038=VECTOR('',#3731,12.3997193892551);
#1039=VECTOR('',#3734,12.3997193892551);
#1040=VECTOR('',#3737,12.3997193892551);
#1041=VECTOR('',#3740,12.3997193892551);
#1042=VECTOR('',#3743,12.3997193892551);
#1043=VECTOR('',#3746,12.3997193892551);
#1044=VECTOR('',#3753,12.3997193892551);
#1045=VECTOR('',#3756,12.3997193892551);
#1046=VECTOR('',#3759,12.3997193892551);
#1047=VECTOR('',#3762,12.3997193892551);
#1048=VECTOR('',#3765,12.3997193892551);
#1049=VECTOR('',#3768,12.3997193892551);
#1050=VECTOR('',#3771,12.3997193892551);
#1051=VECTOR('',#3774,12.3997193892551);
#1052=VECTOR('',#3781,0.254);
#1053=VECTOR('',#3782,10.);
#1054=VECTOR('',#3785,10.);
#1055=VECTOR('',#3788,10.);
#1056=VECTOR('',#3789,10.);
#1057=VECTOR('',#3792,10.);
#1058=VECTOR('',#3795,10.);
#1059=VECTOR('',#3798,10.);
#1060=VECTOR('',#3799,10.);
#1061=VECTOR('',#3802,10.);
#1062=VECTOR('',#3805,10.);
#1063=VECTOR('',#3808,10.);
#1064=VECTOR('',#3809,10.);
#1065=VECTOR('',#3812,10.);
#1066=VECTOR('',#3815,10.);
#1067=VECTOR('',#3818,10.);
#1068=VECTOR('',#3829,1.5);
#1069=VECTOR('',#3838,1.7);
#1070=VECTOR('',#3845,1.7);
#1071=VECTOR('',#3852,1.7);
#1072=VECTOR('',#3859,1.7);
#1073=VECTOR('',#3864,12.3997193892551);
#1074=VECTOR('',#3867,12.3997193892551);
#1075=VECTOR('',#3870,12.3997193892551);
#1076=VECTOR('',#3873,12.3997193892551);
#1077=VECTOR('',#3876,12.3997193892551);
#1078=VECTOR('',#3879,12.3997193892551);
#1079=VECTOR('',#3882,12.3997193892551);
#1080=VECTOR('',#3885,12.3997193892551);
#1081=VECTOR('',#3892,12.3997193892551);
#1082=VECTOR('',#3895,12.3997193892551);
#1083=VECTOR('',#3898,12.3997193892551);
#1084=VECTOR('',#3901,12.3997193892551);
#1085=VECTOR('',#3904,12.3997193892551);
#1086=VECTOR('',#3907,12.3997193892551);
#1087=VECTOR('',#3910,12.3997193892551);
#1088=VECTOR('',#3913,12.3997193892551);
#1089=VECTOR('',#3920,0.254);
#1090=VECTOR('',#3921,10.);
#1091=VECTOR('',#3924,10.);
#1092=VECTOR('',#3927,10.);
#1093=VECTOR('',#3928,10.);
#1094=VECTOR('',#3931,10.);
#1095=VECTOR('',#3934,10.);
#1096=VECTOR('',#3937,10.);
#1097=VECTOR('',#3938,10.);
#1098=VECTOR('',#3941,10.);
#1099=VECTOR('',#3944,10.);
#1100=VECTOR('',#3947,10.);
#1101=VECTOR('',#3948,10.);
#1102=VECTOR('',#3951,10.);
#1103=VECTOR('',#3954,10.);
#1104=VECTOR('',#3957,10.);
#1105=VECTOR('',#3968,1.5);
#1106=VECTOR('',#3977,1.7);
#1107=VECTOR('',#3984,1.7);
#1108=VECTOR('',#3991,1.7);
#1109=VECTOR('',#3998,1.7);
#1110=VECTOR('',#4003,12.3997193892551);
#1111=VECTOR('',#4006,12.3997193892551);
#1112=VECTOR('',#4009,12.3997193892551);
#1113=VECTOR('',#4012,12.3997193892551);
#1114=VECTOR('',#4015,12.3997193892551);
#1115=VECTOR('',#4018,12.3997193892551);
#1116=VECTOR('',#4021,12.3997193892551);
#1117=VECTOR('',#4024,12.3997193892551);
#1118=VECTOR('',#4031,12.3997193892551);
#1119=VECTOR('',#4034,12.3997193892551);
#1120=VECTOR('',#4037,12.3997193892551);
#1121=VECTOR('',#4040,12.3997193892551);
#1122=VECTOR('',#4043,12.3997193892551);
#1123=VECTOR('',#4046,12.3997193892551);
#1124=VECTOR('',#4049,12.3997193892551);
#1125=VECTOR('',#4052,12.3997193892551);
#1126=VECTOR('',#4059,0.254);
#1127=VECTOR('',#4060,10.);
#1128=VECTOR('',#4063,10.);
#1129=VECTOR('',#4066,10.);
#1130=VECTOR('',#4067,10.);
#1131=VECTOR('',#4070,10.);
#1132=VECTOR('',#4073,10.);
#1133=VECTOR('',#4076,10.);
#1134=VECTOR('',#4077,10.);
#1135=VECTOR('',#4080,10.);
#1136=VECTOR('',#4083,10.);
#1137=VECTOR('',#4086,10.);
#1138=VECTOR('',#4087,10.);
#1139=VECTOR('',#4090,10.);
#1140=VECTOR('',#4093,10.);
#1141=VECTOR('',#4096,10.);
#1142=VECTOR('',#4107,1.5);
#1143=VERTEX_POINT('',#4118);
#1144=VERTEX_POINT('',#4119);
#1145=VERTEX_POINT('',#4121);
#1146=VERTEX_POINT('',#4131);
#1147=VERTEX_POINT('',#4141);
#1148=VERTEX_POINT('',#4142);
#1149=VERTEX_POINT('',#4171);
#1150=VERTEX_POINT('',#4172);
#1151=VERTEX_POINT('',#4201);
#1152=VERTEX_POINT('',#4202);
#1153=VERTEX_POINT('',#4231);
#1154=VERTEX_POINT('',#4232);
#1155=VERTEX_POINT('',#4261);
#1156=VERTEX_POINT('',#4262);
#1157=VERTEX_POINT('',#4291);
#1158=VERTEX_POINT('',#4292);
#1159=VERTEX_POINT('',#4321);
#1160=VERTEX_POINT('',#4322);
#1161=VERTEX_POINT('',#4351);
#1162=VERTEX_POINT('',#4352);
#1163=VERTEX_POINT('',#4381);
#1164=VERTEX_POINT('',#4382);
#1165=VERTEX_POINT('',#4411);
#1166=VERTEX_POINT('',#4412);
#1167=VERTEX_POINT('',#4441);
#1168=VERTEX_POINT('',#4442);
#1169=VERTEX_POINT('',#4471);
#1170=VERTEX_POINT('',#4472);
#1171=VERTEX_POINT('',#4501);
#1172=VERTEX_POINT('',#4502);
#1173=VERTEX_POINT('',#4531);
#1174=VERTEX_POINT('',#4532);
#1175=VERTEX_POINT('',#4561);
#1176=VERTEX_POINT('',#4562);
#1177=VERTEX_POINT('',#4591);
#1178=VERTEX_POINT('',#4592);
#1179=VERTEX_POINT('',#4621);
#1180=VERTEX_POINT('',#4622);
#1181=VERTEX_POINT('',#4651);
#1182=VERTEX_POINT('',#4652);
#1183=VERTEX_POINT('',#4681);
#1184=VERTEX_POINT('',#4682);
#1185=VERTEX_POINT('',#4711);
#1186=VERTEX_POINT('',#4712);
#1187=VERTEX_POINT('',#4741);
#1188=VERTEX_POINT('',#4742);
#1189=VERTEX_POINT('',#4771);
#1190=VERTEX_POINT('',#4772);
#1191=VERTEX_POINT('',#4801);
#1192=VERTEX_POINT('',#4802);
#1193=VERTEX_POINT('',#4831);
#1194=VERTEX_POINT('',#4832);
#1195=VERTEX_POINT('',#4861);
#1196=VERTEX_POINT('',#4862);
#1197=VERTEX_POINT('',#4891);
#1198=VERTEX_POINT('',#4892);
#1199=VERTEX_POINT('',#4921);
#1200=VERTEX_POINT('',#4922);
#1201=VERTEX_POINT('',#4951);
#1202=VERTEX_POINT('',#4952);
#1203=VERTEX_POINT('',#4981);
#1204=VERTEX_POINT('',#4982);
#1205=VERTEX_POINT('',#5011);
#1206=VERTEX_POINT('',#5012);
#1207=VERTEX_POINT('',#5041);
#1208=VERTEX_POINT('',#5042);
#1209=VERTEX_POINT('',#5071);
#1210=VERTEX_POINT('',#5072);
#1211=VERTEX_POINT('',#5101);
#1212=VERTEX_POINT('',#5102);
#1213=VERTEX_POINT('',#5131);
#1214=VERTEX_POINT('',#5132);
#1215=VERTEX_POINT('',#5161);
#1216=VERTEX_POINT('',#5162);
#1217=VERTEX_POINT('',#5191);
#1218=VERTEX_POINT('',#5192);
#1219=VERTEX_POINT('',#5194);
#1220=VERTEX_POINT('',#5223);
#1221=VERTEX_POINT('',#5224);
#1222=VERTEX_POINT('',#5226);
#1223=VERTEX_POINT('',#5234);
#1224=VERTEX_POINT('',#5242);
#1225=VERTEX_POINT('',#5243);
#1226=VERTEX_POINT('',#5272);
#1227=VERTEX_POINT('',#5273);
#1228=VERTEX_POINT('',#5302);
#1229=VERTEX_POINT('',#5303);
#1230=VERTEX_POINT('',#5332);
#1231=VERTEX_POINT('',#5333);
#1232=VERTEX_POINT('',#5362);
#1233=VERTEX_POINT('',#5363);
#1234=VERTEX_POINT('',#5392);
#1235=VERTEX_POINT('',#5393);
#1236=VERTEX_POINT('',#5422);
#1237=VERTEX_POINT('',#5423);
#1238=VERTEX_POINT('',#5452);
#1239=VERTEX_POINT('',#5453);
#1240=VERTEX_POINT('',#5482);
#1241=VERTEX_POINT('',#5483);
#1242=VERTEX_POINT('',#5512);
#1243=VERTEX_POINT('',#5513);
#1244=VERTEX_POINT('',#5542);
#1245=VERTEX_POINT('',#5543);
#1246=VERTEX_POINT('',#5572);
#1247=VERTEX_POINT('',#5573);
#1248=VERTEX_POINT('',#5602);
#1249=VERTEX_POINT('',#5603);
#1250=VERTEX_POINT('',#5632);
#1251=VERTEX_POINT('',#5633);
#1252=VERTEX_POINT('',#5662);
#1253=VERTEX_POINT('',#5663);
#1254=VERTEX_POINT('',#5692);
#1255=VERTEX_POINT('',#5693);
#1256=VERTEX_POINT('',#5722);
#1257=VERTEX_POINT('',#5723);
#1258=VERTEX_POINT('',#5752);
#1259=VERTEX_POINT('',#5753);
#1260=VERTEX_POINT('',#5782);
#1261=VERTEX_POINT('',#5783);
#1262=VERTEX_POINT('',#5812);
#1263=VERTEX_POINT('',#5813);
#1264=VERTEX_POINT('',#5842);
#1265=VERTEX_POINT('',#5843);
#1266=VERTEX_POINT('',#5872);
#1267=VERTEX_POINT('',#5873);
#1268=VERTEX_POINT('',#5902);
#1269=VERTEX_POINT('',#5903);
#1270=VERTEX_POINT('',#5932);
#1271=VERTEX_POINT('',#5933);
#1272=VERTEX_POINT('',#5962);
#1273=VERTEX_POINT('',#5963);
#1274=VERTEX_POINT('',#5992);
#1275=VERTEX_POINT('',#5993);
#1276=VERTEX_POINT('',#6022);
#1277=VERTEX_POINT('',#6023);
#1278=VERTEX_POINT('',#6052);
#1279=VERTEX_POINT('',#6053);
#1280=VERTEX_POINT('',#6082);
#1281=VERTEX_POINT('',#6083);
#1282=VERTEX_POINT('',#6112);
#1283=VERTEX_POINT('',#6113);
#1284=VERTEX_POINT('',#6142);
#1285=VERTEX_POINT('',#6143);
#1286=VERTEX_POINT('',#6172);
#1287=VERTEX_POINT('',#6173);
#1288=VERTEX_POINT('',#6202);
#1289=VERTEX_POINT('',#6203);
#1290=VERTEX_POINT('',#6232);
#1291=VERTEX_POINT('',#6233);
#1292=VERTEX_POINT('',#6262);
#1293=VERTEX_POINT('',#6263);
#1294=VERTEX_POINT('',#6292);
#1295=VERTEX_POINT('',#6294);
#1296=VERTEX_POINT('',#6295);
#1297=VERTEX_POINT('',#6297);
#1298=VERTEX_POINT('',#6299);
#1299=VERTEX_POINT('',#6301);
#1300=VERTEX_POINT('',#6303);
#1301=VERTEX_POINT('',#6307);
#1302=VERTEX_POINT('',#6309);
#1303=VERTEX_POINT('',#6311);
#1304=VERTEX_POINT('',#6313);
#1305=VERTEX_POINT('',#6328);
#1306=VERTEX_POINT('',#6330);
#1307=VERTEX_POINT('',#6390);
#1308=VERTEX_POINT('',#6391);
#1309=VERTEX_POINT('',#6393);
#1310=VERTEX_POINT('',#6395);
#1311=VERTEX_POINT('',#6397);
#1312=VERTEX_POINT('',#6399);
#1313=VERTEX_POINT('',#6438);
#1314=VERTEX_POINT('',#6463);
#1315=VERTEX_POINT('',#6482);
#1316=VERTEX_POINT('',#8428);
#1317=VERTEX_POINT('',#8430);
#1318=VERTEX_POINT('',#8434);
#1319=VERTEX_POINT('',#8436);
#1320=VERTEX_POINT('',#8440);
#1321=VERTEX_POINT('',#8442);
#1322=VERTEX_POINT('',#8446);
#1323=VERTEX_POINT('',#8448);
#1324=VERTEX_POINT('',#8452);
#1325=VERTEX_POINT('',#8453);
#1326=VERTEX_POINT('',#8455);
#1327=VERTEX_POINT('',#8457);
#1328=VERTEX_POINT('',#8459);
#1329=VERTEX_POINT('',#8461);
#1330=VERTEX_POINT('',#8463);
#1331=VERTEX_POINT('',#8465);
#1332=VERTEX_POINT('',#8467);
#1333=VERTEX_POINT('',#8469);
#1334=VERTEX_POINT('',#8471);
#1335=VERTEX_POINT('',#8473);
#1336=VERTEX_POINT('',#8475);
#1337=VERTEX_POINT('',#8477);
#1338=VERTEX_POINT('',#8479);
#1339=VERTEX_POINT('',#8481);
#1340=VERTEX_POINT('',#8484);
#1341=VERTEX_POINT('',#8487);
#1342=VERTEX_POINT('',#8488);
#1343=VERTEX_POINT('',#8490);
#1344=VERTEX_POINT('',#8492);
#1345=VERTEX_POINT('',#8494);
#1346=VERTEX_POINT('',#8496);
#1347=VERTEX_POINT('',#8498);
#1348=VERTEX_POINT('',#8500);
#1349=VERTEX_POINT('',#8502);
#1350=VERTEX_POINT('',#8504);
#1351=VERTEX_POINT('',#8506);
#1352=VERTEX_POINT('',#8508);
#1353=VERTEX_POINT('',#8510);
#1354=VERTEX_POINT('',#8512);
#1355=VERTEX_POINT('',#8514);
#1356=VERTEX_POINT('',#8516);
#1357=VERTEX_POINT('',#8519);
#1358=VERTEX_POINT('',#8558);
#1359=VERTEX_POINT('',#8560);
#1360=VERTEX_POINT('',#8564);
#1361=VERTEX_POINT('',#8566);
#1362=VERTEX_POINT('',#8570);
#1363=VERTEX_POINT('',#8572);
#1364=VERTEX_POINT('',#8576);
#1365=VERTEX_POINT('',#8578);
#1366=VERTEX_POINT('',#8582);
#1367=VERTEX_POINT('',#8583);
#1368=VERTEX_POINT('',#8585);
#1369=VERTEX_POINT('',#8587);
#1370=VERTEX_POINT('',#8589);
#1371=VERTEX_POINT('',#8591);
#1372=VERTEX_POINT('',#8593);
#1373=VERTEX_POINT('',#8595);
#1374=VERTEX_POINT('',#8597);
#1375=VERTEX_POINT('',#8599);
#1376=VERTEX_POINT('',#8601);
#1377=VERTEX_POINT('',#8603);
#1378=VERTEX_POINT('',#8605);
#1379=VERTEX_POINT('',#8607);
#1380=VERTEX_POINT('',#8609);
#1381=VERTEX_POINT('',#8611);
#1382=VERTEX_POINT('',#8614);
#1383=VERTEX_POINT('',#8617);
#1384=VERTEX_POINT('',#8618);
#1385=VERTEX_POINT('',#8620);
#1386=VERTEX_POINT('',#8622);
#1387=VERTEX_POINT('',#8624);
#1388=VERTEX_POINT('',#8626);
#1389=VERTEX_POINT('',#8628);
#1390=VERTEX_POINT('',#8630);
#1391=VERTEX_POINT('',#8632);
#1392=VERTEX_POINT('',#8634);
#1393=VERTEX_POINT('',#8636);
#1394=VERTEX_POINT('',#8638);
#1395=VERTEX_POINT('',#8640);
#1396=VERTEX_POINT('',#8642);
#1397=VERTEX_POINT('',#8644);
#1398=VERTEX_POINT('',#8646);
#1399=VERTEX_POINT('',#8649);
#1400=VERTEX_POINT('',#8688);
#1401=VERTEX_POINT('',#8690);
#1402=VERTEX_POINT('',#8694);
#1403=VERTEX_POINT('',#8696);
#1404=VERTEX_POINT('',#8700);
#1405=VERTEX_POINT('',#8702);
#1406=VERTEX_POINT('',#8706);
#1407=VERTEX_POINT('',#8708);
#1408=VERTEX_POINT('',#8712);
#1409=VERTEX_POINT('',#8713);
#1410=VERTEX_POINT('',#8715);
#1411=VERTEX_POINT('',#8717);
#1412=VERTEX_POINT('',#8719);
#1413=VERTEX_POINT('',#8721);
#1414=VERTEX_POINT('',#8723);
#1415=VERTEX_POINT('',#8725);
#1416=VERTEX_POINT('',#8727);
#1417=VERTEX_POINT('',#8729);
#1418=VERTEX_POINT('',#8731);
#1419=VERTEX_POINT('',#8733);
#1420=VERTEX_POINT('',#8735);
#1421=VERTEX_POINT('',#8737);
#1422=VERTEX_POINT('',#8739);
#1423=VERTEX_POINT('',#8741);
#1424=VERTEX_POINT('',#8744);
#1425=VERTEX_POINT('',#8747);
#1426=VERTEX_POINT('',#8748);
#1427=VERTEX_POINT('',#8750);
#1428=VERTEX_POINT('',#8752);
#1429=VERTEX_POINT('',#8754);
#1430=VERTEX_POINT('',#8756);
#1431=VERTEX_POINT('',#8758);
#1432=VERTEX_POINT('',#8760);
#1433=VERTEX_POINT('',#8762);
#1434=VERTEX_POINT('',#8764);
#1435=VERTEX_POINT('',#8766);
#1436=VERTEX_POINT('',#8768);
#1437=VERTEX_POINT('',#8770);
#1438=VERTEX_POINT('',#8772);
#1439=VERTEX_POINT('',#8774);
#1440=VERTEX_POINT('',#8776);
#1441=VERTEX_POINT('',#8779);
#1442=EDGE_CURVE('',#1143,#1144,#745,.T.);
#1443=EDGE_CURVE('',#1143,#1145,#590,.T.);
#1444=EDGE_CURVE('',#1145,#1146,#496,.T.);
#1445=EDGE_CURVE('',#1144,#1146,#591,.T.);
#1446=EDGE_CURVE('',#1147,#1148,#746,.T.);
#1447=EDGE_CURVE('',#1147,#1143,#592,.T.);
#1448=EDGE_CURVE('',#1148,#1144,#593,.T.);
#1449=EDGE_CURVE('',#1149,#1150,#747,.T.);
#1450=EDGE_CURVE('',#1149,#1147,#594,.T.);
#1451=EDGE_CURVE('',#1150,#1148,#595,.T.);
#1452=EDGE_CURVE('',#1151,#1152,#748,.T.);
#1453=EDGE_CURVE('',#1151,#1149,#596,.T.);
#1454=EDGE_CURVE('',#1152,#1150,#597,.T.);
#1455=EDGE_CURVE('',#1153,#1154,#749,.T.);
#1456=EDGE_CURVE('',#1153,#1151,#598,.T.);
#1457=EDGE_CURVE('',#1154,#1152,#599,.T.);
#1458=EDGE_CURVE('',#1155,#1156,#750,.T.);
#1459=EDGE_CURVE('',#1155,#1153,#600,.T.);
#1460=EDGE_CURVE('',#1156,#1154,#601,.T.);
#1461=EDGE_CURVE('',#1157,#1158,#751,.T.);
#1462=EDGE_CURVE('',#1157,#1155,#602,.T.);
#1463=EDGE_CURVE('',#1158,#1156,#603,.T.);
#1464=EDGE_CURVE('',#1159,#1160,#752,.T.);
#1465=EDGE_CURVE('',#1159,#1157,#604,.T.);
#1466=EDGE_CURVE('',#1160,#1158,#605,.T.);
#1467=EDGE_CURVE('',#1161,#1162,#753,.T.);
#1468=EDGE_CURVE('',#1161,#1159,#606,.T.);
#1469=EDGE_CURVE('',#1162,#1160,#607,.T.);
#1470=EDGE_CURVE('',#1163,#1164,#754,.T.);
#1471=EDGE_CURVE('',#1163,#1161,#608,.T.);
#1472=EDGE_CURVE('',#1164,#1162,#609,.T.);
#1473=EDGE_CURVE('',#1165,#1166,#755,.T.);
#1474=EDGE_CURVE('',#1165,#1163,#610,.T.);
#1475=EDGE_CURVE('',#1166,#1164,#611,.T.);
#1476=EDGE_CURVE('',#1167,#1168,#756,.T.);
#1477=EDGE_CURVE('',#1167,#1165,#612,.T.);
#1478=EDGE_CURVE('',#1168,#1166,#613,.T.);
#1479=EDGE_CURVE('',#1169,#1170,#757,.T.);
#1480=EDGE_CURVE('',#1169,#1167,#614,.T.);
#1481=EDGE_CURVE('',#1170,#1168,#615,.T.);
#1482=EDGE_CURVE('',#1171,#1172,#758,.T.);
#1483=EDGE_CURVE('',#1171,#1169,#616,.T.);
#1484=EDGE_CURVE('',#1172,#1170,#617,.T.);
#1485=EDGE_CURVE('',#1173,#1174,#759,.T.);
#1486=EDGE_CURVE('',#1173,#1171,#618,.T.);
#1487=EDGE_CURVE('',#1174,#1172,#619,.T.);
#1488=EDGE_CURVE('',#1175,#1176,#760,.T.);
#1489=EDGE_CURVE('',#1175,#1173,#620,.T.);
#1490=EDGE_CURVE('',#1176,#1174,#621,.T.);
#1491=EDGE_CURVE('',#1177,#1178,#761,.T.);
#1492=EDGE_CURVE('',#1177,#1175,#622,.T.);
#1493=EDGE_CURVE('',#1178,#1176,#623,.T.);
#1494=EDGE_CURVE('',#1179,#1180,#762,.T.);
#1495=EDGE_CURVE('',#1179,#1177,#624,.T.);
#1496=EDGE_CURVE('',#1180,#1178,#625,.T.);
#1497=EDGE_CURVE('',#1181,#1182,#763,.T.);
#1498=EDGE_CURVE('',#1181,#1179,#626,.T.);
#1499=EDGE_CURVE('',#1182,#1180,#627,.T.);
#1500=EDGE_CURVE('',#1183,#1184,#764,.T.);
#1501=EDGE_CURVE('',#1183,#1181,#628,.T.);
#1502=EDGE_CURVE('',#1184,#1182,#629,.T.);
#1503=EDGE_CURVE('',#1185,#1186,#765,.T.);
#1504=EDGE_CURVE('',#1185,#1183,#630,.T.);
#1505=EDGE_CURVE('',#1186,#1184,#631,.T.);
#1506=EDGE_CURVE('',#1187,#1188,#766,.T.);
#1507=EDGE_CURVE('',#1187,#1185,#632,.T.);
#1508=EDGE_CURVE('',#1188,#1186,#633,.T.);
#1509=EDGE_CURVE('',#1189,#1190,#767,.T.);
#1510=EDGE_CURVE('',#1189,#1187,#634,.T.);
#1511=EDGE_CURVE('',#1190,#1188,#635,.T.);
#1512=EDGE_CURVE('',#1191,#1192,#768,.T.);
#1513=EDGE_CURVE('',#1191,#1189,#636,.T.);
#1514=EDGE_CURVE('',#1192,#1190,#637,.T.);
#1515=EDGE_CURVE('',#1193,#1194,#769,.T.);
#1516=EDGE_CURVE('',#1193,#1191,#638,.T.);
#1517=EDGE_CURVE('',#1194,#1192,#639,.T.);
#1518=EDGE_CURVE('',#1195,#1196,#770,.T.);
#1519=EDGE_CURVE('',#1195,#1193,#640,.T.);
#1520=EDGE_CURVE('',#1196,#1194,#641,.T.);
#1521=EDGE_CURVE('',#1197,#1198,#771,.T.);
#1522=EDGE_CURVE('',#1197,#1195,#642,.T.);
#1523=EDGE_CURVE('',#1198,#1196,#643,.T.);
#1524=EDGE_CURVE('',#1199,#1200,#772,.T.);
#1525=EDGE_CURVE('',#1199,#1197,#644,.T.);
#1526=EDGE_CURVE('',#1200,#1198,#645,.T.);
#1527=EDGE_CURVE('',#1201,#1202,#773,.T.);
#1528=EDGE_CURVE('',#1201,#1199,#646,.T.);
#1529=EDGE_CURVE('',#1202,#1200,#647,.T.);
#1530=EDGE_CURVE('',#1203,#1204,#774,.T.);
#1531=EDGE_CURVE('',#1203,#1201,#648,.T.);
#1532=EDGE_CURVE('',#1204,#1202,#649,.T.);
#1533=EDGE_CURVE('',#1205,#1206,#775,.T.);
#1534=EDGE_CURVE('',#1205,#1203,#650,.T.);
#1535=EDGE_CURVE('',#1206,#1204,#651,.T.);
#1536=EDGE_CURVE('',#1207,#1208,#776,.T.);
#1537=EDGE_CURVE('',#1207,#1205,#652,.T.);
#1538=EDGE_CURVE('',#1208,#1206,#653,.T.);
#1539=EDGE_CURVE('',#1209,#1210,#777,.T.);
#1540=EDGE_CURVE('',#1209,#1207,#654,.T.);
#1541=EDGE_CURVE('',#1210,#1208,#655,.T.);
#1542=EDGE_CURVE('',#1211,#1212,#778,.T.);
#1543=EDGE_CURVE('',#1211,#1209,#656,.T.);
#1544=EDGE_CURVE('',#1212,#1210,#657,.T.);
#1545=EDGE_CURVE('',#1213,#1214,#779,.T.);
#1546=EDGE_CURVE('',#1213,#1211,#658,.T.);
#1547=EDGE_CURVE('',#1214,#1212,#659,.T.);
#1548=EDGE_CURVE('',#1215,#1216,#780,.T.);
#1549=EDGE_CURVE('',#1215,#1213,#660,.T.);
#1550=EDGE_CURVE('',#1216,#1214,#661,.T.);
#1551=EDGE_CURVE('',#1217,#1218,#781,.T.);
#1552=EDGE_CURVE('',#1219,#1217,#497,.T.);
#1553=EDGE_CURVE('',#1219,#1215,#662,.T.);
#1554=EDGE_CURVE('',#1218,#1216,#663,.T.);
#1555=EDGE_CURVE('',#1220,#1221,#782,.T.);
#1556=EDGE_CURVE('',#1222,#1220,#664,.T.);
#1557=EDGE_CURVE('',#1222,#1223,#498,.T.);
#1558=EDGE_CURVE('',#1221,#1223,#665,.F.);
#1559=EDGE_CURVE('',#1224,#1225,#783,.T.);
#1560=EDGE_CURVE('',#1220,#1224,#666,.T.);
#1561=EDGE_CURVE('',#1225,#1221,#667,.F.);
#1562=EDGE_CURVE('',#1226,#1227,#784,.T.);
#1563=EDGE_CURVE('',#1224,#1226,#668,.T.);
#1564=EDGE_CURVE('',#1227,#1225,#669,.F.);
#1565=EDGE_CURVE('',#1228,#1229,#785,.T.);
#1566=EDGE_CURVE('',#1226,#1228,#670,.T.);
#1567=EDGE_CURVE('',#1229,#1227,#671,.F.);
#1568=EDGE_CURVE('',#1230,#1231,#786,.T.);
#1569=EDGE_CURVE('',#1228,#1230,#672,.T.);
#1570=EDGE_CURVE('',#1231,#1229,#673,.F.);
#1571=EDGE_CURVE('',#1232,#1233,#787,.T.);
#1572=EDGE_CURVE('',#1230,#1232,#674,.T.);
#1573=EDGE_CURVE('',#1233,#1231,#675,.F.);
#1574=EDGE_CURVE('',#1234,#1235,#788,.T.);
#1575=EDGE_CURVE('',#1232,#1234,#676,.T.);
#1576=EDGE_CURVE('',#1235,#1233,#677,.F.);
#1577=EDGE_CURVE('',#1236,#1237,#789,.T.);
#1578=EDGE_CURVE('',#1234,#1236,#678,.T.);
#1579=EDGE_CURVE('',#1237,#1235,#679,.F.);
#1580=EDGE_CURVE('',#1238,#1239,#790,.T.);
#1581=EDGE_CURVE('',#1236,#1238,#680,.T.);
#1582=EDGE_CURVE('',#1239,#1237,#681,.F.);
#1583=EDGE_CURVE('',#1240,#1241,#791,.T.);
#1584=EDGE_CURVE('',#1238,#1240,#682,.T.);
#1585=EDGE_CURVE('',#1241,#1239,#683,.F.);
#1586=EDGE_CURVE('',#1242,#1243,#792,.T.);
#1587=EDGE_CURVE('',#1240,#1242,#684,.T.);
#1588=EDGE_CURVE('',#1243,#1241,#685,.F.);
#1589=EDGE_CURVE('',#1244,#1245,#793,.T.);
#1590=EDGE_CURVE('',#1242,#1244,#686,.T.);
#1591=EDGE_CURVE('',#1245,#1243,#687,.F.);
#1592=EDGE_CURVE('',#1246,#1247,#794,.T.);
#1593=EDGE_CURVE('',#1244,#1246,#688,.T.);
#1594=EDGE_CURVE('',#1247,#1245,#689,.F.);
#1595=EDGE_CURVE('',#1248,#1249,#795,.T.);
#1596=EDGE_CURVE('',#1246,#1248,#690,.T.);
#1597=EDGE_CURVE('',#1249,#1247,#691,.F.);
#1598=EDGE_CURVE('',#1250,#1251,#796,.T.);
#1599=EDGE_CURVE('',#1248,#1250,#692,.T.);
#1600=EDGE_CURVE('',#1251,#1249,#693,.F.);
#1601=EDGE_CURVE('',#1252,#1253,#797,.T.);
#1602=EDGE_CURVE('',#1250,#1252,#694,.T.);
#1603=EDGE_CURVE('',#1253,#1251,#695,.F.);
#1604=EDGE_CURVE('',#1254,#1255,#798,.T.);
#1605=EDGE_CURVE('',#1252,#1254,#696,.T.);
#1606=EDGE_CURVE('',#1255,#1253,#697,.F.);
#1607=EDGE_CURVE('',#1256,#1257,#799,.T.);
#1608=EDGE_CURVE('',#1254,#1256,#698,.T.);
#1609=EDGE_CURVE('',#1257,#1255,#699,.F.);
#1610=EDGE_CURVE('',#1258,#1259,#800,.T.);
#1611=EDGE_CURVE('',#1256,#1258,#700,.T.);
#1612=EDGE_CURVE('',#1259,#1257,#701,.F.);
#1613=EDGE_CURVE('',#1260,#1261,#801,.T.);
#1614=EDGE_CURVE('',#1258,#1260,#702,.T.);
#1615=EDGE_CURVE('',#1261,#1259,#703,.F.);
#1616=EDGE_CURVE('',#1262,#1263,#802,.T.);
#1617=EDGE_CURVE('',#1260,#1262,#704,.T.);
#1618=EDGE_CURVE('',#1263,#1261,#705,.F.);
#1619=EDGE_CURVE('',#1264,#1265,#803,.T.);
#1620=EDGE_CURVE('',#1262,#1264,#706,.T.);
#1621=EDGE_CURVE('',#1265,#1263,#707,.F.);
#1622=EDGE_CURVE('',#1266,#1267,#804,.T.);
#1623=EDGE_CURVE('',#1264,#1266,#708,.T.);
#1624=EDGE_CURVE('',#1267,#1265,#709,.F.);
#1625=EDGE_CURVE('',#1268,#1269,#805,.T.);
#1626=EDGE_CURVE('',#1266,#1268,#710,.T.);
#1627=EDGE_CURVE('',#1269,#1267,#711,.F.);
#1628=EDGE_CURVE('',#1270,#1271,#806,.T.);
#1629=EDGE_CURVE('',#1268,#1270,#712,.T.);
#1630=EDGE_CURVE('',#1271,#1269,#713,.F.);
#1631=EDGE_CURVE('',#1272,#1273,#807,.T.);
#1632=EDGE_CURVE('',#1270,#1272,#714,.T.);
#1633=EDGE_CURVE('',#1273,#1271,#715,.F.);
#1634=EDGE_CURVE('',#1274,#1275,#808,.T.);
#1635=EDGE_CURVE('',#1272,#1274,#716,.T.);
#1636=EDGE_CURVE('',#1275,#1273,#717,.F.);
#1637=EDGE_CURVE('',#1276,#1277,#809,.T.);
#1638=EDGE_CURVE('',#1274,#1276,#718,.T.);
#1639=EDGE_CURVE('',#1277,#1275,#719,.F.);
#1640=EDGE_CURVE('',#1278,#1279,#810,.T.);
#1641=EDGE_CURVE('',#1276,#1278,#720,.T.);
#1642=EDGE_CURVE('',#1279,#1277,#721,.F.);
#1643=EDGE_CURVE('',#1280,#1281,#811,.T.);
#1644=EDGE_CURVE('',#1278,#1280,#722,.T.);
#1645=EDGE_CURVE('',#1281,#1279,#723,.F.);
#1646=EDGE_CURVE('',#1282,#1283,#812,.T.);
#1647=EDGE_CURVE('',#1280,#1282,#724,.T.);
#1648=EDGE_CURVE('',#1283,#1281,#725,.F.);
#1649=EDGE_CURVE('',#1284,#1285,#813,.T.);
#1650=EDGE_CURVE('',#1282,#1284,#726,.T.);
#1651=EDGE_CURVE('',#1285,#1283,#727,.F.);
#1652=EDGE_CURVE('',#1286,#1287,#814,.T.);
#1653=EDGE_CURVE('',#1284,#1286,#728,.T.);
#1654=EDGE_CURVE('',#1287,#1285,#729,.F.);
#1655=EDGE_CURVE('',#1288,#1289,#815,.T.);
#1656=EDGE_CURVE('',#1286,#1288,#730,.T.);
#1657=EDGE_CURVE('',#1289,#1287,#731,.F.);
#1658=EDGE_CURVE('',#1290,#1291,#816,.T.);
#1659=EDGE_CURVE('',#1288,#1290,#732,.T.);
#1660=EDGE_CURVE('',#1291,#1289,#733,.F.);
#1661=EDGE_CURVE('',#1292,#1293,#817,.T.);
#1662=EDGE_CURVE('',#1290,#1292,#734,.T.);
#1663=EDGE_CURVE('',#1293,#1291,#735,.F.);
#1664=EDGE_CURVE('',#1294,#1294,#499,.T.);
#1665=EDGE_CURVE('',#1295,#1296,#500,.T.);
#1666=EDGE_CURVE('',#1296,#1297,#501,.T.);
#1667=EDGE_CURVE('',#1297,#1298,#502,.T.);
#1668=EDGE_CURVE('',#1298,#1299,#503,.T.);
#1669=EDGE_CURVE('',#1299,#1300,#504,.T.);
#1670=EDGE_CURVE('',#1300,#1295,#505,.T.);
#1671=EDGE_CURVE('',#1301,#1301,#506,.T.);
#1672=EDGE_CURVE('',#1301,#1302,#818,.T.);
#1673=EDGE_CURVE('',#1302,#1303,#507,.T.);
#1674=EDGE_CURVE('',#1304,#1303,#49,.T.);
#1675=EDGE_CURVE('',#1304,#1305,#508,.T.);
#1676=EDGE_CURVE('',#1306,#1305,#50,.T.);
#1677=EDGE_CURVE('',#1306,#1302,#509,.T.);
#1678=EDGE_CURVE('',#1294,#1301,#819,.T.);
#1679=EDGE_CURVE('',#1303,#1145,#51,.T.);
#1680=EDGE_CURVE('',#1146,#1306,#52,.T.);
#1681=EDGE_CURVE('',#1297,#1298,#736,.F.);
#1682=EDGE_CURVE('',#1296,#1297,#737,.T.);
#1683=EDGE_CURVE('',#1295,#1296,#738,.T.);
#1684=EDGE_CURVE('',#1300,#1295,#739,.T.);
#1685=EDGE_CURVE('',#1299,#1300,#740,.T.);
#1686=EDGE_CURVE('',#1298,#1299,#741,.T.);
#1687=EDGE_CURVE('',#1307,#1308,#820,.T.);
#1688=EDGE_CURVE('',#1308,#1309,#821,.T.);
#1689=EDGE_CURVE('',#1309,#1310,#822,.T.);
#1690=EDGE_CURVE('',#1310,#1311,#823,.T.);
#1691=EDGE_CURVE('',#1311,#1312,#824,.T.);
#1692=EDGE_CURVE('',#1312,#1307,#825,.T.);
#1693=EDGE_CURVE('',#1309,#1297,#826,.T.);
#1694=EDGE_CURVE('',#1308,#1298,#827,.T.);
#1695=EDGE_CURVE('',#1310,#1296,#828,.T.);
#1696=EDGE_CURVE('',#1311,#1295,#829,.T.);
#1697=EDGE_CURVE('',#1312,#1300,#830,.T.);
#1698=EDGE_CURVE('',#1307,#1299,#831,.T.);
#1699=EDGE_CURVE('',#1305,#1293,#742,.F.);
#1700=EDGE_CURVE('',#1292,#1304,#743,.T.);
#1701=EDGE_CURVE('',#1222,#1313,#53,.T.);
#1702=EDGE_CURVE('',#1313,#1314,#832,.T.);
#1703=EDGE_CURVE('',#1314,#1314,#510,.F.);
#1704=EDGE_CURVE('',#1313,#1219,#54,.T.);
#1705=EDGE_CURVE('',#1217,#1315,#511,.T.);
#1706=EDGE_CURVE('',#1315,#1223,#55,.T.);
#1707=EDGE_CURVE('',#1315,#1218,#744,.T.);
#1708=EDGE_CURVE('',#1316,#1316,#512,.T.);
#1709=EDGE_CURVE('',#1316,#1317,#833,.T.);
#1710=EDGE_CURVE('',#1317,#1317,#513,.T.);
#1711=EDGE_CURVE('',#1318,#1318,#514,.T.);
#1712=EDGE_CURVE('',#1318,#1319,#834,.T.);
#1713=EDGE_CURVE('',#1319,#1319,#515,.T.);
#1714=EDGE_CURVE('',#1320,#1320,#516,.T.);
#1715=EDGE_CURVE('',#1320,#1321,#835,.T.);
#1716=EDGE_CURVE('',#1321,#1321,#517,.T.);
#1717=EDGE_CURVE('',#1322,#1322,#518,.T.);
#1718=EDGE_CURVE('',#1322,#1323,#836,.T.);
#1719=EDGE_CURVE('',#1323,#1323,#519,.T.);
#1720=EDGE_CURVE('',#1324,#1325,#837,.T.);
#1721=EDGE_CURVE('',#1325,#1326,#520,.T.);
#1722=EDGE_CURVE('',#1326,#1327,#838,.T.);
#1723=EDGE_CURVE('',#1327,#1328,#521,.T.);
#1724=EDGE_CURVE('',#1328,#1329,#839,.T.);
#1725=EDGE_CURVE('',#1329,#1330,#522,.T.);
#1726=EDGE_CURVE('',#1330,#1331,#840,.T.);
#1727=EDGE_CURVE('',#1331,#1332,#523,.T.);
#1728=EDGE_CURVE('',#1332,#1333,#841,.T.);
#1729=EDGE_CURVE('',#1333,#1334,#524,.T.);
#1730=EDGE_CURVE('',#1334,#1335,#842,.T.);
#1731=EDGE_CURVE('',#1335,#1336,#525,.T.);
#1732=EDGE_CURVE('',#1336,#1337,#843,.T.);
#1733=EDGE_CURVE('',#1337,#1338,#526,.T.);
#1734=EDGE_CURVE('',#1338,#1339,#844,.T.);
#1735=EDGE_CURVE('',#1339,#1324,#527,.T.);
#1736=EDGE_CURVE('',#1340,#1340,#528,.T.);
#1737=EDGE_CURVE('',#1341,#1342,#845,.T.);
#1738=EDGE_CURVE('',#1343,#1341,#529,.T.);
#1739=EDGE_CURVE('',#1344,#1343,#846,.T.);
#1740=EDGE_CURVE('',#1345,#1344,#530,.T.);
#1741=EDGE_CURVE('',#1346,#1345,#847,.T.);
#1742=EDGE_CURVE('',#1347,#1346,#531,.T.);
#1743=EDGE_CURVE('',#1348,#1347,#848,.T.);
#1744=EDGE_CURVE('',#1349,#1348,#532,.T.);
#1745=EDGE_CURVE('',#1350,#1349,#849,.T.);
#1746=EDGE_CURVE('',#1351,#1350,#533,.T.);
#1747=EDGE_CURVE('',#1352,#1351,#850,.T.);
#1748=EDGE_CURVE('',#1353,#1352,#534,.T.);
#1749=EDGE_CURVE('',#1354,#1353,#851,.T.);
#1750=EDGE_CURVE('',#1355,#1354,#535,.T.);
#1751=EDGE_CURVE('',#1356,#1355,#852,.T.);
#1752=EDGE_CURVE('',#1342,#1356,#536,.T.);
#1753=EDGE_CURVE('',#1357,#1357,#537,.T.);
#1754=EDGE_CURVE('',#1324,#1356,#853,.T.);
#1755=EDGE_CURVE('',#1342,#1339,#854,.T.);
#1756=EDGE_CURVE('',#1355,#1325,#855,.T.);
#1757=EDGE_CURVE('',#1354,#1326,#856,.T.);
#1758=EDGE_CURVE('',#1353,#1327,#857,.T.);
#1759=EDGE_CURVE('',#1352,#1328,#858,.T.);
#1760=EDGE_CURVE('',#1351,#1329,#859,.T.);
#1761=EDGE_CURVE('',#1350,#1330,#860,.T.);
#1762=EDGE_CURVE('',#1349,#1331,#861,.T.);
#1763=EDGE_CURVE('',#1348,#1332,#862,.T.);
#1764=EDGE_CURVE('',#1347,#1333,#863,.T.);
#1765=EDGE_CURVE('',#1346,#1334,#864,.T.);
#1766=EDGE_CURVE('',#1345,#1335,#865,.T.);
#1767=EDGE_CURVE('',#1344,#1336,#866,.T.);
#1768=EDGE_CURVE('',#1343,#1337,#867,.T.);
#1769=EDGE_CURVE('',#1341,#1338,#868,.T.);
#1770=EDGE_CURVE('',#1357,#1340,#869,.T.);
#1771=EDGE_CURVE('',#1358,#1358,#538,.T.);
#1772=EDGE_CURVE('',#1358,#1359,#870,.T.);
#1773=EDGE_CURVE('',#1359,#1359,#539,.T.);
#1774=EDGE_CURVE('',#1360,#1360,#540,.T.);
#1775=EDGE_CURVE('',#1360,#1361,#871,.T.);
#1776=EDGE_CURVE('',#1361,#1361,#541,.T.);
#1777=EDGE_CURVE('',#1362,#1362,#542,.T.);
#1778=EDGE_CURVE('',#1362,#1363,#872,.T.);
#1779=EDGE_CURVE('',#1363,#1363,#543,.T.);
#1780=EDGE_CURVE('',#1364,#1364,#544,.T.);
#1781=EDGE_CURVE('',#1364,#1365,#873,.T.);
#1782=EDGE_CURVE('',#1365,#1365,#545,.T.);
#1783=EDGE_CURVE('',#1366,#1367,#874,.T.);
#1784=EDGE_CURVE('',#1367,#1368,#546,.T.);
#1785=EDGE_CURVE('',#1368,#1369,#875,.T.);
#1786=EDGE_CURVE('',#1369,#1370,#547,.T.);
#1787=EDGE_CURVE('',#1370,#1371,#876,.T.);
#1788=EDGE_CURVE('',#1371,#1372,#548,.T.);
#1789=EDGE_CURVE('',#1372,#1373,#877,.T.);
#1790=EDGE_CURVE('',#1373,#1374,#549,.T.);
#1791=EDGE_CURVE('',#1374,#1375,#878,.T.);
#1792=EDGE_CURVE('',#1375,#1376,#550,.T.);
#1793=EDGE_CURVE('',#1376,#1377,#879,.T.);
#1794=EDGE_CURVE('',#1377,#1378,#551,.T.);
#1795=EDGE_CURVE('',#1378,#1379,#880,.T.);
#1796=EDGE_CURVE('',#1379,#1380,#552,.T.);
#1797=EDGE_CURVE('',#1380,#1381,#881,.T.);
#1798=EDGE_CURVE('',#1381,#1366,#553,.T.);
#1799=EDGE_CURVE('',#1382,#1382,#554,.T.);
#1800=EDGE_CURVE('',#1383,#1384,#882,.T.);
#1801=EDGE_CURVE('',#1385,#1383,#555,.T.);
#1802=EDGE_CURVE('',#1386,#1385,#883,.T.);
#1803=EDGE_CURVE('',#1387,#1386,#556,.T.);
#1804=EDGE_CURVE('',#1388,#1387,#884,.T.);
#1805=EDGE_CURVE('',#1389,#1388,#557,.T.);
#1806=EDGE_CURVE('',#1390,#1389,#885,.T.);
#1807=EDGE_CURVE('',#1391,#1390,#558,.T.);
#1808=EDGE_CURVE('',#1392,#1391,#886,.T.);
#1809=EDGE_CURVE('',#1393,#1392,#559,.T.);
#1810=EDGE_CURVE('',#1394,#1393,#887,.T.);
#1811=EDGE_CURVE('',#1395,#1394,#560,.T.);
#1812=EDGE_CURVE('',#1396,#1395,#888,.T.);
#1813=EDGE_CURVE('',#1397,#1396,#561,.T.);
#1814=EDGE_CURVE('',#1398,#1397,#889,.T.);
#1815=EDGE_CURVE('',#1384,#1398,#562,.T.);
#1816=EDGE_CURVE('',#1399,#1399,#563,.T.);
#1817=EDGE_CURVE('',#1366,#1398,#890,.T.);
#1818=EDGE_CURVE('',#1384,#1381,#891,.T.);
#1819=EDGE_CURVE('',#1397,#1367,#892,.T.);
#1820=EDGE_CURVE('',#1396,#1368,#893,.T.);
#1821=EDGE_CURVE('',#1395,#1369,#894,.T.);
#1822=EDGE_CURVE('',#1394,#1370,#895,.T.);
#1823=EDGE_CURVE('',#1393,#1371,#896,.T.);
#1824=EDGE_CURVE('',#1392,#1372,#897,.T.);
#1825=EDGE_CURVE('',#1391,#1373,#898,.T.);
#1826=EDGE_CURVE('',#1390,#1374,#899,.T.);
#1827=EDGE_CURVE('',#1389,#1375,#900,.T.);
#1828=EDGE_CURVE('',#1388,#1376,#901,.T.);
#1829=EDGE_CURVE('',#1387,#1377,#902,.T.);
#1830=EDGE_CURVE('',#1386,#1378,#903,.T.);
#1831=EDGE_CURVE('',#1385,#1379,#904,.T.);
#1832=EDGE_CURVE('',#1383,#1380,#905,.T.);
#1833=EDGE_CURVE('',#1399,#1382,#906,.T.);
#1834=EDGE_CURVE('',#1400,#1400,#564,.T.);
#1835=EDGE_CURVE('',#1400,#1401,#907,.T.);
#1836=EDGE_CURVE('',#1401,#1401,#565,.T.);
#1837=EDGE_CURVE('',#1402,#1402,#566,.T.);
#1838=EDGE_CURVE('',#1402,#1403,#908,.T.);
#1839=EDGE_CURVE('',#1403,#1403,#567,.T.);
#1840=EDGE_CURVE('',#1404,#1404,#568,.T.);
#1841=EDGE_CURVE('',#1404,#1405,#909,.T.);
#1842=EDGE_CURVE('',#1405,#1405,#569,.T.);
#1843=EDGE_CURVE('',#1406,#1406,#570,.T.);
#1844=EDGE_CURVE('',#1406,#1407,#910,.T.);
#1845=EDGE_CURVE('',#1407,#1407,#571,.T.);
#1846=EDGE_CURVE('',#1408,#1409,#911,.T.);
#1847=EDGE_CURVE('',#1409,#1410,#572,.T.);
#1848=EDGE_CURVE('',#1410,#1411,#912,.T.);
#1849=EDGE_CURVE('',#1411,#1412,#573,.T.);
#1850=EDGE_CURVE('',#1412,#1413,#913,.T.);
#1851=EDGE_CURVE('',#1413,#1414,#574,.T.);
#1852=EDGE_CURVE('',#1414,#1415,#914,.T.);
#1853=EDGE_CURVE('',#1415,#1416,#575,.T.);
#1854=EDGE_CURVE('',#1416,#1417,#915,.T.);
#1855=EDGE_CURVE('',#1417,#1418,#576,.T.);
#1856=EDGE_CURVE('',#1418,#1419,#916,.T.);
#1857=EDGE_CURVE('',#1419,#1420,#577,.T.);
#1858=EDGE_CURVE('',#1420,#1421,#917,.T.);
#1859=EDGE_CURVE('',#1421,#1422,#578,.T.);
#1860=EDGE_CURVE('',#1422,#1423,#918,.T.);
#1861=EDGE_CURVE('',#1423,#1408,#579,.T.);
#1862=EDGE_CURVE('',#1424,#1424,#580,.T.);
#1863=EDGE_CURVE('',#1425,#1426,#919,.T.);
#1864=EDGE_CURVE('',#1427,#1425,#581,.T.);
#1865=EDGE_CURVE('',#1428,#1427,#920,.T.);
#1866=EDGE_CURVE('',#1429,#1428,#582,.T.);
#1867=EDGE_CURVE('',#1430,#1429,#921,.T.);
#1868=EDGE_CURVE('',#1431,#1430,#583,.T.);
#1869=EDGE_CURVE('',#1432,#1431,#922,.T.);
#1870=EDGE_CURVE('',#1433,#1432,#584,.T.);
#1871=EDGE_CURVE('',#1434,#1433,#923,.T.);
#1872=EDGE_CURVE('',#1435,#1434,#585,.T.);
#1873=EDGE_CURVE('',#1436,#1435,#924,.T.);
#1874=EDGE_CURVE('',#1437,#1436,#586,.T.);
#1875=EDGE_CURVE('',#1438,#1437,#925,.T.);
#1876=EDGE_CURVE('',#1439,#1438,#587,.T.);
#1877=EDGE_CURVE('',#1440,#1439,#926,.T.);
#1878=EDGE_CURVE('',#1426,#1440,#588,.T.);
#1879=EDGE_CURVE('',#1441,#1441,#589,.T.);
#1880=EDGE_CURVE('',#1408,#1440,#927,.T.);
#1881=EDGE_CURVE('',#1426,#1423,#928,.T.);
#1882=EDGE_CURVE('',#1439,#1409,#929,.T.);
#1883=EDGE_CURVE('',#1438,#1410,#930,.T.);
#1884=EDGE_CURVE('',#1437,#1411,#931,.T.);
#1885=EDGE_CURVE('',#1436,#1412,#932,.T.);
#1886=EDGE_CURVE('',#1435,#1413,#933,.T.);
#1887=EDGE_CURVE('',#1434,#1414,#934,.T.);
#1888=EDGE_CURVE('',#1433,#1415,#935,.T.);
#1889=EDGE_CURVE('',#1432,#1416,#936,.T.);
#1890=EDGE_CURVE('',#1431,#1417,#937,.T.);
#1891=EDGE_CURVE('',#1430,#1418,#938,.T.);
#1892=EDGE_CURVE('',#1429,#1419,#939,.T.);
#1893=EDGE_CURVE('',#1428,#1420,#940,.T.);
#1894=EDGE_CURVE('',#1427,#1421,#941,.T.);
#1895=EDGE_CURVE('',#1425,#1422,#942,.T.);
#1896=EDGE_CURVE('',#1441,#1424,#943,.T.);
#1897=ORIENTED_EDGE('',*,*,#1442,.F.);
#1898=ORIENTED_EDGE('',*,*,#1443,.T.);
#1899=ORIENTED_EDGE('',*,*,#1444,.T.);
#1900=ORIENTED_EDGE('',*,*,#1445,.F.);
#1901=ORIENTED_EDGE('',*,*,#1446,.F.);
#1902=ORIENTED_EDGE('',*,*,#1447,.T.);
#1903=ORIENTED_EDGE('',*,*,#1442,.T.);
#1904=ORIENTED_EDGE('',*,*,#1448,.F.);
#1905=ORIENTED_EDGE('',*,*,#1449,.F.);
#1906=ORIENTED_EDGE('',*,*,#1450,.T.);
#1907=ORIENTED_EDGE('',*,*,#1446,.T.);
#1908=ORIENTED_EDGE('',*,*,#1451,.F.);
#1909=ORIENTED_EDGE('',*,*,#1452,.F.);
#1910=ORIENTED_EDGE('',*,*,#1453,.T.);
#1911=ORIENTED_EDGE('',*,*,#1449,.T.);
#1912=ORIENTED_EDGE('',*,*,#1454,.F.);
#1913=ORIENTED_EDGE('',*,*,#1455,.F.);
#1914=ORIENTED_EDGE('',*,*,#1456,.T.);
#1915=ORIENTED_EDGE('',*,*,#1452,.T.);
#1916=ORIENTED_EDGE('',*,*,#1457,.F.);
#1917=ORIENTED_EDGE('',*,*,#1458,.F.);
#1918=ORIENTED_EDGE('',*,*,#1459,.T.);
#1919=ORIENTED_EDGE('',*,*,#1455,.T.);
#1920=ORIENTED_EDGE('',*,*,#1460,.F.);
#1921=ORIENTED_EDGE('',*,*,#1461,.F.);
#1922=ORIENTED_EDGE('',*,*,#1462,.T.);
#1923=ORIENTED_EDGE('',*,*,#1458,.T.);
#1924=ORIENTED_EDGE('',*,*,#1463,.F.);
#1925=ORIENTED_EDGE('',*,*,#1464,.F.);
#1926=ORIENTED_EDGE('',*,*,#1465,.T.);
#1927=ORIENTED_EDGE('',*,*,#1461,.T.);
#1928=ORIENTED_EDGE('',*,*,#1466,.F.);
#1929=ORIENTED_EDGE('',*,*,#1467,.F.);
#1930=ORIENTED_EDGE('',*,*,#1468,.T.);
#1931=ORIENTED_EDGE('',*,*,#1464,.T.);
#1932=ORIENTED_EDGE('',*,*,#1469,.F.);
#1933=ORIENTED_EDGE('',*,*,#1470,.F.);
#1934=ORIENTED_EDGE('',*,*,#1471,.T.);
#1935=ORIENTED_EDGE('',*,*,#1467,.T.);
#1936=ORIENTED_EDGE('',*,*,#1472,.F.);
#1937=ORIENTED_EDGE('',*,*,#1473,.F.);
#1938=ORIENTED_EDGE('',*,*,#1474,.T.);
#1939=ORIENTED_EDGE('',*,*,#1470,.T.);
#1940=ORIENTED_EDGE('',*,*,#1475,.F.);
#1941=ORIENTED_EDGE('',*,*,#1476,.F.);
#1942=ORIENTED_EDGE('',*,*,#1477,.T.);
#1943=ORIENTED_EDGE('',*,*,#1473,.T.);
#1944=ORIENTED_EDGE('',*,*,#1478,.F.);
#1945=ORIENTED_EDGE('',*,*,#1479,.F.);
#1946=ORIENTED_EDGE('',*,*,#1480,.T.);
#1947=ORIENTED_EDGE('',*,*,#1476,.T.);
#1948=ORIENTED_EDGE('',*,*,#1481,.F.);
#1949=ORIENTED_EDGE('',*,*,#1482,.F.);
#1950=ORIENTED_EDGE('',*,*,#1483,.T.);
#1951=ORIENTED_EDGE('',*,*,#1479,.T.);
#1952=ORIENTED_EDGE('',*,*,#1484,.F.);
#1953=ORIENTED_EDGE('',*,*,#1485,.F.);
#1954=ORIENTED_EDGE('',*,*,#1486,.T.);
#1955=ORIENTED_EDGE('',*,*,#1482,.T.);
#1956=ORIENTED_EDGE('',*,*,#1487,.F.);
#1957=ORIENTED_EDGE('',*,*,#1488,.F.);
#1958=ORIENTED_EDGE('',*,*,#1489,.T.);
#1959=ORIENTED_EDGE('',*,*,#1485,.T.);
#1960=ORIENTED_EDGE('',*,*,#1490,.F.);
#1961=ORIENTED_EDGE('',*,*,#1491,.F.);
#1962=ORIENTED_EDGE('',*,*,#1492,.T.);
#1963=ORIENTED_EDGE('',*,*,#1488,.T.);
#1964=ORIENTED_EDGE('',*,*,#1493,.F.);
#1965=ORIENTED_EDGE('',*,*,#1494,.F.);
#1966=ORIENTED_EDGE('',*,*,#1495,.T.);
#1967=ORIENTED_EDGE('',*,*,#1491,.T.);
#1968=ORIENTED_EDGE('',*,*,#1496,.F.);
#1969=ORIENTED_EDGE('',*,*,#1497,.F.);
#1970=ORIENTED_EDGE('',*,*,#1498,.T.);
#1971=ORIENTED_EDGE('',*,*,#1494,.T.);
#1972=ORIENTED_EDGE('',*,*,#1499,.F.);
#1973=ORIENTED_EDGE('',*,*,#1500,.F.);
#1974=ORIENTED_EDGE('',*,*,#1501,.T.);
#1975=ORIENTED_EDGE('',*,*,#1497,.T.);
#1976=ORIENTED_EDGE('',*,*,#1502,.F.);
#1977=ORIENTED_EDGE('',*,*,#1503,.F.);
#1978=ORIENTED_EDGE('',*,*,#1504,.T.);
#1979=ORIENTED_EDGE('',*,*,#1500,.T.);
#1980=ORIENTED_EDGE('',*,*,#1505,.F.);
#1981=ORIENTED_EDGE('',*,*,#1506,.F.);
#1982=ORIENTED_EDGE('',*,*,#1507,.T.);
#1983=ORIENTED_EDGE('',*,*,#1503,.T.);
#1984=ORIENTED_EDGE('',*,*,#1508,.F.);
#1985=ORIENTED_EDGE('',*,*,#1509,.F.);
#1986=ORIENTED_EDGE('',*,*,#1510,.T.);
#1987=ORIENTED_EDGE('',*,*,#1506,.T.);
#1988=ORIENTED_EDGE('',*,*,#1511,.F.);
#1989=ORIENTED_EDGE('',*,*,#1512,.F.);
#1990=ORIENTED_EDGE('',*,*,#1513,.T.);
#1991=ORIENTED_EDGE('',*,*,#1509,.T.);
#1992=ORIENTED_EDGE('',*,*,#1514,.F.);
#1993=ORIENTED_EDGE('',*,*,#1515,.F.);
#1994=ORIENTED_EDGE('',*,*,#1516,.T.);
#1995=ORIENTED_EDGE('',*,*,#1512,.T.);
#1996=ORIENTED_EDGE('',*,*,#1517,.F.);
#1997=ORIENTED_EDGE('',*,*,#1518,.F.);
#1998=ORIENTED_EDGE('',*,*,#1519,.T.);
#1999=ORIENTED_EDGE('',*,*,#1515,.T.);
#2000=ORIENTED_EDGE('',*,*,#1520,.F.);
#2001=ORIENTED_EDGE('',*,*,#1521,.F.);
#2002=ORIENTED_EDGE('',*,*,#1522,.T.);
#2003=ORIENTED_EDGE('',*,*,#1518,.T.);
#2004=ORIENTED_EDGE('',*,*,#1523,.F.);
#2005=ORIENTED_EDGE('',*,*,#1524,.F.);
#2006=ORIENTED_EDGE('',*,*,#1525,.T.);
#2007=ORIENTED_EDGE('',*,*,#1521,.T.);
#2008=ORIENTED_EDGE('',*,*,#1526,.F.);
#2009=ORIENTED_EDGE('',*,*,#1527,.F.);
#2010=ORIENTED_EDGE('',*,*,#1528,.T.);
#2011=ORIENTED_EDGE('',*,*,#1524,.T.);
#2012=ORIENTED_EDGE('',*,*,#1529,.F.);
#2013=ORIENTED_EDGE('',*,*,#1530,.F.);
#2014=ORIENTED_EDGE('',*,*,#1531,.T.);
#2015=ORIENTED_EDGE('',*,*,#1527,.T.);
#2016=ORIENTED_EDGE('',*,*,#1532,.F.);
#2017=ORIENTED_EDGE('',*,*,#1533,.F.);
#2018=ORIENTED_EDGE('',*,*,#1534,.T.);
#2019=ORIENTED_EDGE('',*,*,#1530,.T.);
#2020=ORIENTED_EDGE('',*,*,#1535,.F.);
#2021=ORIENTED_EDGE('',*,*,#1536,.F.);
#2022=ORIENTED_EDGE('',*,*,#1537,.T.);
#2023=ORIENTED_EDGE('',*,*,#1533,.T.);
#2024=ORIENTED_EDGE('',*,*,#1538,.F.);
#2025=ORIENTED_EDGE('',*,*,#1539,.F.);
#2026=ORIENTED_EDGE('',*,*,#1540,.T.);
#2027=ORIENTED_EDGE('',*,*,#1536,.T.);
#2028=ORIENTED_EDGE('',*,*,#1541,.F.);
#2029=ORIENTED_EDGE('',*,*,#1542,.F.);
#2030=ORIENTED_EDGE('',*,*,#1543,.T.);
#2031=ORIENTED_EDGE('',*,*,#1539,.T.);
#2032=ORIENTED_EDGE('',*,*,#1544,.F.);
#2033=ORIENTED_EDGE('',*,*,#1545,.F.);
#2034=ORIENTED_EDGE('',*,*,#1546,.T.);
#2035=ORIENTED_EDGE('',*,*,#1542,.T.);
#2036=ORIENTED_EDGE('',*,*,#1547,.F.);
#2037=ORIENTED_EDGE('',*,*,#1548,.F.);
#2038=ORIENTED_EDGE('',*,*,#1549,.T.);
#2039=ORIENTED_EDGE('',*,*,#1545,.T.);
#2040=ORIENTED_EDGE('',*,*,#1550,.F.);
#2041=ORIENTED_EDGE('',*,*,#1551,.F.);
#2042=ORIENTED_EDGE('',*,*,#1552,.F.);
#2043=ORIENTED_EDGE('',*,*,#1553,.T.);
#2044=ORIENTED_EDGE('',*,*,#1548,.T.);
#2045=ORIENTED_EDGE('',*,*,#1554,.F.);
#2046=ORIENTED_EDGE('',*,*,#1555,.F.);
#2047=ORIENTED_EDGE('',*,*,#1556,.F.);
#2048=ORIENTED_EDGE('',*,*,#1557,.T.);
#2049=ORIENTED_EDGE('',*,*,#1558,.F.);
#2050=ORIENTED_EDGE('',*,*,#1559,.F.);
#2051=ORIENTED_EDGE('',*,*,#1560,.F.);
#2052=ORIENTED_EDGE('',*,*,#1555,.T.);
#2053=ORIENTED_EDGE('',*,*,#1561,.F.);
#2054=ORIENTED_EDGE('',*,*,#1562,.F.);
#2055=ORIENTED_EDGE('',*,*,#1563,.F.);
#2056=ORIENTED_EDGE('',*,*,#1559,.T.);
#2057=ORIENTED_EDGE('',*,*,#1564,.F.);
#2058=ORIENTED_EDGE('',*,*,#1565,.F.);
#2059=ORIENTED_EDGE('',*,*,#1566,.F.);
#2060=ORIENTED_EDGE('',*,*,#1562,.T.);
#2061=ORIENTED_EDGE('',*,*,#1567,.F.);
#2062=ORIENTED_EDGE('',*,*,#1568,.F.);
#2063=ORIENTED_EDGE('',*,*,#1569,.F.);
#2064=ORIENTED_EDGE('',*,*,#1565,.T.);
#2065=ORIENTED_EDGE('',*,*,#1570,.F.);
#2066=ORIENTED_EDGE('',*,*,#1571,.F.);
#2067=ORIENTED_EDGE('',*,*,#1572,.F.);
#2068=ORIENTED_EDGE('',*,*,#1568,.T.);
#2069=ORIENTED_EDGE('',*,*,#1573,.F.);
#2070=ORIENTED_EDGE('',*,*,#1574,.F.);
#2071=ORIENTED_EDGE('',*,*,#1575,.F.);
#2072=ORIENTED_EDGE('',*,*,#1571,.T.);
#2073=ORIENTED_EDGE('',*,*,#1576,.F.);
#2074=ORIENTED_EDGE('',*,*,#1577,.F.);
#2075=ORIENTED_EDGE('',*,*,#1578,.F.);
#2076=ORIENTED_EDGE('',*,*,#1574,.T.);
#2077=ORIENTED_EDGE('',*,*,#1579,.F.);
#2078=ORIENTED_EDGE('',*,*,#1580,.F.);
#2079=ORIENTED_EDGE('',*,*,#1581,.F.);
#2080=ORIENTED_EDGE('',*,*,#1577,.T.);
#2081=ORIENTED_EDGE('',*,*,#1582,.F.);
#2082=ORIENTED_EDGE('',*,*,#1583,.F.);
#2083=ORIENTED_EDGE('',*,*,#1584,.F.);
#2084=ORIENTED_EDGE('',*,*,#1580,.T.);
#2085=ORIENTED_EDGE('',*,*,#1585,.F.);
#2086=ORIENTED_EDGE('',*,*,#1586,.F.);
#2087=ORIENTED_EDGE('',*,*,#1587,.F.);
#2088=ORIENTED_EDGE('',*,*,#1583,.T.);
#2089=ORIENTED_EDGE('',*,*,#1588,.F.);
#2090=ORIENTED_EDGE('',*,*,#1589,.F.);
#2091=ORIENTED_EDGE('',*,*,#1590,.F.);
#2092=ORIENTED_EDGE('',*,*,#1586,.T.);
#2093=ORIENTED_EDGE('',*,*,#1591,.F.);
#2094=ORIENTED_EDGE('',*,*,#1592,.F.);
#2095=ORIENTED_EDGE('',*,*,#1593,.F.);
#2096=ORIENTED_EDGE('',*,*,#1589,.T.);
#2097=ORIENTED_EDGE('',*,*,#1594,.F.);
#2098=ORIENTED_EDGE('',*,*,#1595,.F.);
#2099=ORIENTED_EDGE('',*,*,#1596,.F.);
#2100=ORIENTED_EDGE('',*,*,#1592,.T.);
#2101=ORIENTED_EDGE('',*,*,#1597,.F.);
#2102=ORIENTED_EDGE('',*,*,#1598,.F.);
#2103=ORIENTED_EDGE('',*,*,#1599,.F.);
#2104=ORIENTED_EDGE('',*,*,#1595,.T.);
#2105=ORIENTED_EDGE('',*,*,#1600,.F.);
#2106=ORIENTED_EDGE('',*,*,#1601,.F.);
#2107=ORIENTED_EDGE('',*,*,#1602,.F.);
#2108=ORIENTED_EDGE('',*,*,#1598,.T.);
#2109=ORIENTED_EDGE('',*,*,#1603,.F.);
#2110=ORIENTED_EDGE('',*,*,#1604,.F.);
#2111=ORIENTED_EDGE('',*,*,#1605,.F.);
#2112=ORIENTED_EDGE('',*,*,#1601,.T.);
#2113=ORIENTED_EDGE('',*,*,#1606,.F.);
#2114=ORIENTED_EDGE('',*,*,#1607,.F.);
#2115=ORIENTED_EDGE('',*,*,#1608,.F.);
#2116=ORIENTED_EDGE('',*,*,#1604,.T.);
#2117=ORIENTED_EDGE('',*,*,#1609,.F.);
#2118=ORIENTED_EDGE('',*,*,#1610,.F.);
#2119=ORIENTED_EDGE('',*,*,#1611,.F.);
#2120=ORIENTED_EDGE('',*,*,#1607,.T.);
#2121=ORIENTED_EDGE('',*,*,#1612,.F.);
#2122=ORIENTED_EDGE('',*,*,#1613,.F.);
#2123=ORIENTED_EDGE('',*,*,#1614,.F.);
#2124=ORIENTED_EDGE('',*,*,#1610,.T.);
#2125=ORIENTED_EDGE('',*,*,#1615,.F.);
#2126=ORIENTED_EDGE('',*,*,#1616,.F.);
#2127=ORIENTED_EDGE('',*,*,#1617,.F.);
#2128=ORIENTED_EDGE('',*,*,#1613,.T.);
#2129=ORIENTED_EDGE('',*,*,#1618,.F.);
#2130=ORIENTED_EDGE('',*,*,#1619,.F.);
#2131=ORIENTED_EDGE('',*,*,#1620,.F.);
#2132=ORIENTED_EDGE('',*,*,#1616,.T.);
#2133=ORIENTED_EDGE('',*,*,#1621,.F.);
#2134=ORIENTED_EDGE('',*,*,#1622,.F.);
#2135=ORIENTED_EDGE('',*,*,#1623,.F.);
#2136=ORIENTED_EDGE('',*,*,#1619,.T.);
#2137=ORIENTED_EDGE('',*,*,#1624,.F.);
#2138=ORIENTED_EDGE('',*,*,#1625,.F.);
#2139=ORIENTED_EDGE('',*,*,#1626,.F.);
#2140=ORIENTED_EDGE('',*,*,#1622,.T.);
#2141=ORIENTED_EDGE('',*,*,#1627,.F.);
#2142=ORIENTED_EDGE('',*,*,#1628,.F.);
#2143=ORIENTED_EDGE('',*,*,#1629,.F.);
#2144=ORIENTED_EDGE('',*,*,#1625,.T.);
#2145=ORIENTED_EDGE('',*,*,#1630,.F.);
#2146=ORIENTED_EDGE('',*,*,#1631,.F.);
#2147=ORIENTED_EDGE('',*,*,#1632,.F.);
#2148=ORIENTED_EDGE('',*,*,#1628,.T.);
#2149=ORIENTED_EDGE('',*,*,#1633,.F.);
#2150=ORIENTED_EDGE('',*,*,#1634,.F.);
#2151=ORIENTED_EDGE('',*,*,#1635,.F.);
#2152=ORIENTED_EDGE('',*,*,#1631,.T.);
#2153=ORIENTED_EDGE('',*,*,#1636,.F.);
#2154=ORIENTED_EDGE('',*,*,#1637,.F.);
#2155=ORIENTED_EDGE('',*,*,#1638,.F.);
#2156=ORIENTED_EDGE('',*,*,#1634,.T.);
#2157=ORIENTED_EDGE('',*,*,#1639,.F.);
#2158=ORIENTED_EDGE('',*,*,#1640,.F.);
#2159=ORIENTED_EDGE('',*,*,#1641,.F.);
#2160=ORIENTED_EDGE('',*,*,#1637,.T.);
#2161=ORIENTED_EDGE('',*,*,#1642,.F.);
#2162=ORIENTED_EDGE('',*,*,#1643,.F.);
#2163=ORIENTED_EDGE('',*,*,#1644,.F.);
#2164=ORIENTED_EDGE('',*,*,#1640,.T.);
#2165=ORIENTED_EDGE('',*,*,#1645,.F.);
#2166=ORIENTED_EDGE('',*,*,#1646,.F.);
#2167=ORIENTED_EDGE('',*,*,#1647,.F.);
#2168=ORIENTED_EDGE('',*,*,#1643,.T.);
#2169=ORIENTED_EDGE('',*,*,#1648,.F.);
#2170=ORIENTED_EDGE('',*,*,#1649,.F.);
#2171=ORIENTED_EDGE('',*,*,#1650,.F.);
#2172=ORIENTED_EDGE('',*,*,#1646,.T.);
#2173=ORIENTED_EDGE('',*,*,#1651,.F.);
#2174=ORIENTED_EDGE('',*,*,#1652,.F.);
#2175=ORIENTED_EDGE('',*,*,#1653,.F.);
#2176=ORIENTED_EDGE('',*,*,#1649,.T.);
#2177=ORIENTED_EDGE('',*,*,#1654,.F.);
#2178=ORIENTED_EDGE('',*,*,#1655,.F.);
#2179=ORIENTED_EDGE('',*,*,#1656,.F.);
#2180=ORIENTED_EDGE('',*,*,#1652,.T.);
#2181=ORIENTED_EDGE('',*,*,#1657,.F.);
#2182=ORIENTED_EDGE('',*,*,#1658,.F.);
#2183=ORIENTED_EDGE('',*,*,#1659,.F.);
#2184=ORIENTED_EDGE('',*,*,#1655,.T.);
#2185=ORIENTED_EDGE('',*,*,#1660,.F.);
#2186=ORIENTED_EDGE('',*,*,#1661,.F.);
#2187=ORIENTED_EDGE('',*,*,#1662,.F.);
#2188=ORIENTED_EDGE('',*,*,#1658,.T.);
#2189=ORIENTED_EDGE('',*,*,#1663,.F.);
#2190=ORIENTED_EDGE('',*,*,#1664,.T.);
#2191=ORIENTED_EDGE('',*,*,#1665,.T.);
#2192=ORIENTED_EDGE('',*,*,#1666,.T.);
#2193=ORIENTED_EDGE('',*,*,#1667,.T.);
#2194=ORIENTED_EDGE('',*,*,#1668,.T.);
#2195=ORIENTED_EDGE('',*,*,#1669,.T.);
#2196=ORIENTED_EDGE('',*,*,#1670,.T.);
#2197=ORIENTED_EDGE('',*,*,#1671,.F.);
#2198=ORIENTED_EDGE('',*,*,#1672,.T.);
#2199=ORIENTED_EDGE('',*,*,#1673,.T.);
#2200=ORIENTED_EDGE('',*,*,#1674,.F.);
#2201=ORIENTED_EDGE('',*,*,#1675,.T.);
#2202=ORIENTED_EDGE('',*,*,#1676,.F.);
#2203=ORIENTED_EDGE('',*,*,#1677,.T.);
#2204=ORIENTED_EDGE('',*,*,#1672,.F.);
#2205=ORIENTED_EDGE('',*,*,#1664,.F.);
#2206=ORIENTED_EDGE('',*,*,#1678,.T.);
#2207=ORIENTED_EDGE('',*,*,#1671,.T.);
#2208=ORIENTED_EDGE('',*,*,#1678,.F.);
#2209=ORIENTED_EDGE('',*,*,#1679,.F.);
#2210=ORIENTED_EDGE('',*,*,#1673,.F.);
#2211=ORIENTED_EDGE('',*,*,#1677,.F.);
#2212=ORIENTED_EDGE('',*,*,#1680,.F.);
#2213=ORIENTED_EDGE('',*,*,#1444,.F.);
#2214=ORIENTED_EDGE('',*,*,#1681,.T.);
#2215=ORIENTED_EDGE('',*,*,#1667,.F.);
#2216=ORIENTED_EDGE('',*,*,#1682,.T.);
#2217=ORIENTED_EDGE('',*,*,#1666,.F.);
#2218=ORIENTED_EDGE('',*,*,#1683,.T.);
#2219=ORIENTED_EDGE('',*,*,#1665,.F.);
#2220=ORIENTED_EDGE('',*,*,#1684,.T.);
#2221=ORIENTED_EDGE('',*,*,#1670,.F.);
#2222=ORIENTED_EDGE('',*,*,#1685,.T.);
#2223=ORIENTED_EDGE('',*,*,#1669,.F.);
#2224=ORIENTED_EDGE('',*,*,#1686,.T.);
#2225=ORIENTED_EDGE('',*,*,#1668,.F.);
#2226=ORIENTED_EDGE('',*,*,#1687,.T.);
#2227=ORIENTED_EDGE('',*,*,#1688,.T.);
#2228=ORIENTED_EDGE('',*,*,#1689,.T.);
#2229=ORIENTED_EDGE('',*,*,#1690,.T.);
#2230=ORIENTED_EDGE('',*,*,#1691,.T.);
#2231=ORIENTED_EDGE('',*,*,#1692,.T.);
#2232=ORIENTED_EDGE('',*,*,#1681,.F.);
#2233=ORIENTED_EDGE('',*,*,#1693,.F.);
#2234=ORIENTED_EDGE('',*,*,#1688,.F.);
#2235=ORIENTED_EDGE('',*,*,#1694,.T.);
#2236=ORIENTED_EDGE('',*,*,#1682,.F.);
#2237=ORIENTED_EDGE('',*,*,#1695,.F.);
#2238=ORIENTED_EDGE('',*,*,#1689,.F.);
#2239=ORIENTED_EDGE('',*,*,#1693,.T.);
#2240=ORIENTED_EDGE('',*,*,#1683,.F.);
#2241=ORIENTED_EDGE('',*,*,#1696,.F.);
#2242=ORIENTED_EDGE('',*,*,#1690,.F.);
#2243=ORIENTED_EDGE('',*,*,#1695,.T.);
#2244=ORIENTED_EDGE('',*,*,#1684,.F.);
#2245=ORIENTED_EDGE('',*,*,#1697,.F.);
#2246=ORIENTED_EDGE('',*,*,#1691,.F.);
#2247=ORIENTED_EDGE('',*,*,#1696,.T.);
#2248=ORIENTED_EDGE('',*,*,#1685,.F.);
#2249=ORIENTED_EDGE('',*,*,#1698,.F.);
#2250=ORIENTED_EDGE('',*,*,#1692,.F.);
#2251=ORIENTED_EDGE('',*,*,#1697,.T.);
#2252=ORIENTED_EDGE('',*,*,#1686,.F.);
#2253=ORIENTED_EDGE('',*,*,#1694,.F.);
#2254=ORIENTED_EDGE('',*,*,#1687,.F.);
#2255=ORIENTED_EDGE('',*,*,#1698,.T.);
#2256=ORIENTED_EDGE('',*,*,#1661,.T.);
#2257=ORIENTED_EDGE('',*,*,#1699,.F.);
#2258=ORIENTED_EDGE('',*,*,#1675,.F.);
#2259=ORIENTED_EDGE('',*,*,#1700,.F.);
#2260=ORIENTED_EDGE('',*,*,#1557,.F.);
#2261=ORIENTED_EDGE('',*,*,#1701,.T.);
#2262=ORIENTED_EDGE('',*,*,#1702,.T.);
#2263=ORIENTED_EDGE('',*,*,#1703,.F.);
#2264=ORIENTED_EDGE('',*,*,#1702,.F.);
#2265=ORIENTED_EDGE('',*,*,#1704,.T.);
#2266=ORIENTED_EDGE('',*,*,#1552,.T.);
#2267=ORIENTED_EDGE('',*,*,#1705,.T.);
#2268=ORIENTED_EDGE('',*,*,#1706,.T.);
#2269=ORIENTED_EDGE('',*,*,#1703,.T.);
#2270=ORIENTED_EDGE('',*,*,#1556,.T.);
#2271=ORIENTED_EDGE('',*,*,#1560,.T.);
#2272=ORIENTED_EDGE('',*,*,#1563,.T.);
#2273=ORIENTED_EDGE('',*,*,#1566,.T.);
#2274=ORIENTED_EDGE('',*,*,#1569,.T.);
#2275=ORIENTED_EDGE('',*,*,#1572,.T.);
#2276=ORIENTED_EDGE('',*,*,#1575,.T.);
#2277=ORIENTED_EDGE('',*,*,#1578,.T.);
#2278=ORIENTED_EDGE('',*,*,#1581,.T.);
#2279=ORIENTED_EDGE('',*,*,#1584,.T.);
#2280=ORIENTED_EDGE('',*,*,#1587,.T.);
#2281=ORIENTED_EDGE('',*,*,#1590,.T.);
#2282=ORIENTED_EDGE('',*,*,#1593,.T.);
#2283=ORIENTED_EDGE('',*,*,#1596,.T.);
#2284=ORIENTED_EDGE('',*,*,#1599,.T.);
#2285=ORIENTED_EDGE('',*,*,#1602,.T.);
#2286=ORIENTED_EDGE('',*,*,#1605,.T.);
#2287=ORIENTED_EDGE('',*,*,#1608,.T.);
#2288=ORIENTED_EDGE('',*,*,#1611,.T.);
#2289=ORIENTED_EDGE('',*,*,#1614,.T.);
#2290=ORIENTED_EDGE('',*,*,#1617,.T.);
#2291=ORIENTED_EDGE('',*,*,#1620,.T.);
#2292=ORIENTED_EDGE('',*,*,#1623,.T.);
#2293=ORIENTED_EDGE('',*,*,#1626,.T.);
#2294=ORIENTED_EDGE('',*,*,#1629,.T.);
#2295=ORIENTED_EDGE('',*,*,#1632,.T.);
#2296=ORIENTED_EDGE('',*,*,#1635,.T.);
#2297=ORIENTED_EDGE('',*,*,#1638,.T.);
#2298=ORIENTED_EDGE('',*,*,#1641,.T.);
#2299=ORIENTED_EDGE('',*,*,#1644,.T.);
#2300=ORIENTED_EDGE('',*,*,#1647,.T.);
#2301=ORIENTED_EDGE('',*,*,#1650,.T.);
#2302=ORIENTED_EDGE('',*,*,#1653,.T.);
#2303=ORIENTED_EDGE('',*,*,#1656,.T.);
#2304=ORIENTED_EDGE('',*,*,#1659,.T.);
#2305=ORIENTED_EDGE('',*,*,#1662,.T.);
#2306=ORIENTED_EDGE('',*,*,#1700,.T.);
#2307=ORIENTED_EDGE('',*,*,#1674,.T.);
#2308=ORIENTED_EDGE('',*,*,#1679,.T.);
#2309=ORIENTED_EDGE('',*,*,#1443,.F.);
#2310=ORIENTED_EDGE('',*,*,#1447,.F.);
#2311=ORIENTED_EDGE('',*,*,#1450,.F.);
#2312=ORIENTED_EDGE('',*,*,#1453,.F.);
#2313=ORIENTED_EDGE('',*,*,#1456,.F.);
#2314=ORIENTED_EDGE('',*,*,#1459,.F.);
#2315=ORIENTED_EDGE('',*,*,#1462,.F.);
#2316=ORIENTED_EDGE('',*,*,#1465,.F.);
#2317=ORIENTED_EDGE('',*,*,#1468,.F.);
#2318=ORIENTED_EDGE('',*,*,#1471,.F.);
#2319=ORIENTED_EDGE('',*,*,#1474,.F.);
#2320=ORIENTED_EDGE('',*,*,#1477,.F.);
#2321=ORIENTED_EDGE('',*,*,#1480,.F.);
#2322=ORIENTED_EDGE('',*,*,#1483,.F.);
#2323=ORIENTED_EDGE('',*,*,#1486,.F.);
#2324=ORIENTED_EDGE('',*,*,#1489,.F.);
#2325=ORIENTED_EDGE('',*,*,#1492,.F.);
#2326=ORIENTED_EDGE('',*,*,#1495,.F.);
#2327=ORIENTED_EDGE('',*,*,#1498,.F.);
#2328=ORIENTED_EDGE('',*,*,#1501,.F.);
#2329=ORIENTED_EDGE('',*,*,#1504,.F.);
#2330=ORIENTED_EDGE('',*,*,#1507,.F.);
#2331=ORIENTED_EDGE('',*,*,#1510,.F.);
#2332=ORIENTED_EDGE('',*,*,#1513,.F.);
#2333=ORIENTED_EDGE('',*,*,#1516,.F.);
#2334=ORIENTED_EDGE('',*,*,#1519,.F.);
#2335=ORIENTED_EDGE('',*,*,#1522,.F.);
#2336=ORIENTED_EDGE('',*,*,#1525,.F.);
#2337=ORIENTED_EDGE('',*,*,#1528,.F.);
#2338=ORIENTED_EDGE('',*,*,#1531,.F.);
#2339=ORIENTED_EDGE('',*,*,#1534,.F.);
#2340=ORIENTED_EDGE('',*,*,#1537,.F.);
#2341=ORIENTED_EDGE('',*,*,#1540,.F.);
#2342=ORIENTED_EDGE('',*,*,#1543,.F.);
#2343=ORIENTED_EDGE('',*,*,#1546,.F.);
#2344=ORIENTED_EDGE('',*,*,#1549,.F.);
#2345=ORIENTED_EDGE('',*,*,#1553,.F.);
#2346=ORIENTED_EDGE('',*,*,#1704,.F.);
#2347=ORIENTED_EDGE('',*,*,#1701,.F.);
#2348=ORIENTED_EDGE('',*,*,#1551,.T.);
#2349=ORIENTED_EDGE('',*,*,#1707,.F.);
#2350=ORIENTED_EDGE('',*,*,#1705,.F.);
#2351=ORIENTED_EDGE('',*,*,#1680,.T.);
#2352=ORIENTED_EDGE('',*,*,#1676,.T.);
#2353=ORIENTED_EDGE('',*,*,#1699,.T.);
#2354=ORIENTED_EDGE('',*,*,#1663,.T.);
#2355=ORIENTED_EDGE('',*,*,#1660,.T.);
#2356=ORIENTED_EDGE('',*,*,#1657,.T.);
#2357=ORIENTED_EDGE('',*,*,#1654,.T.);
#2358=ORIENTED_EDGE('',*,*,#1651,.T.);
#2359=ORIENTED_EDGE('',*,*,#1648,.T.);
#2360=ORIENTED_EDGE('',*,*,#1645,.T.);
#2361=ORIENTED_EDGE('',*,*,#1642,.T.);
#2362=ORIENTED_EDGE('',*,*,#1639,.T.);
#2363=ORIENTED_EDGE('',*,*,#1636,.T.);
#2364=ORIENTED_EDGE('',*,*,#1633,.T.);
#2365=ORIENTED_EDGE('',*,*,#1630,.T.);
#2366=ORIENTED_EDGE('',*,*,#1627,.T.);
#2367=ORIENTED_EDGE('',*,*,#1624,.T.);
#2368=ORIENTED_EDGE('',*,*,#1621,.T.);
#2369=ORIENTED_EDGE('',*,*,#1618,.T.);
#2370=ORIENTED_EDGE('',*,*,#1615,.T.);
#2371=ORIENTED_EDGE('',*,*,#1612,.T.);
#2372=ORIENTED_EDGE('',*,*,#1609,.T.);
#2373=ORIENTED_EDGE('',*,*,#1606,.T.);
#2374=ORIENTED_EDGE('',*,*,#1603,.T.);
#2375=ORIENTED_EDGE('',*,*,#1600,.T.);
#2376=ORIENTED_EDGE('',*,*,#1597,.T.);
#2377=ORIENTED_EDGE('',*,*,#1594,.T.);
#2378=ORIENTED_EDGE('',*,*,#1591,.T.);
#2379=ORIENTED_EDGE('',*,*,#1588,.T.);
#2380=ORIENTED_EDGE('',*,*,#1585,.T.);
#2381=ORIENTED_EDGE('',*,*,#1582,.T.);
#2382=ORIENTED_EDGE('',*,*,#1579,.T.);
#2383=ORIENTED_EDGE('',*,*,#1576,.T.);
#2384=ORIENTED_EDGE('',*,*,#1573,.T.);
#2385=ORIENTED_EDGE('',*,*,#1570,.T.);
#2386=ORIENTED_EDGE('',*,*,#1567,.T.);
#2387=ORIENTED_EDGE('',*,*,#1564,.T.);
#2388=ORIENTED_EDGE('',*,*,#1561,.T.);
#2389=ORIENTED_EDGE('',*,*,#1558,.T.);
#2390=ORIENTED_EDGE('',*,*,#1706,.F.);
#2391=ORIENTED_EDGE('',*,*,#1707,.T.);
#2392=ORIENTED_EDGE('',*,*,#1554,.T.);
#2393=ORIENTED_EDGE('',*,*,#1550,.T.);
#2394=ORIENTED_EDGE('',*,*,#1547,.T.);
#2395=ORIENTED_EDGE('',*,*,#1544,.T.);
#2396=ORIENTED_EDGE('',*,*,#1541,.T.);
#2397=ORIENTED_EDGE('',*,*,#1538,.T.);
#2398=ORIENTED_EDGE('',*,*,#1535,.T.);
#2399=ORIENTED_EDGE('',*,*,#1532,.T.);
#2400=ORIENTED_EDGE('',*,*,#1529,.T.);
#2401=ORIENTED_EDGE('',*,*,#1526,.T.);
#2402=ORIENTED_EDGE('',*,*,#1523,.T.);
#2403=ORIENTED_EDGE('',*,*,#1520,.T.);
#2404=ORIENTED_EDGE('',*,*,#1517,.T.);
#2405=ORIENTED_EDGE('',*,*,#1514,.T.);
#2406=ORIENTED_EDGE('',*,*,#1511,.T.);
#2407=ORIENTED_EDGE('',*,*,#1508,.T.);
#2408=ORIENTED_EDGE('',*,*,#1505,.T.);
#2409=ORIENTED_EDGE('',*,*,#1502,.T.);
#2410=ORIENTED_EDGE('',*,*,#1499,.T.);
#2411=ORIENTED_EDGE('',*,*,#1496,.T.);
#2412=ORIENTED_EDGE('',*,*,#1493,.T.);
#2413=ORIENTED_EDGE('',*,*,#1490,.T.);
#2414=ORIENTED_EDGE('',*,*,#1487,.T.);
#2415=ORIENTED_EDGE('',*,*,#1484,.T.);
#2416=ORIENTED_EDGE('',*,*,#1481,.T.);
#2417=ORIENTED_EDGE('',*,*,#1478,.T.);
#2418=ORIENTED_EDGE('',*,*,#1475,.T.);
#2419=ORIENTED_EDGE('',*,*,#1472,.T.);
#2420=ORIENTED_EDGE('',*,*,#1469,.T.);
#2421=ORIENTED_EDGE('',*,*,#1466,.T.);
#2422=ORIENTED_EDGE('',*,*,#1463,.T.);
#2423=ORIENTED_EDGE('',*,*,#1460,.T.);
#2424=ORIENTED_EDGE('',*,*,#1457,.T.);
#2425=ORIENTED_EDGE('',*,*,#1454,.T.);
#2426=ORIENTED_EDGE('',*,*,#1451,.T.);
#2427=ORIENTED_EDGE('',*,*,#1448,.T.);
#2428=ORIENTED_EDGE('',*,*,#1445,.T.);
#2429=ORIENTED_EDGE('',*,*,#1708,.F.);
#2430=ORIENTED_EDGE('',*,*,#1709,.T.);
#2431=ORIENTED_EDGE('',*,*,#1710,.F.);
#2432=ORIENTED_EDGE('',*,*,#1709,.F.);
#2433=ORIENTED_EDGE('',*,*,#1711,.F.);
#2434=ORIENTED_EDGE('',*,*,#1712,.T.);
#2435=ORIENTED_EDGE('',*,*,#1713,.F.);
#2436=ORIENTED_EDGE('',*,*,#1712,.F.);
#2437=ORIENTED_EDGE('',*,*,#1714,.F.);
#2438=ORIENTED_EDGE('',*,*,#1715,.T.);
#2439=ORIENTED_EDGE('',*,*,#1716,.F.);
#2440=ORIENTED_EDGE('',*,*,#1715,.F.);
#2441=ORIENTED_EDGE('',*,*,#1717,.F.);
#2442=ORIENTED_EDGE('',*,*,#1718,.T.);
#2443=ORIENTED_EDGE('',*,*,#1719,.F.);
#2444=ORIENTED_EDGE('',*,*,#1718,.F.);
#2445=ORIENTED_EDGE('',*,*,#1720,.T.);
#2446=ORIENTED_EDGE('',*,*,#1721,.T.);
#2447=ORIENTED_EDGE('',*,*,#1722,.T.);
#2448=ORIENTED_EDGE('',*,*,#1723,.T.);
#2449=ORIENTED_EDGE('',*,*,#1724,.T.);
#2450=ORIENTED_EDGE('',*,*,#1725,.T.);
#2451=ORIENTED_EDGE('',*,*,#1726,.T.);
#2452=ORIENTED_EDGE('',*,*,#1727,.T.);
#2453=ORIENTED_EDGE('',*,*,#1728,.T.);
#2454=ORIENTED_EDGE('',*,*,#1729,.T.);
#2455=ORIENTED_EDGE('',*,*,#1730,.T.);
#2456=ORIENTED_EDGE('',*,*,#1731,.T.);
#2457=ORIENTED_EDGE('',*,*,#1732,.T.);
#2458=ORIENTED_EDGE('',*,*,#1733,.T.);
#2459=ORIENTED_EDGE('',*,*,#1734,.T.);
#2460=ORIENTED_EDGE('',*,*,#1735,.T.);
#2461=ORIENTED_EDGE('',*,*,#1708,.T.);
#2462=ORIENTED_EDGE('',*,*,#1711,.T.);
#2463=ORIENTED_EDGE('',*,*,#1714,.T.);
#2464=ORIENTED_EDGE('',*,*,#1717,.T.);
#2465=ORIENTED_EDGE('',*,*,#1736,.T.);
#2466=ORIENTED_EDGE('',*,*,#1737,.F.);
#2467=ORIENTED_EDGE('',*,*,#1738,.F.);
#2468=ORIENTED_EDGE('',*,*,#1739,.F.);
#2469=ORIENTED_EDGE('',*,*,#1740,.F.);
#2470=ORIENTED_EDGE('',*,*,#1741,.F.);
#2471=ORIENTED_EDGE('',*,*,#1742,.F.);
#2472=ORIENTED_EDGE('',*,*,#1743,.F.);
#2473=ORIENTED_EDGE('',*,*,#1744,.F.);
#2474=ORIENTED_EDGE('',*,*,#1745,.F.);
#2475=ORIENTED_EDGE('',*,*,#1746,.F.);
#2476=ORIENTED_EDGE('',*,*,#1747,.F.);
#2477=ORIENTED_EDGE('',*,*,#1748,.F.);
#2478=ORIENTED_EDGE('',*,*,#1749,.F.);
#2479=ORIENTED_EDGE('',*,*,#1750,.F.);
#2480=ORIENTED_EDGE('',*,*,#1751,.F.);
#2481=ORIENTED_EDGE('',*,*,#1752,.F.);
#2482=ORIENTED_EDGE('',*,*,#1710,.T.);
#2483=ORIENTED_EDGE('',*,*,#1713,.T.);
#2484=ORIENTED_EDGE('',*,*,#1716,.T.);
#2485=ORIENTED_EDGE('',*,*,#1719,.T.);
#2486=ORIENTED_EDGE('',*,*,#1753,.T.);
#2487=ORIENTED_EDGE('',*,*,#1752,.T.);
#2488=ORIENTED_EDGE('',*,*,#1754,.F.);
#2489=ORIENTED_EDGE('',*,*,#1735,.F.);
#2490=ORIENTED_EDGE('',*,*,#1755,.F.);
#2491=ORIENTED_EDGE('',*,*,#1751,.T.);
#2492=ORIENTED_EDGE('',*,*,#1756,.T.);
#2493=ORIENTED_EDGE('',*,*,#1720,.F.);
#2494=ORIENTED_EDGE('',*,*,#1754,.T.);
#2495=ORIENTED_EDGE('',*,*,#1757,.F.);
#2496=ORIENTED_EDGE('',*,*,#1749,.T.);
#2497=ORIENTED_EDGE('',*,*,#1758,.T.);
#2498=ORIENTED_EDGE('',*,*,#1722,.F.);
#2499=ORIENTED_EDGE('',*,*,#1748,.T.);
#2500=ORIENTED_EDGE('',*,*,#1759,.T.);
#2501=ORIENTED_EDGE('',*,*,#1723,.F.);
#2502=ORIENTED_EDGE('',*,*,#1758,.F.);
#2503=ORIENTED_EDGE('',*,*,#1747,.T.);
#2504=ORIENTED_EDGE('',*,*,#1760,.T.);
#2505=ORIENTED_EDGE('',*,*,#1724,.F.);
#2506=ORIENTED_EDGE('',*,*,#1759,.F.);
#2507=ORIENTED_EDGE('',*,*,#1761,.F.);
#2508=ORIENTED_EDGE('',*,*,#1745,.T.);
#2509=ORIENTED_EDGE('',*,*,#1762,.T.);
#2510=ORIENTED_EDGE('',*,*,#1726,.F.);
#2511=ORIENTED_EDGE('',*,*,#1744,.T.);
#2512=ORIENTED_EDGE('',*,*,#1763,.T.);
#2513=ORIENTED_EDGE('',*,*,#1727,.F.);
#2514=ORIENTED_EDGE('',*,*,#1762,.F.);
#2515=ORIENTED_EDGE('',*,*,#1743,.T.);
#2516=ORIENTED_EDGE('',*,*,#1764,.T.);
#2517=ORIENTED_EDGE('',*,*,#1728,.F.);
#2518=ORIENTED_EDGE('',*,*,#1763,.F.);
#2519=ORIENTED_EDGE('',*,*,#1765,.F.);
#2520=ORIENTED_EDGE('',*,*,#1741,.T.);
#2521=ORIENTED_EDGE('',*,*,#1766,.T.);
#2522=ORIENTED_EDGE('',*,*,#1730,.F.);
#2523=ORIENTED_EDGE('',*,*,#1740,.T.);
#2524=ORIENTED_EDGE('',*,*,#1767,.T.);
#2525=ORIENTED_EDGE('',*,*,#1731,.F.);
#2526=ORIENTED_EDGE('',*,*,#1766,.F.);
#2527=ORIENTED_EDGE('',*,*,#1739,.T.);
#2528=ORIENTED_EDGE('',*,*,#1768,.T.);
#2529=ORIENTED_EDGE('',*,*,#1732,.F.);
#2530=ORIENTED_EDGE('',*,*,#1767,.F.);
#2531=ORIENTED_EDGE('',*,*,#1769,.F.);
#2532=ORIENTED_EDGE('',*,*,#1737,.T.);
#2533=ORIENTED_EDGE('',*,*,#1755,.T.);
#2534=ORIENTED_EDGE('',*,*,#1734,.F.);
#2535=ORIENTED_EDGE('',*,*,#1768,.F.);
#2536=ORIENTED_EDGE('',*,*,#1738,.T.);
#2537=ORIENTED_EDGE('',*,*,#1769,.T.);
#2538=ORIENTED_EDGE('',*,*,#1733,.F.);
#2539=ORIENTED_EDGE('',*,*,#1764,.F.);
#2540=ORIENTED_EDGE('',*,*,#1742,.T.);
#2541=ORIENTED_EDGE('',*,*,#1765,.T.);
#2542=ORIENTED_EDGE('',*,*,#1729,.F.);
#2543=ORIENTED_EDGE('',*,*,#1760,.F.);
#2544=ORIENTED_EDGE('',*,*,#1746,.T.);
#2545=ORIENTED_EDGE('',*,*,#1761,.T.);
#2546=ORIENTED_EDGE('',*,*,#1725,.F.);
#2547=ORIENTED_EDGE('',*,*,#1756,.F.);
#2548=ORIENTED_EDGE('',*,*,#1750,.T.);
#2549=ORIENTED_EDGE('',*,*,#1757,.T.);
#2550=ORIENTED_EDGE('',*,*,#1721,.F.);
#2551=ORIENTED_EDGE('',*,*,#1753,.F.);
#2552=ORIENTED_EDGE('',*,*,#1770,.T.);
#2553=ORIENTED_EDGE('',*,*,#1736,.F.);
#2554=ORIENTED_EDGE('',*,*,#1770,.F.);
#2555=ORIENTED_EDGE('',*,*,#1771,.F.);
#2556=ORIENTED_EDGE('',*,*,#1772,.T.);
#2557=ORIENTED_EDGE('',*,*,#1773,.F.);
#2558=ORIENTED_EDGE('',*,*,#1772,.F.);
#2559=ORIENTED_EDGE('',*,*,#1774,.F.);
#2560=ORIENTED_EDGE('',*,*,#1775,.T.);
#2561=ORIENTED_EDGE('',*,*,#1776,.F.);
#2562=ORIENTED_EDGE('',*,*,#1775,.F.);
#2563=ORIENTED_EDGE('',*,*,#1777,.F.);
#2564=ORIENTED_EDGE('',*,*,#1778,.T.);
#2565=ORIENTED_EDGE('',*,*,#1779,.F.);
#2566=ORIENTED_EDGE('',*,*,#1778,.F.);
#2567=ORIENTED_EDGE('',*,*,#1780,.F.);
#2568=ORIENTED_EDGE('',*,*,#1781,.T.);
#2569=ORIENTED_EDGE('',*,*,#1782,.F.);
#2570=ORIENTED_EDGE('',*,*,#1781,.F.);
#2571=ORIENTED_EDGE('',*,*,#1783,.T.);
#2572=ORIENTED_EDGE('',*,*,#1784,.T.);
#2573=ORIENTED_EDGE('',*,*,#1785,.T.);
#2574=ORIENTED_EDGE('',*,*,#1786,.T.);
#2575=ORIENTED_EDGE('',*,*,#1787,.T.);
#2576=ORIENTED_EDGE('',*,*,#1788,.T.);
#2577=ORIENTED_EDGE('',*,*,#1789,.T.);
#2578=ORIENTED_EDGE('',*,*,#1790,.T.);
#2579=ORIENTED_EDGE('',*,*,#1791,.T.);
#2580=ORIENTED_EDGE('',*,*,#1792,.T.);
#2581=ORIENTED_EDGE('',*,*,#1793,.T.);
#2582=ORIENTED_EDGE('',*,*,#1794,.T.);
#2583=ORIENTED_EDGE('',*,*,#1795,.T.);
#2584=ORIENTED_EDGE('',*,*,#1796,.T.);
#2585=ORIENTED_EDGE('',*,*,#1797,.T.);
#2586=ORIENTED_EDGE('',*,*,#1798,.T.);
#2587=ORIENTED_EDGE('',*,*,#1771,.T.);
#2588=ORIENTED_EDGE('',*,*,#1774,.T.);
#2589=ORIENTED_EDGE('',*,*,#1777,.T.);
#2590=ORIENTED_EDGE('',*,*,#1780,.T.);
#2591=ORIENTED_EDGE('',*,*,#1799,.T.);
#2592=ORIENTED_EDGE('',*,*,#1800,.F.);
#2593=ORIENTED_EDGE('',*,*,#1801,.F.);
#2594=ORIENTED_EDGE('',*,*,#1802,.F.);
#2595=ORIENTED_EDGE('',*,*,#1803,.F.);
#2596=ORIENTED_EDGE('',*,*,#1804,.F.);
#2597=ORIENTED_EDGE('',*,*,#1805,.F.);
#2598=ORIENTED_EDGE('',*,*,#1806,.F.);
#2599=ORIENTED_EDGE('',*,*,#1807,.F.);
#2600=ORIENTED_EDGE('',*,*,#1808,.F.);
#2601=ORIENTED_EDGE('',*,*,#1809,.F.);
#2602=ORIENTED_EDGE('',*,*,#1810,.F.);
#2603=ORIENTED_EDGE('',*,*,#1811,.F.);
#2604=ORIENTED_EDGE('',*,*,#1812,.F.);
#2605=ORIENTED_EDGE('',*,*,#1813,.F.);
#2606=ORIENTED_EDGE('',*,*,#1814,.F.);
#2607=ORIENTED_EDGE('',*,*,#1815,.F.);
#2608=ORIENTED_EDGE('',*,*,#1773,.T.);
#2609=ORIENTED_EDGE('',*,*,#1776,.T.);
#2610=ORIENTED_EDGE('',*,*,#1779,.T.);
#2611=ORIENTED_EDGE('',*,*,#1782,.T.);
#2612=ORIENTED_EDGE('',*,*,#1816,.T.);
#2613=ORIENTED_EDGE('',*,*,#1815,.T.);
#2614=ORIENTED_EDGE('',*,*,#1817,.F.);
#2615=ORIENTED_EDGE('',*,*,#1798,.F.);
#2616=ORIENTED_EDGE('',*,*,#1818,.F.);
#2617=ORIENTED_EDGE('',*,*,#1814,.T.);
#2618=ORIENTED_EDGE('',*,*,#1819,.T.);
#2619=ORIENTED_EDGE('',*,*,#1783,.F.);
#2620=ORIENTED_EDGE('',*,*,#1817,.T.);
#2621=ORIENTED_EDGE('',*,*,#1820,.F.);
#2622=ORIENTED_EDGE('',*,*,#1812,.T.);
#2623=ORIENTED_EDGE('',*,*,#1821,.T.);
#2624=ORIENTED_EDGE('',*,*,#1785,.F.);
#2625=ORIENTED_EDGE('',*,*,#1811,.T.);
#2626=ORIENTED_EDGE('',*,*,#1822,.T.);
#2627=ORIENTED_EDGE('',*,*,#1786,.F.);
#2628=ORIENTED_EDGE('',*,*,#1821,.F.);
#2629=ORIENTED_EDGE('',*,*,#1810,.T.);
#2630=ORIENTED_EDGE('',*,*,#1823,.T.);
#2631=ORIENTED_EDGE('',*,*,#1787,.F.);
#2632=ORIENTED_EDGE('',*,*,#1822,.F.);
#2633=ORIENTED_EDGE('',*,*,#1824,.F.);
#2634=ORIENTED_EDGE('',*,*,#1808,.T.);
#2635=ORIENTED_EDGE('',*,*,#1825,.T.);
#2636=ORIENTED_EDGE('',*,*,#1789,.F.);
#2637=ORIENTED_EDGE('',*,*,#1807,.T.);
#2638=ORIENTED_EDGE('',*,*,#1826,.T.);
#2639=ORIENTED_EDGE('',*,*,#1790,.F.);
#2640=ORIENTED_EDGE('',*,*,#1825,.F.);
#2641=ORIENTED_EDGE('',*,*,#1806,.T.);
#2642=ORIENTED_EDGE('',*,*,#1827,.T.);
#2643=ORIENTED_EDGE('',*,*,#1791,.F.);
#2644=ORIENTED_EDGE('',*,*,#1826,.F.);
#2645=ORIENTED_EDGE('',*,*,#1828,.F.);
#2646=ORIENTED_EDGE('',*,*,#1804,.T.);
#2647=ORIENTED_EDGE('',*,*,#1829,.T.);
#2648=ORIENTED_EDGE('',*,*,#1793,.F.);
#2649=ORIENTED_EDGE('',*,*,#1803,.T.);
#2650=ORIENTED_EDGE('',*,*,#1830,.T.);
#2651=ORIENTED_EDGE('',*,*,#1794,.F.);
#2652=ORIENTED_EDGE('',*,*,#1829,.F.);
#2653=ORIENTED_EDGE('',*,*,#1802,.T.);
#2654=ORIENTED_EDGE('',*,*,#1831,.T.);
#2655=ORIENTED_EDGE('',*,*,#1795,.F.);
#2656=ORIENTED_EDGE('',*,*,#1830,.F.);
#2657=ORIENTED_EDGE('',*,*,#1832,.F.);
#2658=ORIENTED_EDGE('',*,*,#1800,.T.);
#2659=ORIENTED_EDGE('',*,*,#1818,.T.);
#2660=ORIENTED_EDGE('',*,*,#1797,.F.);
#2661=ORIENTED_EDGE('',*,*,#1831,.F.);
#2662=ORIENTED_EDGE('',*,*,#1801,.T.);
#2663=ORIENTED_EDGE('',*,*,#1832,.T.);
#2664=ORIENTED_EDGE('',*,*,#1796,.F.);
#2665=ORIENTED_EDGE('',*,*,#1827,.F.);
#2666=ORIENTED_EDGE('',*,*,#1805,.T.);
#2667=ORIENTED_EDGE('',*,*,#1828,.T.);
#2668=ORIENTED_EDGE('',*,*,#1792,.F.);
#2669=ORIENTED_EDGE('',*,*,#1823,.F.);
#2670=ORIENTED_EDGE('',*,*,#1809,.T.);
#2671=ORIENTED_EDGE('',*,*,#1824,.T.);
#2672=ORIENTED_EDGE('',*,*,#1788,.F.);
#2673=ORIENTED_EDGE('',*,*,#1819,.F.);
#2674=ORIENTED_EDGE('',*,*,#1813,.T.);
#2675=ORIENTED_EDGE('',*,*,#1820,.T.);
#2676=ORIENTED_EDGE('',*,*,#1784,.F.);
#2677=ORIENTED_EDGE('',*,*,#1816,.F.);
#2678=ORIENTED_EDGE('',*,*,#1833,.T.);
#2679=ORIENTED_EDGE('',*,*,#1799,.F.);
#2680=ORIENTED_EDGE('',*,*,#1833,.F.);
#2681=ORIENTED_EDGE('',*,*,#1834,.F.);
#2682=ORIENTED_EDGE('',*,*,#1835,.T.);
#2683=ORIENTED_EDGE('',*,*,#1836,.F.);
#2684=ORIENTED_EDGE('',*,*,#1835,.F.);
#2685=ORIENTED_EDGE('',*,*,#1837,.F.);
#2686=ORIENTED_EDGE('',*,*,#1838,.T.);
#2687=ORIENTED_EDGE('',*,*,#1839,.F.);
#2688=ORIENTED_EDGE('',*,*,#1838,.F.);
#2689=ORIENTED_EDGE('',*,*,#1840,.F.);
#2690=ORIENTED_EDGE('',*,*,#1841,.T.);
#2691=ORIENTED_EDGE('',*,*,#1842,.F.);
#2692=ORIENTED_EDGE('',*,*,#1841,.F.);
#2693=ORIENTED_EDGE('',*,*,#1843,.F.);
#2694=ORIENTED_EDGE('',*,*,#1844,.T.);
#2695=ORIENTED_EDGE('',*,*,#1845,.F.);
#2696=ORIENTED_EDGE('',*,*,#1844,.F.);
#2697=ORIENTED_EDGE('',*,*,#1846,.T.);
#2698=ORIENTED_EDGE('',*,*,#1847,.T.);
#2699=ORIENTED_EDGE('',*,*,#1848,.T.);
#2700=ORIENTED_EDGE('',*,*,#1849,.T.);
#2701=ORIENTED_EDGE('',*,*,#1850,.T.);
#2702=ORIENTED_EDGE('',*,*,#1851,.T.);
#2703=ORIENTED_EDGE('',*,*,#1852,.T.);
#2704=ORIENTED_EDGE('',*,*,#1853,.T.);
#2705=ORIENTED_EDGE('',*,*,#1854,.T.);
#2706=ORIENTED_EDGE('',*,*,#1855,.T.);
#2707=ORIENTED_EDGE('',*,*,#1856,.T.);
#2708=ORIENTED_EDGE('',*,*,#1857,.T.);
#2709=ORIENTED_EDGE('',*,*,#1858,.T.);
#2710=ORIENTED_EDGE('',*,*,#1859,.T.);
#2711=ORIENTED_EDGE('',*,*,#1860,.T.);
#2712=ORIENTED_EDGE('',*,*,#1861,.T.);
#2713=ORIENTED_EDGE('',*,*,#1834,.T.);
#2714=ORIENTED_EDGE('',*,*,#1837,.T.);
#2715=ORIENTED_EDGE('',*,*,#1840,.T.);
#2716=ORIENTED_EDGE('',*,*,#1843,.T.);
#2717=ORIENTED_EDGE('',*,*,#1862,.T.);
#2718=ORIENTED_EDGE('',*,*,#1863,.F.);
#2719=ORIENTED_EDGE('',*,*,#1864,.F.);
#2720=ORIENTED_EDGE('',*,*,#1865,.F.);
#2721=ORIENTED_EDGE('',*,*,#1866,.F.);
#2722=ORIENTED_EDGE('',*,*,#1867,.F.);
#2723=ORIENTED_EDGE('',*,*,#1868,.F.);
#2724=ORIENTED_EDGE('',*,*,#1869,.F.);
#2725=ORIENTED_EDGE('',*,*,#1870,.F.);
#2726=ORIENTED_EDGE('',*,*,#1871,.F.);
#2727=ORIENTED_EDGE('',*,*,#1872,.F.);
#2728=ORIENTED_EDGE('',*,*,#1873,.F.);
#2729=ORIENTED_EDGE('',*,*,#1874,.F.);
#2730=ORIENTED_EDGE('',*,*,#1875,.F.);
#2731=ORIENTED_EDGE('',*,*,#1876,.F.);
#2732=ORIENTED_EDGE('',*,*,#1877,.F.);
#2733=ORIENTED_EDGE('',*,*,#1878,.F.);
#2734=ORIENTED_EDGE('',*,*,#1836,.T.);
#2735=ORIENTED_EDGE('',*,*,#1839,.T.);
#2736=ORIENTED_EDGE('',*,*,#1842,.T.);
#2737=ORIENTED_EDGE('',*,*,#1845,.T.);
#2738=ORIENTED_EDGE('',*,*,#1879,.T.);
#2739=ORIENTED_EDGE('',*,*,#1878,.T.);
#2740=ORIENTED_EDGE('',*,*,#1880,.F.);
#2741=ORIENTED_EDGE('',*,*,#1861,.F.);
#2742=ORIENTED_EDGE('',*,*,#1881,.F.);
#2743=ORIENTED_EDGE('',*,*,#1877,.T.);
#2744=ORIENTED_EDGE('',*,*,#1882,.T.);
#2745=ORIENTED_EDGE('',*,*,#1846,.F.);
#2746=ORIENTED_EDGE('',*,*,#1880,.T.);
#2747=ORIENTED_EDGE('',*,*,#1883,.F.);
#2748=ORIENTED_EDGE('',*,*,#1875,.T.);
#2749=ORIENTED_EDGE('',*,*,#1884,.T.);
#2750=ORIENTED_EDGE('',*,*,#1848,.F.);
#2751=ORIENTED_EDGE('',*,*,#1874,.T.);
#2752=ORIENTED_EDGE('',*,*,#1885,.T.);
#2753=ORIENTED_EDGE('',*,*,#1849,.F.);
#2754=ORIENTED_EDGE('',*,*,#1884,.F.);
#2755=ORIENTED_EDGE('',*,*,#1873,.T.);
#2756=ORIENTED_EDGE('',*,*,#1886,.T.);
#2757=ORIENTED_EDGE('',*,*,#1850,.F.);
#2758=ORIENTED_EDGE('',*,*,#1885,.F.);
#2759=ORIENTED_EDGE('',*,*,#1887,.F.);
#2760=ORIENTED_EDGE('',*,*,#1871,.T.);
#2761=ORIENTED_EDGE('',*,*,#1888,.T.);
#2762=ORIENTED_EDGE('',*,*,#1852,.F.);
#2763=ORIENTED_EDGE('',*,*,#1870,.T.);
#2764=ORIENTED_EDGE('',*,*,#1889,.T.);
#2765=ORIENTED_EDGE('',*,*,#1853,.F.);
#2766=ORIENTED_EDGE('',*,*,#1888,.F.);
#2767=ORIENTED_EDGE('',*,*,#1869,.T.);
#2768=ORIENTED_EDGE('',*,*,#1890,.T.);
#2769=ORIENTED_EDGE('',*,*,#1854,.F.);
#2770=ORIENTED_EDGE('',*,*,#1889,.F.);
#2771=ORIENTED_EDGE('',*,*,#1891,.F.);
#2772=ORIENTED_EDGE('',*,*,#1867,.T.);
#2773=ORIENTED_EDGE('',*,*,#1892,.T.);
#2774=ORIENTED_EDGE('',*,*,#1856,.F.);
#2775=ORIENTED_EDGE('',*,*,#1866,.T.);
#2776=ORIENTED_EDGE('',*,*,#1893,.T.);
#2777=ORIENTED_EDGE('',*,*,#1857,.F.);
#2778=ORIENTED_EDGE('',*,*,#1892,.F.);
#2779=ORIENTED_EDGE('',*,*,#1865,.T.);
#2780=ORIENTED_EDGE('',*,*,#1894,.T.);
#2781=ORIENTED_EDGE('',*,*,#1858,.F.);
#2782=ORIENTED_EDGE('',*,*,#1893,.F.);
#2783=ORIENTED_EDGE('',*,*,#1895,.F.);
#2784=ORIENTED_EDGE('',*,*,#1863,.T.);
#2785=ORIENTED_EDGE('',*,*,#1881,.T.);
#2786=ORIENTED_EDGE('',*,*,#1860,.F.);
#2787=ORIENTED_EDGE('',*,*,#1894,.F.);
#2788=ORIENTED_EDGE('',*,*,#1864,.T.);
#2789=ORIENTED_EDGE('',*,*,#1895,.T.);
#2790=ORIENTED_EDGE('',*,*,#1859,.F.);
#2791=ORIENTED_EDGE('',*,*,#1890,.F.);
#2792=ORIENTED_EDGE('',*,*,#1868,.T.);
#2793=ORIENTED_EDGE('',*,*,#1891,.T.);
#2794=ORIENTED_EDGE('',*,*,#1855,.F.);
#2795=ORIENTED_EDGE('',*,*,#1886,.F.);
#2796=ORIENTED_EDGE('',*,*,#1872,.T.);
#2797=ORIENTED_EDGE('',*,*,#1887,.T.);
#2798=ORIENTED_EDGE('',*,*,#1851,.F.);
#2799=ORIENTED_EDGE('',*,*,#1882,.F.);
#2800=ORIENTED_EDGE('',*,*,#1876,.T.);
#2801=ORIENTED_EDGE('',*,*,#1883,.T.);
#2802=ORIENTED_EDGE('',*,*,#1847,.F.);
#2803=ORIENTED_EDGE('',*,*,#1879,.F.);
#2804=ORIENTED_EDGE('',*,*,#1896,.T.);
#2805=ORIENTED_EDGE('',*,*,#1862,.F.);
#2806=ORIENTED_EDGE('',*,*,#1896,.F.);
#2807=CYLINDRICAL_SURFACE('',#3117,1.17524047358083);
#2808=CYLINDRICAL_SURFACE('',#3119,1.17524047358083);
#2809=CYLINDRICAL_SURFACE('',#3120,1.17524047358083);
#2810=CYLINDRICAL_SURFACE('',#3121,1.17524047358083);
#2811=CYLINDRICAL_SURFACE('',#3122,1.17524047358083);
#2812=CYLINDRICAL_SURFACE('',#3123,1.17524047358083);
#2813=CYLINDRICAL_SURFACE('',#3124,1.17524047358083);
#2814=CYLINDRICAL_SURFACE('',#3125,1.17524047358083);
#2815=CYLINDRICAL_SURFACE('',#3126,1.17524047358083);
#2816=CYLINDRICAL_SURFACE('',#3127,1.17524047358083);
#2817=CYLINDRICAL_SURFACE('',#3128,1.17524047358083);
#2818=CYLINDRICAL_SURFACE('',#3129,1.17524047358083);
#2819=CYLINDRICAL_SURFACE('',#3130,1.17524047358083);
#2820=CYLINDRICAL_SURFACE('',#3131,1.17524047358083);
#2821=CYLINDRICAL_SURFACE('',#3132,1.17524047358083);
#2822=CYLINDRICAL_SURFACE('',#3133,1.17524047358083);
#2823=CYLINDRICAL_SURFACE('',#3134,1.17524047358083);
#2824=CYLINDRICAL_SURFACE('',#3135,1.17524047358083);
#2825=CYLINDRICAL_SURFACE('',#3136,1.17524047358083);
#2826=CYLINDRICAL_SURFACE('',#3137,1.17524047358083);
#2827=CYLINDRICAL_SURFACE('',#3138,1.17524047358083);
#2828=CYLINDRICAL_SURFACE('',#3139,1.17524047358083);
#2829=CYLINDRICAL_SURFACE('',#3140,1.17524047358083);
#2830=CYLINDRICAL_SURFACE('',#3141,1.17524047358083);
#2831=CYLINDRICAL_SURFACE('',#3142,1.17524047358083);
#2832=CYLINDRICAL_SURFACE('',#3143,1.17524047358083);
#2833=CYLINDRICAL_SURFACE('',#3144,1.17524047358083);
#2834=CYLINDRICAL_SURFACE('',#3145,1.17524047358083);
#2835=CYLINDRICAL_SURFACE('',#3146,1.17524047358083);
#2836=CYLINDRICAL_SURFACE('',#3147,1.17524047358083);
#2837=CYLINDRICAL_SURFACE('',#3148,1.17524047358083);
#2838=CYLINDRICAL_SURFACE('',#3149,1.17524047358083);
#2839=CYLINDRICAL_SURFACE('',#3150,1.17524047358083);
#2840=CYLINDRICAL_SURFACE('',#3151,1.17524047358083);
#2841=CYLINDRICAL_SURFACE('',#3152,1.17524047358083);
#2842=CYLINDRICAL_SURFACE('',#3153,1.17524047358083);
#2843=CYLINDRICAL_SURFACE('',#3154,1.17524047358083);
#2844=CYLINDRICAL_SURFACE('',#3156,1.50000000000001);
#2845=CYLINDRICAL_SURFACE('',#3158,1.50000000000001);
#2846=CYLINDRICAL_SURFACE('',#3159,1.50000000000001);
#2847=CYLINDRICAL_SURFACE('',#3160,1.50000000000001);
#2848=CYLINDRICAL_SURFACE('',#3161,1.50000000000001);
#2849=CYLINDRICAL_SURFACE('',#3162,1.50000000000001);
#2850=CYLINDRICAL_SURFACE('',#3163,1.50000000000001);
#2851=CYLINDRICAL_SURFACE('',#3164,1.50000000000001);
#2852=CYLINDRICAL_SURFACE('',#3165,1.50000000000001);
#2853=CYLINDRICAL_SURFACE('',#3166,1.50000000000001);
#2854=CYLINDRICAL_SURFACE('',#3167,1.50000000000001);
#2855=CYLINDRICAL_SURFACE('',#3168,1.50000000000001);
#2856=CYLINDRICAL_SURFACE('',#3169,1.50000000000001);
#2857=CYLINDRICAL_SURFACE('',#3170,1.50000000000001);
#2858=CYLINDRICAL_SURFACE('',#3171,1.50000000000001);
#2859=CYLINDRICAL_SURFACE('',#3172,1.50000000000001);
#2860=CYLINDRICAL_SURFACE('',#3173,1.50000000000001);
#2861=CYLINDRICAL_SURFACE('',#3174,1.50000000000001);
#2862=CYLINDRICAL_SURFACE('',#3175,1.50000000000001);
#2863=CYLINDRICAL_SURFACE('',#3176,1.50000000000001);
#2864=CYLINDRICAL_SURFACE('',#3177,1.50000000000001);
#2865=CYLINDRICAL_SURFACE('',#3178,1.50000000000001);
#2866=CYLINDRICAL_SURFACE('',#3179,1.50000000000001);
#2867=CYLINDRICAL_SURFACE('',#3180,1.50000000000001);
#2868=CYLINDRICAL_SURFACE('',#3181,1.50000000000001);
#2869=CYLINDRICAL_SURFACE('',#3182,1.50000000000001);
#2870=CYLINDRICAL_SURFACE('',#3183,1.50000000000001);
#2871=CYLINDRICAL_SURFACE('',#3184,1.50000000000001);
#2872=CYLINDRICAL_SURFACE('',#3185,1.50000000000001);
#2873=CYLINDRICAL_SURFACE('',#3186,1.50000000000001);
#2874=CYLINDRICAL_SURFACE('',#3187,1.50000000000001);
#2875=CYLINDRICAL_SURFACE('',#3188,1.50000000000001);
#2876=CYLINDRICAL_SURFACE('',#3189,1.50000000000001);
#2877=CYLINDRICAL_SURFACE('',#3190,1.50000000000001);
#2878=CYLINDRICAL_SURFACE('',#3191,1.50000000000001);
#2879=CYLINDRICAL_SURFACE('',#3192,1.50000000000001);
#2880=CYLINDRICAL_SURFACE('',#3206,3.);
#2881=CYLINDRICAL_SURFACE('',#3221,1.50000000000001);
#2882=CYLINDRICAL_SURFACE('',#3226,1.17524047358083);
#2883=CYLINDRICAL_SURFACE('',#3227,1.7);
#2884=CYLINDRICAL_SURFACE('',#3230,1.7);
#2885=CYLINDRICAL_SURFACE('',#3233,1.7);
#2886=CYLINDRICAL_SURFACE('',#3236,1.7);
#2887=CYLINDRICAL_SURFACE('',#3259,4.);
#2888=CYLINDRICAL_SURFACE('',#3262,4.);
#2889=CYLINDRICAL_SURFACE('',#3265,4.);
#2890=CYLINDRICAL_SURFACE('',#3268,4.);
#2891=CYLINDRICAL_SURFACE('',#3271,6.375);
#2892=CYLINDRICAL_SURFACE('',#3272,6.375);
#2893=CYLINDRICAL_SURFACE('',#3273,6.375);
#2894=CYLINDRICAL_SURFACE('',#3274,6.375);
#2895=CYLINDRICAL_SURFACE('',#3275,1.5);
#2896=CYLINDRICAL_SURFACE('',#3278,1.7);
#2897=CYLINDRICAL_SURFACE('',#3281,1.7);
#2898=CYLINDRICAL_SURFACE('',#3284,1.7);
#2899=CYLINDRICAL_SURFACE('',#3287,1.7);
#2900=CYLINDRICAL_SURFACE('',#3310,4.);
#2901=CYLINDRICAL_SURFACE('',#3313,4.);
#2902=CYLINDRICAL_SURFACE('',#3316,4.);
#2903=CYLINDRICAL_SURFACE('',#3319,4.);
#2904=CYLINDRICAL_SURFACE('',#3322,6.375);
#2905=CYLINDRICAL_SURFACE('',#3323,6.375);
#2906=CYLINDRICAL_SURFACE('',#3324,6.375);
#2907=CYLINDRICAL_SURFACE('',#3325,6.375);
#2908=CYLINDRICAL_SURFACE('',#3326,1.5);
#2909=CYLINDRICAL_SURFACE('',#3329,1.7);
#2910=CYLINDRICAL_SURFACE('',#3332,1.7);
#2911=CYLINDRICAL_SURFACE('',#3335,1.7);
#2912=CYLINDRICAL_SURFACE('',#3338,1.7);
#2913=CYLINDRICAL_SURFACE('',#3361,4.);
#2914=CYLINDRICAL_SURFACE('',#3364,4.);
#2915=CYLINDRICAL_SURFACE('',#3367,4.);
#2916=CYLINDRICAL_SURFACE('',#3370,4.);
#2917=CYLINDRICAL_SURFACE('',#3373,6.375);
#2918=CYLINDRICAL_SURFACE('',#3374,6.375);
#2919=CYLINDRICAL_SURFACE('',#3375,6.375);
#2920=CYLINDRICAL_SURFACE('',#3376,6.375);
#2921=CYLINDRICAL_SURFACE('',#3377,1.5);
#2922=ADVANCED_FACE('',(#135),#2807,.T.);
#2923=ADVANCED_FACE('',(#136),#2808,.T.);
#2924=ADVANCED_FACE('',(#137),#2809,.T.);
#2925=ADVANCED_FACE('',(#138),#2810,.T.);
#2926=ADVANCED_FACE('',(#139),#2811,.T.);
#2927=ADVANCED_FACE('',(#140),#2812,.T.);
#2928=ADVANCED_FACE('',(#141),#2813,.T.);
#2929=ADVANCED_FACE('',(#142),#2814,.T.);
#2930=ADVANCED_FACE('',(#143),#2815,.T.);
#2931=ADVANCED_FACE('',(#144),#2816,.T.);
#2932=ADVANCED_FACE('',(#145),#2817,.T.);
#2933=ADVANCED_FACE('',(#146),#2818,.T.);
#2934=ADVANCED_FACE('',(#147),#2819,.T.);
#2935=ADVANCED_FACE('',(#148),#2820,.T.);
#2936=ADVANCED_FACE('',(#149),#2821,.T.);
#2937=ADVANCED_FACE('',(#150),#2822,.T.);
#2938=ADVANCED_FACE('',(#151),#2823,.T.);
#2939=ADVANCED_FACE('',(#152),#2824,.T.);
#2940=ADVANCED_FACE('',(#153),#2825,.T.);
#2941=ADVANCED_FACE('',(#154),#2826,.T.);
#2942=ADVANCED_FACE('',(#155),#2827,.T.);
#2943=ADVANCED_FACE('',(#156),#2828,.T.);
#2944=ADVANCED_FACE('',(#157),#2829,.T.);
#2945=ADVANCED_FACE('',(#158),#2830,.T.);
#2946=ADVANCED_FACE('',(#159),#2831,.T.);
#2947=ADVANCED_FACE('',(#160),#2832,.T.);
#2948=ADVANCED_FACE('',(#161),#2833,.T.);
#2949=ADVANCED_FACE('',(#162),#2834,.T.);
#2950=ADVANCED_FACE('',(#163),#2835,.T.);
#2951=ADVANCED_FACE('',(#164),#2836,.T.);
#2952=ADVANCED_FACE('',(#165),#2837,.T.);
#2953=ADVANCED_FACE('',(#166),#2838,.T.);
#2954=ADVANCED_FACE('',(#167),#2839,.T.);
#2955=ADVANCED_FACE('',(#168),#2840,.T.);
#2956=ADVANCED_FACE('',(#169),#2841,.T.);
#2957=ADVANCED_FACE('',(#170),#2842,.T.);
#2958=ADVANCED_FACE('',(#171),#2843,.T.);
#2959=ADVANCED_FACE('',(#172),#2844,.T.);
#2960=ADVANCED_FACE('',(#173),#2845,.T.);
#2961=ADVANCED_FACE('',(#174),#2846,.T.);
#2962=ADVANCED_FACE('',(#175),#2847,.T.);
#2963=ADVANCED_FACE('',(#176),#2848,.T.);
#2964=ADVANCED_FACE('',(#177),#2849,.T.);
#2965=ADVANCED_FACE('',(#178),#2850,.T.);
#2966=ADVANCED_FACE('',(#179),#2851,.T.);
#2967=ADVANCED_FACE('',(#180),#2852,.T.);
#2968=ADVANCED_FACE('',(#181),#2853,.T.);
#2969=ADVANCED_FACE('',(#182),#2854,.T.);
#2970=ADVANCED_FACE('',(#183),#2855,.T.);
#2971=ADVANCED_FACE('',(#184),#2856,.T.);
#2972=ADVANCED_FACE('',(#185),#2857,.T.);
#2973=ADVANCED_FACE('',(#186),#2858,.T.);
#2974=ADVANCED_FACE('',(#187),#2859,.T.);
#2975=ADVANCED_FACE('',(#188),#2860,.T.);
#2976=ADVANCED_FACE('',(#189),#2861,.T.);
#2977=ADVANCED_FACE('',(#190),#2862,.T.);
#2978=ADVANCED_FACE('',(#191),#2863,.T.);
#2979=ADVANCED_FACE('',(#192),#2864,.T.);
#2980=ADVANCED_FACE('',(#193),#2865,.T.);
#2981=ADVANCED_FACE('',(#194),#2866,.T.);
#2982=ADVANCED_FACE('',(#195),#2867,.T.);
#2983=ADVANCED_FACE('',(#196),#2868,.T.);
#2984=ADVANCED_FACE('',(#197),#2869,.T.);
#2985=ADVANCED_FACE('',(#198),#2870,.T.);
#2986=ADVANCED_FACE('',(#199),#2871,.T.);
#2987=ADVANCED_FACE('',(#200),#2872,.T.);
#2988=ADVANCED_FACE('',(#201),#2873,.T.);
#2989=ADVANCED_FACE('',(#202),#2874,.T.);
#2990=ADVANCED_FACE('',(#203),#2875,.T.);
#2991=ADVANCED_FACE('',(#204),#2876,.T.);
#2992=ADVANCED_FACE('',(#205),#2877,.T.);
#2993=ADVANCED_FACE('',(#206),#2878,.T.);
#2994=ADVANCED_FACE('',(#207),#2879,.T.);
#2995=ADVANCED_FACE('',(#208,#64),#95,.F.);
#2996=ADVANCED_FACE('',(#209),#56,.T.);
#2997=ADVANCED_FACE('',(#210),#2880,.T.);
#2998=ADVANCED_FACE('',(#211),#96,.T.);
#2999=ADVANCED_FACE('',(#212),#57,.F.);
#3000=ADVANCED_FACE('',(#213),#58,.F.);
#3001=ADVANCED_FACE('',(#214),#59,.F.);
#3002=ADVANCED_FACE('',(#215),#60,.F.);
#3003=ADVANCED_FACE('',(#216),#61,.F.);
#3004=ADVANCED_FACE('',(#217),#62,.F.);
#3005=ADVANCED_FACE('',(#218),#97,.T.);
#3006=ADVANCED_FACE('',(#219),#98,.F.);
#3007=ADVANCED_FACE('',(#220),#99,.F.);
#3008=ADVANCED_FACE('',(#221),#100,.F.);
#3009=ADVANCED_FACE('',(#222),#101,.F.);
#3010=ADVANCED_FACE('',(#223),#102,.F.);
#3011=ADVANCED_FACE('',(#224),#103,.F.);
#3012=ADVANCED_FACE('',(#225),#2881,.T.);
#3013=ADVANCED_FACE('',(#226),#63,.T.);
#3014=ADVANCED_FACE('',(#227),#104,.F.);
#3015=ADVANCED_FACE('',(#228),#47,.T.);
#3016=ADVANCED_FACE('',(#229),#2882,.T.);
#3017=ADVANCED_FACE('',(#230),#48,.T.);
#3018=ADVANCED_FACE('',(#231),#2883,.F.);
#3019=ADVANCED_FACE('',(#232),#2884,.F.);
#3020=ADVANCED_FACE('',(#233),#2885,.F.);
#3021=ADVANCED_FACE('',(#234),#2886,.F.);
#3022=ADVANCED_FACE('',(#235,#65,#66,#67,#68,#69),#105,.T.);
#3023=ADVANCED_FACE('',(#236,#70,#71,#72,#73,#74),#106,.F.);
#3024=ADVANCED_FACE('',(#237),#2887,.T.);
#3025=ADVANCED_FACE('',(#238),#107,.F.);
#3026=ADVANCED_FACE('',(#239),#108,.F.);
#3027=ADVANCED_FACE('',(#240),#2888,.T.);
#3028=ADVANCED_FACE('',(#241),#109,.F.);
#3029=ADVANCED_FACE('',(#242),#110,.F.);
#3030=ADVANCED_FACE('',(#243),#2889,.T.);
#3031=ADVANCED_FACE('',(#244),#111,.F.);
#3032=ADVANCED_FACE('',(#245),#112,.F.);
#3033=ADVANCED_FACE('',(#246),#2890,.T.);
#3034=ADVANCED_FACE('',(#247),#113,.F.);
#3035=ADVANCED_FACE('',(#248),#114,.F.);
#3036=ADVANCED_FACE('',(#249),#2891,.T.);
#3037=ADVANCED_FACE('',(#250),#2892,.T.);
#3038=ADVANCED_FACE('',(#251),#2893,.T.);
#3039=ADVANCED_FACE('',(#252),#2894,.T.);
#3040=ADVANCED_FACE('',(#253),#2895,.F.);
#3041=ADVANCED_FACE('',(#254),#2896,.F.);
#3042=ADVANCED_FACE('',(#255),#2897,.F.);
#3043=ADVANCED_FACE('',(#256),#2898,.F.);
#3044=ADVANCED_FACE('',(#257),#2899,.F.);
#3045=ADVANCED_FACE('',(#258,#75,#76,#77,#78,#79),#115,.T.);
#3046=ADVANCED_FACE('',(#259,#80,#81,#82,#83,#84),#116,.F.);
#3047=ADVANCED_FACE('',(#260),#2900,.T.);
#3048=ADVANCED_FACE('',(#261),#117,.F.);
#3049=ADVANCED_FACE('',(#262),#118,.F.);
#3050=ADVANCED_FACE('',(#263),#2901,.T.);
#3051=ADVANCED_FACE('',(#264),#119,.F.);
#3052=ADVANCED_FACE('',(#265),#120,.F.);
#3053=ADVANCED_FACE('',(#266),#2902,.T.);
#3054=ADVANCED_FACE('',(#267),#121,.F.);
#3055=ADVANCED_FACE('',(#268),#122,.F.);
#3056=ADVANCED_FACE('',(#269),#2903,.T.);
#3057=ADVANCED_FACE('',(#270),#123,.F.);
#3058=ADVANCED_FACE('',(#271),#124,.F.);
#3059=ADVANCED_FACE('',(#272),#2904,.T.);
#3060=ADVANCED_FACE('',(#273),#2905,.T.);
#3061=ADVANCED_FACE('',(#274),#2906,.T.);
#3062=ADVANCED_FACE('',(#275),#2907,.T.);
#3063=ADVANCED_FACE('',(#276),#2908,.F.);
#3064=ADVANCED_FACE('',(#277),#2909,.F.);
#3065=ADVANCED_FACE('',(#278),#2910,.F.);
#3066=ADVANCED_FACE('',(#279),#2911,.F.);
#3067=ADVANCED_FACE('',(#280),#2912,.F.);
#3068=ADVANCED_FACE('',(#281,#85,#86,#87,#88,#89),#125,.T.);
#3069=ADVANCED_FACE('',(#282,#90,#91,#92,#93,#94),#126,.F.);
#3070=ADVANCED_FACE('',(#283),#2913,.T.);
#3071=ADVANCED_FACE('',(#284),#127,.F.);
#3072=ADVANCED_FACE('',(#285),#128,.F.);
#3073=ADVANCED_FACE('',(#286),#2914,.T.);
#3074=ADVANCED_FACE('',(#287),#129,.F.);
#3075=ADVANCED_FACE('',(#288),#130,.F.);
#3076=ADVANCED_FACE('',(#289),#2915,.T.);
#3077=ADVANCED_FACE('',(#290),#131,.F.);
#3078=ADVANCED_FACE('',(#291),#132,.F.);
#3079=ADVANCED_FACE('',(#292),#2916,.T.);
#3080=ADVANCED_FACE('',(#293),#133,.F.);
#3081=ADVANCED_FACE('',(#294),#134,.F.);
#3082=ADVANCED_FACE('',(#295),#2917,.T.);
#3083=ADVANCED_FACE('',(#296),#2918,.T.);
#3084=ADVANCED_FACE('',(#297),#2919,.T.);
#3085=ADVANCED_FACE('',(#298),#2920,.T.);
#3086=ADVANCED_FACE('',(#299),#2921,.F.);
#3087=CLOSED_SHELL('',(#2922,#2923,#2924,#2925,#2926,#2927,#2928,#2929,
#2930,#2931,#2932,#2933,#2934,#2935,#2936,#2937,#2938,#2939,#2940,#2941,
#2942,#2943,#2944,#2945,#2946,#2947,#2948,#2949,#2950,#2951,#2952,#2953,
#2954,#2955,#2956,#2957,#2958,#2959,#2960,#2961,#2962,#2963,#2964,#2965,
#2966,#2967,#2968,#2969,#2970,#2971,#2972,#2973,#2974,#2975,#2976,#2977,
#2978,#2979,#2980,#2981,#2982,#2983,#2984,#2985,#2986,#2987,#2988,#2989,
#2990,#2991,#2992,#2993,#2994,#2995,#2996,#2997,#2998,#2999,#3000,#3001,
#3002,#3003,#3004,#3005,#3006,#3007,#3008,#3009,#3010,#3011,#3012,#3013,
#3014,#3015,#3016,#3017));
#3088=CLOSED_SHELL('',(#3018,#3019,#3020,#3021,#3022,#3023,#3024,#3025,
#3026,#3027,#3028,#3029,#3030,#3031,#3032,#3033,#3034,#3035,#3036,#3037,
#3038,#3039,#3040));
#3089=CLOSED_SHELL('',(#3041,#3042,#3043,#3044,#3045,#3046,#3047,#3048,
#3049,#3050,#3051,#3052,#3053,#3054,#3055,#3056,#3057,#3058,#3059,#3060,
#3061,#3062,#3063));
#3090=CLOSED_SHELL('',(#3064,#3065,#3066,#3067,#3068,#3069,#3070,#3071,
#3072,#3073,#3074,#3075,#3076,#3077,#3078,#3079,#3080,#3081,#3082,#3083,
#3084,#3085,#3086));
#3091=DERIVED_UNIT_ELEMENT(#3095,1.);
#3092=DERIVED_UNIT_ELEMENT(#8831,-3.);
#3093=DERIVED_UNIT_ELEMENT(#3095,1.);
#3094=DERIVED_UNIT_ELEMENT(#8831,-3.);
#3095=(
MASS_UNIT()
NAMED_UNIT(*)
SI_UNIT(.KILO.,.GRAM.)
);
#3096=DERIVED_UNIT((#3091,#3092));
#3097=DERIVED_UNIT((#3093,#3094));
#3098=MEASURE_REPRESENTATION_ITEM('density measure',
POSITIVE_RATIO_MEASURE(7850.),#3096);
#3099=MEASURE_REPRESENTATION_ITEM('density measure',
POSITIVE_RATIO_MEASURE(7850.),#3097);
#3100=PROPERTY_DEFINITION_REPRESENTATION(#3110,#3104);
#3101=PROPERTY_DEFINITION_REPRESENTATION(#3111,#3105);
#3102=PROPERTY_DEFINITION_REPRESENTATION(#3112,#3106);
#3103=PROPERTY_DEFINITION_REPRESENTATION(#3113,#3107);
#3104=REPRESENTATION('material name',(#3108),#8826);
#3105=REPRESENTATION('density',(#3098),#8826);
#3106=REPRESENTATION('material name',(#3109),#8828);
#3107=REPRESENTATION('density',(#3099),#8828);
#3108=DESCRIPTIVE_REPRESENTATION_ITEM('Steel','Steel');
#3109=DESCRIPTIVE_REPRESENTATION_ITEM('Steel','Steel');
#3110=PROPERTY_DEFINITION('material property','material name',#8857);
#3111=PROPERTY_DEFINITION('material property','density of part',#8857);
#3112=PROPERTY_DEFINITION('material property','material name',#8859);
#3113=PROPERTY_DEFINITION('material property','density of part',#8859);
#3114=AXIS2_PLACEMENT_3D('',#4114,#3381,#3382);
#3115=AXIS2_PLACEMENT_3D('',#4115,#3383,#3384);
#3116=AXIS2_PLACEMENT_3D('',#4116,#3385,#3386);
#3117=AXIS2_PLACEMENT_3D('',#4117,#3387,#3388);
#3118=AXIS2_PLACEMENT_3D('',#4132,#3390,#3391);
#3119=AXIS2_PLACEMENT_3D('',#4140,#3392,#3393);
#3120=AXIS2_PLACEMENT_3D('',#4170,#3395,#3396);
#3121=AXIS2_PLACEMENT_3D('',#4200,#3398,#3399);
#3122=AXIS2_PLACEMENT_3D('',#4230,#3401,#3402);
#3123=AXIS2_PLACEMENT_3D('',#4260,#3404,#3405);
#3124=AXIS2_PLACEMENT_3D('',#4290,#3407,#3408);
#3125=AXIS2_PLACEMENT_3D('',#4320,#3410,#3411);
#3126=AXIS2_PLACEMENT_3D('',#4350,#3413,#3414);
#3127=AXIS2_PLACEMENT_3D('',#4380,#3416,#3417);
#3128=AXIS2_PLACEMENT_3D('',#4410,#3419,#3420);
#3129=AXIS2_PLACEMENT_3D('',#4440,#3422,#3423);
#3130=AXIS2_PLACEMENT_3D('',#4470,#3425,#3426);
#3131=AXIS2_PLACEMENT_3D('',#4500,#3428,#3429);
#3132=AXIS2_PLACEMENT_3D('',#4530,#3431,#3432);
#3133=AXIS2_PLACEMENT_3D('',#4560,#3434,#3435);
#3134=AXIS2_PLACEMENT_3D('',#4590,#3437,#3438);
#3135=AXIS2_PLACEMENT_3D('',#4620,#3440,#3441);
#3136=AXIS2_PLACEMENT_3D('',#4650,#3443,#3444);
#3137=AXIS2_PLACEMENT_3D('',#4680,#3446,#3447);
#3138=AXIS2_PLACEMENT_3D('',#4710,#3449,#3450);
#3139=AXIS2_PLACEMENT_3D('',#4740,#3452,#3453);
#3140=AXIS2_PLACEMENT_3D('',#4770,#3455,#3456);
#3141=AXIS2_PLACEMENT_3D('',#4800,#3458,#3459);
#3142=AXIS2_PLACEMENT_3D('',#4830,#3461,#3462);
#3143=AXIS2_PLACEMENT_3D('',#4860,#3464,#3465);
#3144=AXIS2_PLACEMENT_3D('',#4890,#3467,#3468);
#3145=AXIS2_PLACEMENT_3D('',#4920,#3470,#3471);
#3146=AXIS2_PLACEMENT_3D('',#4950,#3473,#3474);
#3147=AXIS2_PLACEMENT_3D('',#4980,#3476,#3477);
#3148=AXIS2_PLACEMENT_3D('',#5010,#3479,#3480);
#3149=AXIS2_PLACEMENT_3D('',#5040,#3482,#3483);
#3150=AXIS2_PLACEMENT_3D('',#5070,#3485,#3486);
#3151=AXIS2_PLACEMENT_3D('',#5100,#3488,#3489);
#3152=AXIS2_PLACEMENT_3D('',#5130,#3491,#3492);
#3153=AXIS2_PLACEMENT_3D('',#5160,#3494,#3495);
#3154=AXIS2_PLACEMENT_3D('',#5190,#3497,#3498);
#3155=AXIS2_PLACEMENT_3D('',#5195,#3500,#3501);
#3156=AXIS2_PLACEMENT_3D('',#5222,#3502,#3503);
#3157=AXIS2_PLACEMENT_3D('',#5235,#3505,#3506);
#3158=AXIS2_PLACEMENT_3D('',#5241,#3507,#3508);
#3159=AXIS2_PLACEMENT_3D('',#5271,#3510,#3511);
#3160=AXIS2_PLACEMENT_3D('',#5301,#3513,#3514);
#3161=AXIS2_PLACEMENT_3D('',#5331,#3516,#3517);
#3162=AXIS2_PLACEMENT_3D('',#5361,#3519,#3520);
#3163=AXIS2_PLACEMENT_3D('',#5391,#3522,#3523);
#3164=AXIS2_PLACEMENT_3D('',#5421,#3525,#3526);
#3165=AXIS2_PLACEMENT_3D('',#5451,#3528,#3529);
#3166=AXIS2_PLACEMENT_3D('',#5481,#3531,#3532);
#3167=AXIS2_PLACEMENT_3D('',#5511,#3534,#3535);
#3168=AXIS2_PLACEMENT_3D('',#5541,#3537,#3538);
#3169=AXIS2_PLACEMENT_3D('',#5571,#3540,#3541);
#3170=AXIS2_PLACEMENT_3D('',#5601,#3543,#3544);
#3171=AXIS2_PLACEMENT_3D('',#5631,#3546,#3547);
#3172=AXIS2_PLACEMENT_3D('',#5661,#3549,#3550);
#3173=AXIS2_PLACEMENT_3D('',#5691,#3552,#3553);
#3174=AXIS2_PLACEMENT_3D('',#5721,#3555,#3556);
#3175=AXIS2_PLACEMENT_3D('',#5751,#3558,#3559);
#3176=AXIS2_PLACEMENT_3D('',#5781,#3561,#3562);
#3177=AXIS2_PLACEMENT_3D('',#5811,#3564,#3565);
#3178=AXIS2_PLACEMENT_3D('',#5841,#3567,#3568);
#3179=AXIS2_PLACEMENT_3D('',#5871,#3570,#3571);
#3180=AXIS2_PLACEMENT_3D('',#5901,#3573,#3574);
#3181=AXIS2_PLACEMENT_3D('',#5931,#3576,#3577);
#3182=AXIS2_PLACEMENT_3D('',#5961,#3579,#3580);
#3183=AXIS2_PLACEMENT_3D('',#5991,#3582,#3583);
#3184=AXIS2_PLACEMENT_3D('',#6021,#3585,#3586);
#3185=AXIS2_PLACEMENT_3D('',#6051,#3588,#3589);
#3186=AXIS2_PLACEMENT_3D('',#6081,#3591,#3592);
#3187=AXIS2_PLACEMENT_3D('',#6111,#3594,#3595);
#3188=AXIS2_PLACEMENT_3D('',#6141,#3597,#3598);
#3189=AXIS2_PLACEMENT_3D('',#6171,#3600,#3601);
#3190=AXIS2_PLACEMENT_3D('',#6201,#3603,#3604);
#3191=AXIS2_PLACEMENT_3D('',#6231,#3606,#3607);
#3192=AXIS2_PLACEMENT_3D('',#6261,#3609,#3610);
#3193=AXIS2_PLACEMENT_3D('',#6291,#3612,#3613);
#3194=AXIS2_PLACEMENT_3D('',#6293,#3614,#3615);
#3195=AXIS2_PLACEMENT_3D('',#6296,#3616,#3617);
#3196=AXIS2_PLACEMENT_3D('',#6298,#3618,#3619);
#3197=AXIS2_PLACEMENT_3D('',#6300,#3620,#3621);
#3198=AXIS2_PLACEMENT_3D('',#6302,#3622,#3623);
#3199=AXIS2_PLACEMENT_3D('',#6304,#3624,#3625);
#3200=AXIS2_PLACEMENT_3D('',#6305,#3626,#3627);
#3201=AXIS2_PLACEMENT_3D('',#6306,#3628,#3629);
#3202=AXIS2_PLACEMENT_3D('',#6308,#3630,#3631);
#3203=AXIS2_PLACEMENT_3D('',#6312,#3633,#3634);
#3204=AXIS2_PLACEMENT_3D('',#6329,#3635,#3636);
#3205=AXIS2_PLACEMENT_3D('',#6337,#3637,#3638);
#3206=AXIS2_PLACEMENT_3D('',#6338,#3639,#3640);
#3207=AXIS2_PLACEMENT_3D('',#6340,#3642,#3643);
#3208=AXIS2_PLACEMENT_3D('',#6365,#3644,#3645);
#3209=AXIS2_PLACEMENT_3D('',#6369,#3646,#3647);
#3210=AXIS2_PLACEMENT_3D('',#6373,#3648,#3649);
#3211=AXIS2_PLACEMENT_3D('',#6377,#3650,#3651);
#3212=AXIS2_PLACEMENT_3D('',#6381,#3652,#3653);
#3213=AXIS2_PLACEMENT_3D('',#6385,#3654,#3655);
#3214=AXIS2_PLACEMENT_3D('',#6389,#3656,#3657);
#3215=AXIS2_PLACEMENT_3D('',#6402,#3664,#3665);
#3216=AXIS2_PLACEMENT_3D('',#6405,#3668,#3669);
#3217=AXIS2_PLACEMENT_3D('',#6407,#3671,#3672);
#3218=AXIS2_PLACEMENT_3D('',#6409,#3674,#3675);
#3219=AXIS2_PLACEMENT_3D('',#6411,#3677,#3678);
#3220=AXIS2_PLACEMENT_3D('',#6413,#3680,#3681);
#3221=AXIS2_PLACEMENT_3D('',#6414,#3682,#3683);
#3222=AXIS2_PLACEMENT_3D('',#6437,#3684,#3685);
#3223=AXIS2_PLACEMENT_3D('',#6465,#3687,#3688);
#3224=AXIS2_PLACEMENT_3D('',#6483,#3689,#3690);
#3225=AXIS2_PLACEMENT_3D('',#6498,#3691,#3692);
#3226=AXIS2_PLACEMENT_3D('',#7461,#3693,#3694);
#3227=AXIS2_PLACEMENT_3D('',#8427,#3695,#3696);
#3228=AXIS2_PLACEMENT_3D('',#8429,#3697,#3698);
#3229=AXIS2_PLACEMENT_3D('',#8432,#3700,#3701);
#3230=AXIS2_PLACEMENT_3D('',#8433,#3702,#3703);
#3231=AXIS2_PLACEMENT_3D('',#8435,#3704,#3705);
#3232=AXIS2_PLACEMENT_3D('',#8438,#3707,#3708);
#3233=AXIS2_PLACEMENT_3D('',#8439,#3709,#3710);
#3234=AXIS2_PLACEMENT_3D('',#8441,#3711,#3712);
#3235=AXIS2_PLACEMENT_3D('',#8444,#3714,#3715);
#3236=AXIS2_PLACEMENT_3D('',#8445,#3716,#3717);
#3237=AXIS2_PLACEMENT_3D('',#8447,#3718,#3719);
#3238=AXIS2_PLACEMENT_3D('',#8450,#3721,#3722);
#3239=AXIS2_PLACEMENT_3D('',#8451,#3723,#3724);
#3240=AXIS2_PLACEMENT_3D('',#8456,#3726,#3727);
#3241=AXIS2_PLACEMENT_3D('',#8460,#3729,#3730);
#3242=AXIS2_PLACEMENT_3D('',#8464,#3732,#3733);
#3243=AXIS2_PLACEMENT_3D('',#8468,#3735,#3736);
#3244=AXIS2_PLACEMENT_3D('',#8472,#3738,#3739);
#3245=AXIS2_PLACEMENT_3D('',#8476,#3741,#3742);
#3246=AXIS2_PLACEMENT_3D('',#8480,#3744,#3745);
#3247=AXIS2_PLACEMENT_3D('',#8483,#3747,#3748);
#3248=AXIS2_PLACEMENT_3D('',#8485,#3749,#3750);
#3249=AXIS2_PLACEMENT_3D('',#8486,#3751,#3752);
#3250=AXIS2_PLACEMENT_3D('',#8491,#3754,#3755);
#3251=AXIS2_PLACEMENT_3D('',#8495,#3757,#3758);
#3252=AXIS2_PLACEMENT_3D('',#8499,#3760,#3761);
#3253=AXIS2_PLACEMENT_3D('',#8503,#3763,#3764);
#3254=AXIS2_PLACEMENT_3D('',#8507,#3766,#3767);
#3255=AXIS2_PLACEMENT_3D('',#8511,#3769,#3770);
#3256=AXIS2_PLACEMENT_3D('',#8515,#3772,#3773);
#3257=AXIS2_PLACEMENT_3D('',#8518,#3775,#3776);
#3258=AXIS2_PLACEMENT_3D('',#8520,#3777,#3778);
#3259=AXIS2_PLACEMENT_3D('',#8521,#3779,#3780);
#3260=AXIS2_PLACEMENT_3D('',#8524,#3783,#3784);
#3261=AXIS2_PLACEMENT_3D('',#8526,#3786,#3787);
#3262=AXIS2_PLACEMENT_3D('',#8529,#3790,#3791);
#3263=AXIS2_PLACEMENT_3D('',#8531,#3793,#3794);
#3264=AXIS2_PLACEMENT_3D('',#8533,#3796,#3797);
#3265=AXIS2_PLACEMENT_3D('',#8536,#3800,#3801);
#3266=AXIS2_PLACEMENT_3D('',#8538,#3803,#3804);
#3267=AXIS2_PLACEMENT_3D('',#8540,#3806,#3807);
#3268=AXIS2_PLACEMENT_3D('',#8543,#3810,#3811);
#3269=AXIS2_PLACEMENT_3D('',#8545,#3813,#3814);
#3270=AXIS2_PLACEMENT_3D('',#8547,#3816,#3817);
#3271=AXIS2_PLACEMENT_3D('',#8549,#3819,#3820);
#3272=AXIS2_PLACEMENT_3D('',#8550,#3821,#3822);
#3273=AXIS2_PLACEMENT_3D('',#8551,#3823,#3824);
#3274=AXIS2_PLACEMENT_3D('',#8552,#3825,#3826);
#3275=AXIS2_PLACEMENT_3D('',#8553,#3827,#3828);
#3276=AXIS2_PLACEMENT_3D('',#8555,#3830,#3831);
#3277=AXIS2_PLACEMENT_3D('',#8556,#3832,#3833);
#3278=AXIS2_PLACEMENT_3D('',#8557,#3834,#3835);
#3279=AXIS2_PLACEMENT_3D('',#8559,#3836,#3837);
#3280=AXIS2_PLACEMENT_3D('',#8562,#3839,#3840);
#3281=AXIS2_PLACEMENT_3D('',#8563,#3841,#3842);
#3282=AXIS2_PLACEMENT_3D('',#8565,#3843,#3844);
#3283=AXIS2_PLACEMENT_3D('',#8568,#3846,#3847);
#3284=AXIS2_PLACEMENT_3D('',#8569,#3848,#3849);
#3285=AXIS2_PLACEMENT_3D('',#8571,#3850,#3851);
#3286=AXIS2_PLACEMENT_3D('',#8574,#3853,#3854);
#3287=AXIS2_PLACEMENT_3D('',#8575,#3855,#3856);
#3288=AXIS2_PLACEMENT_3D('',#8577,#3857,#3858);
#3289=AXIS2_PLACEMENT_3D('',#8580,#3860,#3861);
#3290=AXIS2_PLACEMENT_3D('',#8581,#3862,#3863);
#3291=AXIS2_PLACEMENT_3D('',#8586,#3865,#3866);
#3292=AXIS2_PLACEMENT_3D('',#8590,#3868,#3869);
#3293=AXIS2_PLACEMENT_3D('',#8594,#3871,#3872);
#3294=AXIS2_PLACEMENT_3D('',#8598,#3874,#3875);
#3295=AXIS2_PLACEMENT_3D('',#8602,#3877,#3878);
#3296=AXIS2_PLACEMENT_3D('',#8606,#3880,#3881);
#3297=AXIS2_PLACEMENT_3D('',#8610,#3883,#3884);
#3298=AXIS2_PLACEMENT_3D('',#8613,#3886,#3887);
#3299=AXIS2_PLACEMENT_3D('',#8615,#3888,#3889);
#3300=AXIS2_PLACEMENT_3D('',#8616,#3890,#3891);
#3301=AXIS2_PLACEMENT_3D('',#8621,#3893,#3894);
#3302=AXIS2_PLACEMENT_3D('',#8625,#3896,#3897);
#3303=AXIS2_PLACEMENT_3D('',#8629,#3899,#3900);
#3304=AXIS2_PLACEMENT_3D('',#8633,#3902,#3903);
#3305=AXIS2_PLACEMENT_3D('',#8637,#3905,#3906);
#3306=AXIS2_PLACEMENT_3D('',#8641,#3908,#3909);
#3307=AXIS2_PLACEMENT_3D('',#8645,#3911,#3912);
#3308=AXIS2_PLACEMENT_3D('',#8648,#3914,#3915);
#3309=AXIS2_PLACEMENT_3D('',#8650,#3916,#3917);
#3310=AXIS2_PLACEMENT_3D('',#8651,#3918,#3919);
#3311=AXIS2_PLACEMENT_3D('',#8654,#3922,#3923);
#3312=AXIS2_PLACEMENT_3D('',#8656,#3925,#3926);
#3313=AXIS2_PLACEMENT_3D('',#8659,#3929,#3930);
#3314=AXIS2_PLACEMENT_3D('',#8661,#3932,#3933);
#3315=AXIS2_PLACEMENT_3D('',#8663,#3935,#3936);
#3316=AXIS2_PLACEMENT_3D('',#8666,#3939,#3940);
#3317=AXIS2_PLACEMENT_3D('',#8668,#3942,#3943);
#3318=AXIS2_PLACEMENT_3D('',#8670,#3945,#3946);
#3319=AXIS2_PLACEMENT_3D('',#8673,#3949,#3950);
#3320=AXIS2_PLACEMENT_3D('',#8675,#3952,#3953);
#3321=AXIS2_PLACEMENT_3D('',#8677,#3955,#3956);
#3322=AXIS2_PLACEMENT_3D('',#8679,#3958,#3959);
#3323=AXIS2_PLACEMENT_3D('',#8680,#3960,#3961);
#3324=AXIS2_PLACEMENT_3D('',#8681,#3962,#3963);
#3325=AXIS2_PLACEMENT_3D('',#8682,#3964,#3965);
#3326=AXIS2_PLACEMENT_3D('',#8683,#3966,#3967);
#3327=AXIS2_PLACEMENT_3D('',#8685,#3969,#3970);
#3328=AXIS2_PLACEMENT_3D('',#8686,#3971,#3972);
#3329=AXIS2_PLACEMENT_3D('',#8687,#3973,#3974);
#3330=AXIS2_PLACEMENT_3D('',#8689,#3975,#3976);
#3331=AXIS2_PLACEMENT_3D('',#8692,#3978,#3979);
#3332=AXIS2_PLACEMENT_3D('',#8693,#3980,#3981);
#3333=AXIS2_PLACEMENT_3D('',#8695,#3982,#3983);
#3334=AXIS2_PLACEMENT_3D('',#8698,#3985,#3986);
#3335=AXIS2_PLACEMENT_3D('',#8699,#3987,#3988);
#3336=AXIS2_PLACEMENT_3D('',#8701,#3989,#3990);
#3337=AXIS2_PLACEMENT_3D('',#8704,#3992,#3993);
#3338=AXIS2_PLACEMENT_3D('',#8705,#3994,#3995);
#3339=AXIS2_PLACEMENT_3D('',#8707,#3996,#3997);
#3340=AXIS2_PLACEMENT_3D('',#8710,#3999,#4000);
#3341=AXIS2_PLACEMENT_3D('',#8711,#4001,#4002);
#3342=AXIS2_PLACEMENT_3D('',#8716,#4004,#4005);
#3343=AXIS2_PLACEMENT_3D('',#8720,#4007,#4008);
#3344=AXIS2_PLACEMENT_3D('',#8724,#4010,#4011);
#3345=AXIS2_PLACEMENT_3D('',#8728,#4013,#4014);
#3346=AXIS2_PLACEMENT_3D('',#8732,#4016,#4017);
#3347=AXIS2_PLACEMENT_3D('',#8736,#4019,#4020);
#3348=AXIS2_PLACEMENT_3D('',#8740,#4022,#4023);
#3349=AXIS2_PLACEMENT_3D('',#8743,#4025,#4026);
#3350=AXIS2_PLACEMENT_3D('',#8745,#4027,#4028);
#3351=AXIS2_PLACEMENT_3D('',#8746,#4029,#4030);
#3352=AXIS2_PLACEMENT_3D('',#8751,#4032,#4033);
#3353=AXIS2_PLACEMENT_3D('',#8755,#4035,#4036);
#3354=AXIS2_PLACEMENT_3D('',#8759,#4038,#4039);
#3355=AXIS2_PLACEMENT_3D('',#8763,#4041,#4042);
#3356=AXIS2_PLACEMENT_3D('',#8767,#4044,#4045);
#3357=AXIS2_PLACEMENT_3D('',#8771,#4047,#4048);
#3358=AXIS2_PLACEMENT_3D('',#8775,#4050,#4051);
#3359=AXIS2_PLACEMENT_3D('',#8778,#4053,#4054);
#3360=AXIS2_PLACEMENT_3D('',#8780,#4055,#4056);
#3361=AXIS2_PLACEMENT_3D('',#8781,#4057,#4058);
#3362=AXIS2_PLACEMENT_3D('',#8784,#4061,#4062);
#3363=AXIS2_PLACEMENT_3D('',#8786,#4064,#4065);
#3364=AXIS2_PLACEMENT_3D('',#8789,#4068,#4069);
#3365=AXIS2_PLACEMENT_3D('',#8791,#4071,#4072);
#3366=AXIS2_PLACEMENT_3D('',#8793,#4074,#4075);
#3367=AXIS2_PLACEMENT_3D('',#8796,#4078,#4079);
#3368=AXIS2_PLACEMENT_3D('',#8798,#4081,#4082);
#3369=AXIS2_PLACEMENT_3D('',#8800,#4084,#4085);
#3370=AXIS2_PLACEMENT_3D('',#8803,#4088,#4089);
#3371=AXIS2_PLACEMENT_3D('',#8805,#4091,#4092);
#3372=AXIS2_PLACEMENT_3D('',#8807,#4094,#4095);
#3373=AXIS2_PLACEMENT_3D('',#8809,#4097,#4098);
#3374=AXIS2_PLACEMENT_3D('',#8810,#4099,#4100);
#3375=AXIS2_PLACEMENT_3D('',#8811,#4101,#4102);
#3376=AXIS2_PLACEMENT_3D('',#8812,#4103,#4104);
#3377=AXIS2_PLACEMENT_3D('',#8813,#4105,#4106);
#3378=AXIS2_PLACEMENT_3D('',#8815,#4108,#4109);
#3379=AXIS2_PLACEMENT_3D('',#8816,#4110,#4111);
#3380=AXIS2_PLACEMENT_3D('',#8817,#4112,#4113);
#3381=DIRECTION('axis',(0.,0.,1.));
#3382=DIRECTION('refdir',(1.,0.,0.));
#3383=DIRECTION('axis',(0.,0.,1.));
#3384=DIRECTION('refdir',(1.,0.,0.));
#3385=DIRECTION('axis',(0.,0.,1.));
#3386=DIRECTION('refdir',(1.,0.,0.));
#3387=DIRECTION('center_axis',(0.,0.,-1.));
#3388=DIRECTION('ref_axis',(0.,1.,0.));
#3389=DIRECTION('',(0.,0.,1.));
#3390=DIRECTION('center_axis',(0.,-6.03961555707142E-17,-1.));
#3391=DIRECTION('ref_axis',(0.,1.,0.));
#3392=DIRECTION('center_axis',(0.,0.,-1.));
#3393=DIRECTION('ref_axis',(0.,1.,0.));
#3394=DIRECTION('',(0.,0.,1.));
#3395=DIRECTION('center_axis',(0.,0.,-1.));
#3396=DIRECTION('ref_axis',(0.,1.,0.));
#3397=DIRECTION('',(0.,0.,1.));
#3398=DIRECTION('center_axis',(0.,0.,-1.));
#3399=DIRECTION('ref_axis',(0.,1.,0.));
#3400=DIRECTION('',(0.,0.,1.));
#3401=DIRECTION('center_axis',(0.,0.,-1.));
#3402=DIRECTION('ref_axis',(0.,1.,0.));
#3403=DIRECTION('',(0.,0.,1.));
#3404=DIRECTION('center_axis',(0.,0.,-1.));
#3405=DIRECTION('ref_axis',(0.,1.,0.));
#3406=DIRECTION('',(0.,0.,1.));
#3407=DIRECTION('center_axis',(0.,0.,-1.));
#3408=DIRECTION('ref_axis',(0.,1.,0.));
#3409=DIRECTION('',(0.,0.,1.));
#3410=DIRECTION('center_axis',(0.,0.,-1.));
#3411=DIRECTION('ref_axis',(0.,1.,0.));
#3412=DIRECTION('',(0.,0.,1.));
#3413=DIRECTION('center_axis',(0.,0.,-1.));
#3414=DIRECTION('ref_axis',(0.,1.,0.));
#3415=DIRECTION('',(0.,0.,1.));
#3416=DIRECTION('center_axis',(0.,0.,-1.));
#3417=DIRECTION('ref_axis',(0.,1.,0.));
#3418=DIRECTION('',(0.,0.,1.));
#3419=DIRECTION('center_axis',(0.,0.,-1.));
#3420=DIRECTION('ref_axis',(0.,1.,0.));
#3421=DIRECTION('',(0.,0.,1.));
#3422=DIRECTION('center_axis',(0.,0.,-1.));
#3423=DIRECTION('ref_axis',(0.,1.,0.));
#3424=DIRECTION('',(0.,0.,1.));
#3425=DIRECTION('center_axis',(0.,0.,-1.));
#3426=DIRECTION('ref_axis',(0.,1.,0.));
#3427=DIRECTION('',(0.,0.,1.));
#3428=DIRECTION('center_axis',(0.,0.,-1.));
#3429=DIRECTION('ref_axis',(0.,1.,0.));
#3430=DIRECTION('',(0.,0.,1.));
#3431=DIRECTION('center_axis',(0.,0.,-1.));
#3432=DIRECTION('ref_axis',(0.,1.,0.));
#3433=DIRECTION('',(0.,0.,1.));
#3434=DIRECTION('center_axis',(0.,0.,-1.));
#3435=DIRECTION('ref_axis',(0.,1.,0.));
#3436=DIRECTION('',(0.,0.,1.));
#3437=DIRECTION('center_axis',(0.,0.,-1.));
#3438=DIRECTION('ref_axis',(0.,1.,0.));
#3439=DIRECTION('',(0.,0.,1.));
#3440=DIRECTION('center_axis',(0.,0.,-1.));
#3441=DIRECTION('ref_axis',(0.,1.,0.));
#3442=DIRECTION('',(0.,0.,1.));
#3443=DIRECTION('center_axis',(0.,0.,-1.));
#3444=DIRECTION('ref_axis',(0.,1.,0.));
#3445=DIRECTION('',(0.,0.,1.));
#3446=DIRECTION('center_axis',(0.,0.,-1.));
#3447=DIRECTION('ref_axis',(0.,1.,0.));
#3448=DIRECTION('',(0.,0.,1.));
#3449=DIRECTION('center_axis',(0.,0.,-1.));
#3450=DIRECTION('ref_axis',(0.,1.,0.));
#3451=DIRECTION('',(0.,0.,1.));
#3452=DIRECTION('center_axis',(0.,0.,-1.));
#3453=DIRECTION('ref_axis',(0.,1.,0.));
#3454=DIRECTION('',(0.,0.,1.));
#3455=DIRECTION('center_axis',(0.,0.,-1.));
#3456=DIRECTION('ref_axis',(0.,1.,0.));
#3457=DIRECTION('',(0.,0.,1.));
#3458=DIRECTION('center_axis',(0.,0.,-1.));
#3459=DIRECTION('ref_axis',(0.,1.,0.));
#3460=DIRECTION('',(0.,0.,1.));
#3461=DIRECTION('center_axis',(0.,0.,-1.));
#3462=DIRECTION('ref_axis',(0.,1.,0.));
#3463=DIRECTION('',(0.,0.,1.));
#3464=DIRECTION('center_axis',(0.,0.,-1.));
#3465=DIRECTION('ref_axis',(0.,1.,0.));
#3466=DIRECTION('',(0.,0.,1.));
#3467=DIRECTION('center_axis',(0.,0.,-1.));
#3468=DIRECTION('ref_axis',(0.,1.,0.));
#3469=DIRECTION('',(0.,0.,1.));
#3470=DIRECTION('center_axis',(0.,0.,-1.));
#3471=DIRECTION('ref_axis',(0.,1.,0.));
#3472=DIRECTION('',(0.,0.,1.));
#3473=DIRECTION('center_axis',(0.,0.,-1.));
#3474=DIRECTION('ref_axis',(0.,1.,0.));
#3475=DIRECTION('',(0.,0.,1.));
#3476=DIRECTION('center_axis',(0.,0.,-1.));
#3477=DIRECTION('ref_axis',(0.,1.,0.));
#3478=DIRECTION('',(0.,0.,1.));
#3479=DIRECTION('center_axis',(0.,0.,-1.));
#3480=DIRECTION('ref_axis',(0.,1.,0.));
#3481=DIRECTION('',(0.,0.,1.));
#3482=DIRECTION('center_axis',(0.,0.,-1.));
#3483=DIRECTION('ref_axis',(0.,1.,0.));
#3484=DIRECTION('',(0.,0.,1.));
#3485=DIRECTION('center_axis',(0.,0.,-1.));
#3486=DIRECTION('ref_axis',(0.,1.,0.));
#3487=DIRECTION('',(0.,0.,1.));
#3488=DIRECTION('center_axis',(0.,0.,-1.));
#3489=DIRECTION('ref_axis',(0.,1.,0.));
#3490=DIRECTION('',(0.,0.,1.));
#3491=DIRECTION('center_axis',(0.,0.,-1.));
#3492=DIRECTION('ref_axis',(0.,1.,0.));
#3493=DIRECTION('',(0.,0.,1.));
#3494=DIRECTION('center_axis',(0.,0.,-1.));
#3495=DIRECTION('ref_axis',(0.,1.,0.));
#3496=DIRECTION('',(0.,0.,1.));
#3497=DIRECTION('center_axis',(0.,0.,-1.));
#3498=DIRECTION('ref_axis',(0.,1.,0.));
#3499=DIRECTION('',(0.,0.,1.));
#3500=DIRECTION('center_axis',(0.,0.,-1.));
#3501=DIRECTION('ref_axis',(-0.16222525600359,-0.986753751609068,0.));
#3502=DIRECTION('center_axis',(0.,5.45845106168066E-18,1.));
#3503=DIRECTION('ref_axis',(0.,-1.,5.45845106168066E-18));
#3504=DIRECTION('',(0.,-5.45845106168066E-18,-1.));
#3505=DIRECTION('center_axis',(0.,5.45845106168068E-18,1.));
#3506=DIRECTION('ref_axis',(0.,-1.,5.45845106168068E-18));
#3507=DIRECTION('center_axis',(0.,5.45845106168066E-18,1.));
#3508=DIRECTION('ref_axis',(0.,-1.,5.45845106168066E-18));
#3509=DIRECTION('',(0.,-5.45845106168066E-18,-1.));
#3510=DIRECTION('center_axis',(0.,5.45845106168066E-18,1.));
#3511=DIRECTION('ref_axis',(0.,-1.,5.45845106168066E-18));
#3512=DIRECTION('',(0.,-5.45845106168066E-18,-1.));
#3513=DIRECTION('center_axis',(0.,5.45845106168066E-18,1.));
#3514=DIRECTION('ref_axis',(0.,-1.,5.45845106168066E-18));
#3515=DIRECTION('',(0.,-5.45845106168066E-18,-1.));
#3516=DIRECTION('center_axis',(0.,5.45845106168066E-18,1.));
#3517=DIRECTION('ref_axis',(0.,-1.,5.45845106168066E-18));
#3518=DIRECTION('',(0.,-5.45845106168066E-18,-1.));
#3519=DIRECTION('center_axis',(0.,5.45845106168066E-18,1.));
#3520=DIRECTION('ref_axis',(0.,-1.,5.45845106168066E-18));
#3521=DIRECTION('',(0.,-5.45845106168066E-18,-1.));
#3522=DIRECTION('center_axis',(0.,5.45845106168066E-18,1.));
#3523=DIRECTION('ref_axis',(0.,-1.,5.45845106168066E-18));
#3524=DIRECTION('',(0.,-5.45845106168066E-18,-1.));
#3525=DIRECTION('center_axis',(0.,5.45845106168066E-18,1.));
#3526=DIRECTION('ref_axis',(0.,-1.,5.45845106168066E-18));
#3527=DIRECTION('',(0.,-5.45845106168066E-18,-1.));
#3528=DIRECTION('center_axis',(0.,5.45845106168066E-18,1.));
#3529=DIRECTION('ref_axis',(0.,-1.,5.45845106168066E-18));
#3530=DIRECTION('',(0.,-5.45845106168066E-18,-1.));
#3531=DIRECTION('center_axis',(0.,5.45845106168066E-18,1.));
#3532=DIRECTION('ref_axis',(0.,-1.,5.45845106168066E-18));
#3533=DIRECTION('',(0.,-5.45845106168066E-18,-1.));
#3534=DIRECTION('center_axis',(0.,5.45845106168066E-18,1.));
#3535=DIRECTION('ref_axis',(0.,-1.,5.45845106168066E-18));
#3536=DIRECTION('',(0.,-5.45845106168066E-18,-1.));
#3537=DIRECTION('center_axis',(0.,5.45845106168066E-18,1.));
#3538=DIRECTION('ref_axis',(0.,-1.,5.45845106168066E-18));
#3539=DIRECTION('',(0.,-5.45845106168066E-18,-1.));
#3540=DIRECTION('center_axis',(0.,5.45845106168066E-18,1.));
#3541=DIRECTION('ref_axis',(0.,-1.,5.45845106168066E-18));
#3542=DIRECTION('',(0.,-5.45845106168066E-18,-1.));
#3543=DIRECTION('center_axis',(0.,5.45845106168066E-18,1.));
#3544=DIRECTION('ref_axis',(0.,-1.,5.45845106168066E-18));
#3545=DIRECTION('',(0.,-5.45845106168066E-18,-1.));
#3546=DIRECTION('center_axis',(0.,5.45845106168066E-18,1.));
#3547=DIRECTION('ref_axis',(0.,-1.,5.45845106168066E-18));
#3548=DIRECTION('',(0.,-5.45845106168066E-18,-1.));
#3549=DIRECTION('center_axis',(0.,5.45845106168066E-18,1.));
#3550=DIRECTION('ref_axis',(0.,-1.,5.45845106168066E-18));
#3551=DIRECTION('',(0.,-5.45845106168066E-18,-1.));
#3552=DIRECTION('center_axis',(0.,5.45845106168066E-18,1.));
#3553=DIRECTION('ref_axis',(0.,-1.,5.45845106168066E-18));
#3554=DIRECTION('',(0.,-5.45845106168066E-18,-1.));
#3555=DIRECTION('center_axis',(0.,5.45845106168066E-18,1.));
#3556=DIRECTION('ref_axis',(0.,-1.,5.45845106168066E-18));
#3557=DIRECTION('',(0.,-5.45845106168066E-18,-1.));
#3558=DIRECTION('center_axis',(0.,5.45845106168066E-18,1.));
#3559=DIRECTION('ref_axis',(0.,-1.,5.45845106168066E-18));
#3560=DIRECTION('',(0.,-5.45845106168066E-18,-1.));
#3561=DIRECTION('center_axis',(0.,5.45845106168066E-18,1.));
#3562=DIRECTION('ref_axis',(0.,-1.,5.45845106168066E-18));
#3563=DIRECTION('',(0.,-5.45845106168066E-18,-1.));
#3564=DIRECTION('center_axis',(0.,5.45845106168066E-18,1.));
#3565=DIRECTION('ref_axis',(0.,-1.,5.45845106168066E-18));
#3566=DIRECTION('',(0.,-5.45845106168066E-18,-1.));
#3567=DIRECTION('center_axis',(0.,5.45845106168066E-18,1.));
#3568=DIRECTION('ref_axis',(0.,-1.,5.45845106168066E-18));
#3569=DIRECTION('',(0.,-5.45845106168066E-18,-1.));
#3570=DIRECTION('center_axis',(0.,5.45845106168066E-18,1.));
#3571=DIRECTION('ref_axis',(0.,-1.,5.45845106168066E-18));
#3572=DIRECTION('',(0.,-5.45845106168066E-18,-1.));
#3573=DIRECTION('center_axis',(0.,5.45845106168066E-18,1.));
#3574=DIRECTION('ref_axis',(0.,-1.,5.45845106168066E-18));
#3575=DIRECTION('',(0.,-5.45845106168066E-18,-1.));
#3576=DIRECTION('center_axis',(0.,5.45845106168066E-18,1.));
#3577=DIRECTION('ref_axis',(0.,-1.,5.45845106168066E-18));
#3578=DIRECTION('',(0.,-5.45845106168066E-18,-1.));
#3579=DIRECTION('center_axis',(0.,5.45845106168066E-18,1.));
#3580=DIRECTION('ref_axis',(0.,-1.,5.45845106168066E-18));
#3581=DIRECTION('',(0.,-5.45845106168066E-18,-1.));
#3582=DIRECTION('center_axis',(0.,5.45845106168066E-18,1.));
#3583=DIRECTION('ref_axis',(0.,-1.,5.45845106168066E-18));
#3584=DIRECTION('',(0.,-5.45845106168066E-18,-1.));
#3585=DIRECTION('center_axis',(0.,5.45845106168066E-18,1.));
#3586=DIRECTION('ref_axis',(0.,-1.,5.45845106168066E-18));
#3587=DIRECTION('',(0.,-5.45845106168066E-18,-1.));
#3588=DIRECTION('center_axis',(0.,5.45845106168066E-18,1.));
#3589=DIRECTION('ref_axis',(0.,-1.,5.45845106168066E-18));
#3590=DIRECTION('',(0.,-5.45845106168066E-18,-1.));
#3591=DIRECTION('center_axis',(0.,5.45845106168066E-18,1.));
#3592=DIRECTION('ref_axis',(0.,-1.,5.45845106168066E-18));
#3593=DIRECTION('',(0.,-5.45845106168066E-18,-1.));
#3594=DIRECTION('center_axis',(0.,5.45845106168066E-18,1.));
#3595=DIRECTION('ref_axis',(0.,-1.,5.45845106168066E-18));
#3596=DIRECTION('',(0.,-5.45845106168066E-18,-1.));
#3597=DIRECTION('center_axis',(0.,5.45845106168066E-18,1.));
#3598=DIRECTION('ref_axis',(0.,-1.,5.45845106168066E-18));
#3599=DIRECTION('',(0.,-5.45845106168066E-18,-1.));
#3600=DIRECTION('center_axis',(0.,5.45845106168066E-18,1.));
#3601=DIRECTION('ref_axis',(0.,-1.,5.45845106168066E-18));
#3602=DIRECTION('',(0.,-5.45845106168066E-18,-1.));
#3603=DIRECTION('center_axis',(0.,5.45845106168066E-18,1.));
#3604=DIRECTION('ref_axis',(0.,-1.,5.45845106168066E-18));
#3605=DIRECTION('',(0.,-5.45845106168066E-18,-1.));
#3606=DIRECTION('center_axis',(0.,5.45845106168066E-18,1.));
#3607=DIRECTION('ref_axis',(0.,-1.,5.45845106168066E-18));
#3608=DIRECTION('',(0.,-5.45845106168066E-18,-1.));
#3609=DIRECTION('center_axis',(0.,5.45845106168066E-18,1.));
#3610=DIRECTION('ref_axis',(0.,-1.,5.45845106168066E-18));
#3611=DIRECTION('',(0.,-5.45845106168066E-18,-1.));
#3612=DIRECTION('center_axis',(0.,-6.03961555707142E-17,-1.));
#3613=DIRECTION('ref_axis',(-1.,0.,0.));
#3614=DIRECTION('center_axis',(0.,6.03961555707142E-17,1.));
#3615=DIRECTION('ref_axis',(0.,-1.,6.03961555707142E-17));
#3616=DIRECTION('center_axis',(0.,0.,-1.));
#3617=DIRECTION('ref_axis',(-1.,0.,0.));
#3618=DIRECTION('center_axis',(0.,0.,-1.));
#3619=DIRECTION('ref_axis',(-1.,0.,0.));
#3620=DIRECTION('center_axis',(0.,0.,-1.));
#3621=DIRECTION('ref_axis',(-1.,0.,0.));
#3622=DIRECTION('center_axis',(0.,0.,-1.));
#3623=DIRECTION('ref_axis',(-1.,0.,0.));
#3624=DIRECTION('center_axis',(0.,0.,-1.));
#3625=DIRECTION('ref_axis',(-1.,0.,0.));
#3626=DIRECTION('center_axis',(0.,0.,-1.));
#3627=DIRECTION('ref_axis',(-1.,0.,0.));
#3628=DIRECTION('center_axis',(0.,6.03961555707142E-17,1.));
#3629=DIRECTION('ref_axis',(0.,-1.,6.03961555707142E-17));
#3630=DIRECTION('center_axis',(0.,6.03961555707142E-17,1.));
#3631=DIRECTION('ref_axis',(0.,-1.,6.03961555707142E-17));
#3632=DIRECTION('',(8.65956056235493E-17,-0.707106781186547,-0.707106781186548));
#3633=DIRECTION('center_axis',(0.,6.03961555707142E-17,1.));
#3634=DIRECTION('ref_axis',(0.,-1.,6.03961555707142E-17));
#3635=DIRECTION('center_axis',(0.,6.03961555707142E-17,1.));
#3636=DIRECTION('ref_axis',(0.,-1.,6.03961555707142E-17));
#3637=DIRECTION('center_axis',(0.,6.03961555707142E-17,1.));
#3638=DIRECTION('ref_axis',(0.,-1.,6.03961555707142E-17));
#3639=DIRECTION('center_axis',(0.,6.03961555707142E-17,1.));
#3640=DIRECTION('ref_axis',(0.,-1.,6.03961555707142E-17));
#3641=DIRECTION('',(0.,-6.03961555707142E-17,-1.));
#3642=DIRECTION('center_axis',(0.,-6.03961555707142E-17,-1.));
#3643=DIRECTION('ref_axis',(-1.,0.,0.));
#3644=DIRECTION('center_axis',(0.,0.,1.));
#3645=DIRECTION('ref_axis',(1.,1.22464679914735E-16,0.));
#3646=DIRECTION('center_axis',(0.,0.,1.));
#3647=DIRECTION('ref_axis',(-1.,0.,0.));
#3648=DIRECTION('center_axis',(0.,0.,1.));
#3649=DIRECTION('ref_axis',(-1.,0.,0.));
#3650=DIRECTION('center_axis',(0.,0.,1.));
#3651=DIRECTION('ref_axis',(-1.,0.,0.));
#3652=DIRECTION('center_axis',(0.,0.,1.));
#3653=DIRECTION('ref_axis',(-1.,0.,0.));
#3654=DIRECTION('center_axis',(0.,0.,1.));
#3655=DIRECTION('ref_axis',(-1.,0.,0.));
#3656=DIRECTION('center_axis',(0.,0.,1.));
#3657=DIRECTION('ref_axis',(1.,0.,0.));
#3658=DIRECTION('',(0.866025403784438,0.5,0.));
#3659=DIRECTION('',(0.,1.,0.));
#3660=DIRECTION('',(-0.866025403784439,0.5,0.));
#3661=DIRECTION('',(-0.866025403784438,-0.5,0.));
#3662=DIRECTION('',(0.,-1.,0.));
#3663=DIRECTION('',(0.866025403784439,-0.5,0.));
#3664=DIRECTION('center_axis',(1.,0.,0.));
#3665=DIRECTION('ref_axis',(0.,0.,-1.));
#3666=DIRECTION('',(0.,0.,1.));
#3667=DIRECTION('',(0.,0.,1.));
#3668=DIRECTION('center_axis',(0.5,0.866025403784439,0.));
#3669=DIRECTION('ref_axis',(0.,0.,1.));
#3670=DIRECTION('',(0.,0.,1.));
#3671=DIRECTION('center_axis',(-0.5,0.866025403784439,0.));
#3672=DIRECTION('ref_axis',(0.,0.,1.));
#3673=DIRECTION('',(0.,0.,1.));
#3674=DIRECTION('center_axis',(-1.,0.,0.));
#3675=DIRECTION('ref_axis',(0.,0.,1.));
#3676=DIRECTION('',(0.,0.,1.));
#3677=DIRECTION('center_axis',(-0.5,-0.866025403784439,0.));
#3678=DIRECTION('ref_axis',(0.,0.,-1.));
#3679=DIRECTION('',(0.,0.,1.));
#3680=DIRECTION('center_axis',(0.5,-0.866025403784438,0.));
#3681=DIRECTION('ref_axis',(0.,0.,-1.));
#3682=DIRECTION('center_axis',(0.,5.45845106168066E-18,1.));
#3683=DIRECTION('ref_axis',(0.,-1.,5.45845106168066E-18));
#3684=DIRECTION('center_axis',(0.,5.45845106168068E-18,1.));
#3685=DIRECTION('ref_axis',(0.,-1.,5.45845106168068E-18));
#3686=DIRECTION('',(8.65956056235497E-17,-0.70710678118655,-0.707106781186545));
#3687=DIRECTION('center_axis',(0.,5.45845106168066E-18,1.));
#3688=DIRECTION('ref_axis',(0.,-1.,5.45845106168066E-18));
#3689=DIRECTION('center_axis',(0.,0.,-1.));
#3690=DIRECTION('ref_axis',(-0.16222525600359,-0.986753751609068,0.));
#3691=DIRECTION('center_axis',(0.,5.45845106168066E-18,1.));
#3692=DIRECTION('ref_axis',(1.,0.,0.));
#3693=DIRECTION('center_axis',(0.,0.,-1.));
#3694=DIRECTION('ref_axis',(0.,1.,0.));
#3695=DIRECTION('center_axis',(0.,0.,-1.));
#3696=DIRECTION('ref_axis',(-1.,0.,0.));
#3697=DIRECTION('center_axis',(0.,0.,-1.));
#3698=DIRECTION('ref_axis',(-1.,0.,0.));
#3699=DIRECTION('',(0.,0.,-1.));
#3700=DIRECTION('center_axis',(0.,0.,1.));
#3701=DIRECTION('ref_axis',(-1.,0.,0.));
#3702=DIRECTION('center_axis',(0.,0.,-1.));
#3703=DIRECTION('ref_axis',(-1.,0.,0.));
#3704=DIRECTION('center_axis',(0.,0.,-1.));
#3705=DIRECTION('ref_axis',(-1.,0.,0.));
#3706=DIRECTION('',(0.,0.,-1.));
#3707=DIRECTION('center_axis',(0.,0.,1.));
#3708=DIRECTION('ref_axis',(-1.,0.,0.));
#3709=DIRECTION('center_axis',(0.,0.,-1.));
#3710=DIRECTION('ref_axis',(-1.,0.,0.));
#3711=DIRECTION('center_axis',(0.,0.,-1.));
#3712=DIRECTION('ref_axis',(-1.,0.,0.));
#3713=DIRECTION('',(0.,0.,-1.));
#3714=DIRECTION('center_axis',(0.,0.,1.));
#3715=DIRECTION('ref_axis',(-1.,0.,0.));
#3716=DIRECTION('center_axis',(0.,0.,-1.));
#3717=DIRECTION('ref_axis',(-1.,0.,0.));
#3718=DIRECTION('center_axis',(0.,0.,-1.));
#3719=DIRECTION('ref_axis',(-1.,0.,0.));
#3720=DIRECTION('',(0.,0.,-1.));
#3721=DIRECTION('center_axis',(0.,0.,1.));
#3722=DIRECTION('ref_axis',(-1.,0.,0.));
#3723=DIRECTION('center_axis',(0.,0.,1.));
#3724=DIRECTION('ref_axis',(1.,0.,0.));
#3725=DIRECTION('',(-0.707106781186547,0.707106781186548,0.));
#3726=DIRECTION('center_axis',(0.,0.,1.));
#3727=DIRECTION('ref_axis',(1.,0.,0.));
#3728=DIRECTION('',(0.707106781186547,0.707106781186548,0.));
#3729=DIRECTION('center_axis',(0.,0.,1.));
#3730=DIRECTION('ref_axis',(1.,0.,0.));
#3731=DIRECTION('',(-0.707106781186547,-0.707106781186548,0.));
#3732=DIRECTION('center_axis',(0.,0.,1.));
#3733=DIRECTION('ref_axis',(1.,0.,0.));
#3734=DIRECTION('',(-0.707106781186548,0.707106781186547,0.));
#3735=DIRECTION('center_axis',(0.,0.,1.));
#3736=DIRECTION('ref_axis',(1.,0.,0.));
#3737=DIRECTION('',(0.707106781186548,-0.707106781186547,0.));
#3738=DIRECTION('center_axis',(0.,0.,1.));
#3739=DIRECTION('ref_axis',(1.,0.,0.));
#3740=DIRECTION('',(-0.707106781186547,-0.707106781186548,0.));
#3741=DIRECTION('center_axis',(0.,0.,1.));
#3742=DIRECTION('ref_axis',(1.,0.,0.));
#3743=DIRECTION('',(0.707106781186548,0.707106781186547,0.));
#3744=DIRECTION('center_axis',(0.,0.,1.));
#3745=DIRECTION('ref_axis',(1.,0.,0.));
#3746=DIRECTION('',(0.707106781186548,-0.707106781186547,0.));
#3747=DIRECTION('center_axis',(0.,0.,1.));
#3748=DIRECTION('ref_axis',(1.,0.,0.));
#3749=DIRECTION('center_axis',(0.,0.,-1.));
#3750=DIRECTION('ref_axis',(1.,0.,0.));
#3751=DIRECTION('center_axis',(0.,0.,1.));
#3752=DIRECTION('ref_axis',(1.,0.,0.));
#3753=DIRECTION('',(0.707106781186548,-0.707106781186547,0.));
#3754=DIRECTION('center_axis',(0.,0.,1.));
#3755=DIRECTION('ref_axis',(1.,0.,0.));
#3756=DIRECTION('',(0.707106781186548,0.707106781186547,0.));
#3757=DIRECTION('center_axis',(0.,0.,1.));
#3758=DIRECTION('ref_axis',(1.,0.,0.));
#3759=DIRECTION('',(-0.707106781186547,-0.707106781186548,0.));
#3760=DIRECTION('center_axis',(0.,0.,1.));
#3761=DIRECTION('ref_axis',(1.,0.,0.));
#3762=DIRECTION('',(0.707106781186548,-0.707106781186547,0.));
#3763=DIRECTION('center_axis',(0.,0.,1.));
#3764=DIRECTION('ref_axis',(1.,0.,0.));
#3765=DIRECTION('',(-0.707106781186548,0.707106781186547,0.));
#3766=DIRECTION('center_axis',(0.,0.,1.));
#3767=DIRECTION('ref_axis',(1.,0.,0.));
#3768=DIRECTION('',(-0.707106781186547,-0.707106781186548,0.));
#3769=DIRECTION('center_axis',(0.,0.,1.));
#3770=DIRECTION('ref_axis',(1.,0.,0.));
#3771=DIRECTION('',(0.707106781186547,0.707106781186548,0.));
#3772=DIRECTION('center_axis',(0.,0.,1.));
#3773=DIRECTION('ref_axis',(1.,0.,0.));
#3774=DIRECTION('',(-0.707106781186547,0.707106781186548,0.));
#3775=DIRECTION('center_axis',(0.,0.,1.));
#3776=DIRECTION('ref_axis',(1.,0.,0.));
#3777=DIRECTION('center_axis',(0.,0.,1.));
#3778=DIRECTION('ref_axis',(1.,0.,0.));
#3779=DIRECTION('center_axis',(0.,0.,-1.));
#3780=DIRECTION('ref_axis',(0.707106781186548,-0.707106781186547,0.));
#3781=DIRECTION('',(0.,0.,-1.));
#3782=DIRECTION('',(0.,0.,1.));
#3783=DIRECTION('center_axis',(-0.707106781186548,-0.707106781186547,0.));
#3784=DIRECTION('ref_axis',(0.,0.,1.));
#3785=DIRECTION('',(0.,0.,1.));
#3786=DIRECTION('center_axis',(-0.707106781186548,0.707106781186547,0.));
#3787=DIRECTION('ref_axis',(0.,0.,1.));
#3788=DIRECTION('',(0.,0.,1.));
#3789=DIRECTION('',(0.,0.,1.));
#3790=DIRECTION('center_axis',(0.,0.,-1.));
#3791=DIRECTION('ref_axis',(0.707106781186548,0.707106781186547,0.));
#3792=DIRECTION('',(0.,0.,1.));
#3793=DIRECTION('center_axis',(0.707106781186548,-0.707106781186547,0.));
#3794=DIRECTION('ref_axis',(0.,0.,-1.));
#3795=DIRECTION('',(0.,0.,1.));
#3796=DIRECTION('center_axis',(-0.707106781186547,-0.707106781186548,0.));
#3797=DIRECTION('ref_axis',(0.,0.,1.));
#3798=DIRECTION('',(0.,0.,1.));
#3799=DIRECTION('',(0.,0.,1.));
#3800=DIRECTION('center_axis',(0.,0.,-1.));
#3801=DIRECTION('ref_axis',(-0.707106781186547,0.707106781186548,0.));
#3802=DIRECTION('',(0.,0.,1.));
#3803=DIRECTION('center_axis',(0.707106781186547,0.707106781186548,0.));
#3804=DIRECTION('ref_axis',(0.,0.,-1.));
#3805=DIRECTION('',(0.,0.,1.));
#3806=DIRECTION('center_axis',(0.707106781186548,-0.707106781186547,0.));
#3807=DIRECTION('ref_axis',(0.,0.,-1.));
#3808=DIRECTION('',(0.,0.,1.));
#3809=DIRECTION('',(0.,0.,1.));
#3810=DIRECTION('center_axis',(0.,0.,-1.));
#3811=DIRECTION('ref_axis',(-0.707106781186547,-0.707106781186548,0.));
#3812=DIRECTION('',(0.,0.,1.));
#3813=DIRECTION('center_axis',(-0.707106781186547,0.707106781186548,0.));
#3814=DIRECTION('ref_axis',(0.,0.,1.));
#3815=DIRECTION('',(0.,0.,1.));
#3816=DIRECTION('center_axis',(0.707106781186547,0.707106781186548,0.));
#3817=DIRECTION('ref_axis',(0.,0.,-1.));
#3818=DIRECTION('',(0.,0.,1.));
#3819=DIRECTION('center_axis',(0.,0.,1.));
#3820=DIRECTION('ref_axis',(1.,0.,0.));
#3821=DIRECTION('center_axis',(0.,0.,1.));
#3822=DIRECTION('ref_axis',(-1.,-3.21624529935327E-16,0.));
#3823=DIRECTION('center_axis',(0.,0.,1.));
#3824=DIRECTION('ref_axis',(1.,0.,0.));
#3825=DIRECTION('center_axis',(0.,0.,1.));
#3826=DIRECTION('ref_axis',(1.,0.,0.));
#3827=DIRECTION('center_axis',(0.,0.,1.));
#3828=DIRECTION('ref_axis',(1.,0.,0.));
#3829=DIRECTION('',(0.,0.,1.));
#3830=DIRECTION('axis',(0.,0.,1.));
#3831=DIRECTION('refdir',(1.,0.,0.));
#3832=DIRECTION('axis',(0.,0.,1.));
#3833=DIRECTION('refdir',(1.,0.,0.));
#3834=DIRECTION('center_axis',(0.,0.,-1.));
#3835=DIRECTION('ref_axis',(-1.,0.,0.));
#3836=DIRECTION('center_axis',(0.,0.,-1.));
#3837=DIRECTION('ref_axis',(-1.,0.,0.));
#3838=DIRECTION('',(0.,0.,-1.));
#3839=DIRECTION('center_axis',(0.,0.,1.));
#3840=DIRECTION('ref_axis',(-1.,0.,0.));
#3841=DIRECTION('center_axis',(0.,0.,-1.));
#3842=DIRECTION('ref_axis',(-1.,0.,0.));
#3843=DIRECTION('center_axis',(0.,0.,-1.));
#3844=DIRECTION('ref_axis',(-1.,0.,0.));
#3845=DIRECTION('',(0.,0.,-1.));
#3846=DIRECTION('center_axis',(0.,0.,1.));
#3847=DIRECTION('ref_axis',(-1.,0.,0.));
#3848=DIRECTION('center_axis',(0.,0.,-1.));
#3849=DIRECTION('ref_axis',(-1.,0.,0.));
#3850=DIRECTION('center_axis',(0.,0.,-1.));
#3851=DIRECTION('ref_axis',(-1.,0.,0.));
#3852=DIRECTION('',(0.,0.,-1.));
#3853=DIRECTION('center_axis',(0.,0.,1.));
#3854=DIRECTION('ref_axis',(-1.,0.,0.));
#3855=DIRECTION('center_axis',(0.,0.,-1.));
#3856=DIRECTION('ref_axis',(-1.,0.,0.));
#3857=DIRECTION('center_axis',(0.,0.,-1.));
#3858=DIRECTION('ref_axis',(-1.,0.,0.));
#3859=DIRECTION('',(0.,0.,-1.));
#3860=DIRECTION('center_axis',(0.,0.,1.));
#3861=DIRECTION('ref_axis',(-1.,0.,0.));
#3862=DIRECTION('center_axis',(0.,0.,1.));
#3863=DIRECTION('ref_axis',(1.,0.,0.));
#3864=DIRECTION('',(-0.707106781186547,0.707106781186548,0.));
#3865=DIRECTION('center_axis',(0.,0.,1.));
#3866=DIRECTION('ref_axis',(1.,0.,0.));
#3867=DIRECTION('',(0.707106781186547,0.707106781186548,0.));
#3868=DIRECTION('center_axis',(0.,0.,1.));
#3869=DIRECTION('ref_axis',(1.,0.,0.));
#3870=DIRECTION('',(-0.707106781186547,-0.707106781186548,0.));
#3871=DIRECTION('center_axis',(0.,0.,1.));
#3872=DIRECTION('ref_axis',(1.,0.,0.));
#3873=DIRECTION('',(-0.707106781186548,0.707106781186547,0.));
#3874=DIRECTION('center_axis',(0.,0.,1.));
#3875=DIRECTION('ref_axis',(1.,0.,0.));
#3876=DIRECTION('',(0.707106781186548,-0.707106781186547,0.));
#3877=DIRECTION('center_axis',(0.,0.,1.));
#3878=DIRECTION('ref_axis',(1.,0.,0.));
#3879=DIRECTION('',(-0.707106781186547,-0.707106781186548,0.));
#3880=DIRECTION('center_axis',(0.,0.,1.));
#3881=DIRECTION('ref_axis',(1.,0.,0.));
#3882=DIRECTION('',(0.707106781186548,0.707106781186547,0.));
#3883=DIRECTION('center_axis',(0.,0.,1.));
#3884=DIRECTION('ref_axis',(1.,0.,0.));
#3885=DIRECTION('',(0.707106781186548,-0.707106781186547,0.));
#3886=DIRECTION('center_axis',(0.,0.,1.));
#3887=DIRECTION('ref_axis',(1.,0.,0.));
#3888=DIRECTION('center_axis',(0.,0.,-1.));
#3889=DIRECTION('ref_axis',(1.,0.,0.));
#3890=DIRECTION('center_axis',(0.,0.,1.));
#3891=DIRECTION('ref_axis',(1.,0.,0.));
#3892=DIRECTION('',(0.707106781186548,-0.707106781186547,0.));
#3893=DIRECTION('center_axis',(0.,0.,1.));
#3894=DIRECTION('ref_axis',(1.,0.,0.));
#3895=DIRECTION('',(0.707106781186548,0.707106781186547,0.));
#3896=DIRECTION('center_axis',(0.,0.,1.));
#3897=DIRECTION('ref_axis',(1.,0.,0.));
#3898=DIRECTION('',(-0.707106781186547,-0.707106781186548,0.));
#3899=DIRECTION('center_axis',(0.,0.,1.));
#3900=DIRECTION('ref_axis',(1.,0.,0.));
#3901=DIRECTION('',(0.707106781186548,-0.707106781186547,0.));
#3902=DIRECTION('center_axis',(0.,0.,1.));
#3903=DIRECTION('ref_axis',(1.,0.,0.));
#3904=DIRECTION('',(-0.707106781186548,0.707106781186547,0.));
#3905=DIRECTION('center_axis',(0.,0.,1.));
#3906=DIRECTION('ref_axis',(1.,0.,0.));
#3907=DIRECTION('',(-0.707106781186547,-0.707106781186548,0.));
#3908=DIRECTION('center_axis',(0.,0.,1.));
#3909=DIRECTION('ref_axis',(1.,0.,0.));
#3910=DIRECTION('',(0.707106781186547,0.707106781186548,0.));
#3911=DIRECTION('center_axis',(0.,0.,1.));
#3912=DIRECTION('ref_axis',(1.,0.,0.));
#3913=DIRECTION('',(-0.707106781186547,0.707106781186548,0.));
#3914=DIRECTION('center_axis',(0.,0.,1.));
#3915=DIRECTION('ref_axis',(1.,0.,0.));
#3916=DIRECTION('center_axis',(0.,0.,1.));
#3917=DIRECTION('ref_axis',(1.,0.,0.));
#3918=DIRECTION('center_axis',(0.,0.,-1.));
#3919=DIRECTION('ref_axis',(0.707106781186548,-0.707106781186547,0.));
#3920=DIRECTION('',(0.,0.,-1.));
#3921=DIRECTION('',(0.,0.,1.));
#3922=DIRECTION('center_axis',(-0.707106781186548,-0.707106781186547,0.));
#3923=DIRECTION('ref_axis',(0.,0.,1.));
#3924=DIRECTION('',(0.,0.,1.));
#3925=DIRECTION('center_axis',(-0.707106781186548,0.707106781186547,0.));
#3926=DIRECTION('ref_axis',(0.,0.,1.));
#3927=DIRECTION('',(0.,0.,1.));
#3928=DIRECTION('',(0.,0.,1.));
#3929=DIRECTION('center_axis',(0.,0.,-1.));
#3930=DIRECTION('ref_axis',(0.707106781186548,0.707106781186547,0.));
#3931=DIRECTION('',(0.,0.,1.));
#3932=DIRECTION('center_axis',(0.707106781186548,-0.707106781186547,0.));
#3933=DIRECTION('ref_axis',(0.,0.,-1.));
#3934=DIRECTION('',(0.,0.,1.));
#3935=DIRECTION('center_axis',(-0.707106781186547,-0.707106781186548,0.));
#3936=DIRECTION('ref_axis',(0.,0.,1.));
#3937=DIRECTION('',(0.,0.,1.));
#3938=DIRECTION('',(0.,0.,1.));
#3939=DIRECTION('center_axis',(0.,0.,-1.));
#3940=DIRECTION('ref_axis',(-0.707106781186547,0.707106781186548,0.));
#3941=DIRECTION('',(0.,0.,1.));
#3942=DIRECTION('center_axis',(0.707106781186547,0.707106781186548,0.));
#3943=DIRECTION('ref_axis',(0.,0.,-1.));
#3944=DIRECTION('',(0.,0.,1.));
#3945=DIRECTION('center_axis',(0.707106781186548,-0.707106781186547,0.));
#3946=DIRECTION('ref_axis',(0.,0.,-1.));
#3947=DIRECTION('',(0.,0.,1.));
#3948=DIRECTION('',(0.,0.,1.));
#3949=DIRECTION('center_axis',(0.,0.,-1.));
#3950=DIRECTION('ref_axis',(-0.707106781186547,-0.707106781186548,0.));
#3951=DIRECTION('',(0.,0.,1.));
#3952=DIRECTION('center_axis',(-0.707106781186547,0.707106781186548,0.));
#3953=DIRECTION('ref_axis',(0.,0.,1.));
#3954=DIRECTION('',(0.,0.,1.));
#3955=DIRECTION('center_axis',(0.707106781186547,0.707106781186548,0.));
#3956=DIRECTION('ref_axis',(0.,0.,-1.));
#3957=DIRECTION('',(0.,0.,1.));
#3958=DIRECTION('center_axis',(0.,0.,1.));
#3959=DIRECTION('ref_axis',(1.,0.,0.));
#3960=DIRECTION('center_axis',(0.,0.,1.));
#3961=DIRECTION('ref_axis',(-1.,-3.21624529935327E-16,0.));
#3962=DIRECTION('center_axis',(0.,0.,1.));
#3963=DIRECTION('ref_axis',(1.,0.,0.));
#3964=DIRECTION('center_axis',(0.,0.,1.));
#3965=DIRECTION('ref_axis',(1.,0.,0.));
#3966=DIRECTION('center_axis',(0.,0.,1.));
#3967=DIRECTION('ref_axis',(1.,0.,0.));
#3968=DIRECTION('',(0.,0.,1.));
#3969=DIRECTION('',(5.65424309061803E-17,1.16047751106767E-17,1.));
#3970=DIRECTION('',(0.679441304261515,0.733729864502877,-4.6932033070555E-17));
#3971=DIRECTION('',(2.71313447119911E-16,-3.29688394248377E-17,0.999999999999999));
#3972=DIRECTION('',(0.665766146906719,0.746160463729472,-4.59422876122408E-16));
#3973=DIRECTION('center_axis',(0.,0.,-1.));
#3974=DIRECTION('ref_axis',(-1.,0.,0.));
#3975=DIRECTION('center_axis',(0.,0.,-1.));
#3976=DIRECTION('ref_axis',(-1.,0.,0.));
#3977=DIRECTION('',(0.,0.,-1.));
#3978=DIRECTION('center_axis',(0.,0.,1.));
#3979=DIRECTION('ref_axis',(-1.,0.,0.));
#3980=DIRECTION('center_axis',(0.,0.,-1.));
#3981=DIRECTION('ref_axis',(-1.,0.,0.));
#3982=DIRECTION('center_axis',(0.,0.,-1.));
#3983=DIRECTION('ref_axis',(-1.,0.,0.));
#3984=DIRECTION('',(0.,0.,-1.));
#3985=DIRECTION('center_axis',(0.,0.,1.));
#3986=DIRECTION('ref_axis',(-1.,0.,0.));
#3987=DIRECTION('center_axis',(0.,0.,-1.));
#3988=DIRECTION('ref_axis',(-1.,0.,0.));
#3989=DIRECTION('center_axis',(0.,0.,-1.));
#3990=DIRECTION('ref_axis',(-1.,0.,0.));
#3991=DIRECTION('',(0.,0.,-1.));
#3992=DIRECTION('center_axis',(0.,0.,1.));
#3993=DIRECTION('ref_axis',(-1.,0.,0.));
#3994=DIRECTION('center_axis',(0.,0.,-1.));
#3995=DIRECTION('ref_axis',(-1.,0.,0.));
#3996=DIRECTION('center_axis',(0.,0.,-1.));
#3997=DIRECTION('ref_axis',(-1.,0.,0.));
#3998=DIRECTION('',(0.,0.,-1.));
#3999=DIRECTION('center_axis',(0.,0.,1.));
#4000=DIRECTION('ref_axis',(-1.,0.,0.));
#4001=DIRECTION('center_axis',(0.,0.,1.));
#4002=DIRECTION('ref_axis',(1.,0.,0.));
#4003=DIRECTION('',(-0.707106781186547,0.707106781186548,0.));
#4004=DIRECTION('center_axis',(0.,0.,1.));
#4005=DIRECTION('ref_axis',(1.,0.,0.));
#4006=DIRECTION('',(0.707106781186547,0.707106781186548,0.));
#4007=DIRECTION('center_axis',(0.,0.,1.));
#4008=DIRECTION('ref_axis',(1.,0.,0.));
#4009=DIRECTION('',(-0.707106781186547,-0.707106781186548,0.));
#4010=DIRECTION('center_axis',(0.,0.,1.));
#4011=DIRECTION('ref_axis',(1.,0.,0.));
#4012=DIRECTION('',(-0.707106781186548,0.707106781186547,0.));
#4013=DIRECTION('center_axis',(0.,0.,1.));
#4014=DIRECTION('ref_axis',(1.,0.,0.));
#4015=DIRECTION('',(0.707106781186548,-0.707106781186547,0.));
#4016=DIRECTION('center_axis',(0.,0.,1.));
#4017=DIRECTION('ref_axis',(1.,0.,0.));
#4018=DIRECTION('',(-0.707106781186547,-0.707106781186548,0.));
#4019=DIRECTION('center_axis',(0.,0.,1.));
#4020=DIRECTION('ref_axis',(1.,0.,0.));
#4021=DIRECTION('',(0.707106781186548,0.707106781186547,0.));
#4022=DIRECTION('center_axis',(0.,0.,1.));
#4023=DIRECTION('ref_axis',(1.,0.,0.));
#4024=DIRECTION('',(0.707106781186548,-0.707106781186547,0.));
#4025=DIRECTION('center_axis',(0.,0.,1.));
#4026=DIRECTION('ref_axis',(1.,0.,0.));
#4027=DIRECTION('center_axis',(0.,0.,-1.));
#4028=DIRECTION('ref_axis',(1.,0.,0.));
#4029=DIRECTION('center_axis',(0.,0.,1.));
#4030=DIRECTION('ref_axis',(1.,0.,0.));
#4031=DIRECTION('',(0.707106781186548,-0.707106781186547,0.));
#4032=DIRECTION('center_axis',(0.,0.,1.));
#4033=DIRECTION('ref_axis',(1.,0.,0.));
#4034=DIRECTION('',(0.707106781186548,0.707106781186547,0.));
#4035=DIRECTION('center_axis',(0.,0.,1.));
#4036=DIRECTION('ref_axis',(1.,0.,0.));
#4037=DIRECTION('',(-0.707106781186547,-0.707106781186548,0.));
#4038=DIRECTION('center_axis',(0.,0.,1.));
#4039=DIRECTION('ref_axis',(1.,0.,0.));
#4040=DIRECTION('',(0.707106781186548,-0.707106781186547,0.));
#4041=DIRECTION('center_axis',(0.,0.,1.));
#4042=DIRECTION('ref_axis',(1.,0.,0.));
#4043=DIRECTION('',(-0.707106781186548,0.707106781186547,0.));
#4044=DIRECTION('center_axis',(0.,0.,1.));
#4045=DIRECTION('ref_axis',(1.,0.,0.));
#4046=DIRECTION('',(-0.707106781186547,-0.707106781186548,0.));
#4047=DIRECTION('center_axis',(0.,0.,1.));
#4048=DIRECTION('ref_axis',(1.,0.,0.));
#4049=DIRECTION('',(0.707106781186547,0.707106781186548,0.));
#4050=DIRECTION('center_axis',(0.,0.,1.));
#4051=DIRECTION('ref_axis',(1.,0.,0.));
#4052=DIRECTION('',(-0.707106781186547,0.707106781186548,0.));
#4053=DIRECTION('center_axis',(0.,0.,1.));
#4054=DIRECTION('ref_axis',(1.,0.,0.));
#4055=DIRECTION('center_axis',(0.,0.,1.));
#4056=DIRECTION('ref_axis',(1.,0.,0.));
#4057=DIRECTION('center_axis',(0.,0.,-1.));
#4058=DIRECTION('ref_axis',(0.707106781186548,-0.707106781186547,0.));
#4059=DIRECTION('',(0.,0.,-1.));
#4060=DIRECTION('',(0.,0.,1.));
#4061=DIRECTION('center_axis',(-0.707106781186548,-0.707106781186547,0.));
#4062=DIRECTION('ref_axis',(0.,0.,1.));
#4063=DIRECTION('',(0.,0.,1.));
#4064=DIRECTION('center_axis',(-0.707106781186548,0.707106781186547,0.));
#4065=DIRECTION('ref_axis',(0.,0.,1.));
#4066=DIRECTION('',(0.,0.,1.));
#4067=DIRECTION('',(0.,0.,1.));
#4068=DIRECTION('center_axis',(0.,0.,-1.));
#4069=DIRECTION('ref_axis',(0.707106781186548,0.707106781186547,0.));
#4070=DIRECTION('',(0.,0.,1.));
#4071=DIRECTION('center_axis',(0.707106781186548,-0.707106781186547,0.));
#4072=DIRECTION('ref_axis',(0.,0.,-1.));
#4073=DIRECTION('',(0.,0.,1.));
#4074=DIRECTION('center_axis',(-0.707106781186547,-0.707106781186548,0.));
#4075=DIRECTION('ref_axis',(0.,0.,1.));
#4076=DIRECTION('',(0.,0.,1.));
#4077=DIRECTION('',(0.,0.,1.));
#4078=DIRECTION('center_axis',(0.,0.,-1.));
#4079=DIRECTION('ref_axis',(-0.707106781186547,0.707106781186548,0.));
#4080=DIRECTION('',(0.,0.,1.));
#4081=DIRECTION('center_axis',(0.707106781186547,0.707106781186548,0.));
#4082=DIRECTION('ref_axis',(0.,0.,-1.));
#4083=DIRECTION('',(0.,0.,1.));
#4084=DIRECTION('center_axis',(0.707106781186548,-0.707106781186547,0.));
#4085=DIRECTION('ref_axis',(0.,0.,-1.));
#4086=DIRECTION('',(0.,0.,1.));
#4087=DIRECTION('',(0.,0.,1.));
#4088=DIRECTION('center_axis',(0.,0.,-1.));
#4089=DIRECTION('ref_axis',(-0.707106781186547,-0.707106781186548,0.));
#4090=DIRECTION('',(0.,0.,1.));
#4091=DIRECTION('center_axis',(-0.707106781186547,0.707106781186548,0.));
#4092=DIRECTION('ref_axis',(0.,0.,1.));
#4093=DIRECTION('',(0.,0.,1.));
#4094=DIRECTION('center_axis',(0.707106781186547,0.707106781186548,0.));
#4095=DIRECTION('ref_axis',(0.,0.,-1.));
#4096=DIRECTION('',(0.,0.,1.));
#4097=DIRECTION('center_axis',(0.,0.,1.));
#4098=DIRECTION('ref_axis',(1.,0.,0.));
#4099=DIRECTION('center_axis',(0.,0.,1.));
#4100=DIRECTION('ref_axis',(-1.,-3.21624529935327E-16,0.));
#4101=DIRECTION('center_axis',(0.,0.,1.));
#4102=DIRECTION('ref_axis',(1.,0.,0.));
#4103=DIRECTION('center_axis',(0.,0.,1.));
#4104=DIRECTION('ref_axis',(1.,0.,0.));
#4105=DIRECTION('center_axis',(0.,0.,1.));
#4106=DIRECTION('ref_axis',(1.,0.,0.));
#4107=DIRECTION('',(0.,0.,1.));
#4108=DIRECTION('',(-1.98268910609295E-17,4.65035531479908E-18,1.));
#4109=DIRECTION('',(0.733729864502876,-0.679441304261517,1.77072255720157E-17));
#4110=DIRECTION('',(0.,0.,1.));
#4111=DIRECTION('',(1.,0.,0.));
#4112=DIRECTION('',(-5.33855032359847E-18,-4.65035531479906E-18,1.));
#4113=DIRECTION('',(1.,1.08246744900953E-15,5.33855032359847E-18));
#4114=CARTESIAN_POINT('',(0.,0.,0.));
#4115=CARTESIAN_POINT('',(0.,0.,0.));
#4116=CARTESIAN_POINT('',(0.,0.,0.));
#4117=CARTESIAN_POINT('Origin',(0.,2.77555756156289E-16,-10.21875));
#4118=CARTESIAN_POINT('',(-1.43925448419918E-16,-1.17524047358083,8.));
#4119=CARTESIAN_POINT('',(-1.43925448419918E-16,-1.17524047358083,8.06249999999998));
#4120=CARTESIAN_POINT('',(-1.43925448419918E-16,-1.17524047358083,-10.21875));
#4121=CARTESIAN_POINT('',(-0.686453563962692,0.953924355106527,8.29999999999991));
#4122=CARTESIAN_POINT('Ctrl Pts',(-1.43925448419918E-16,-1.17524047358083,
8.));
#4123=CARTESIAN_POINT('Ctrl Pts',(0.678525403784433,-1.17524047358083,8.04166666666667));
#4124=CARTESIAN_POINT('Ctrl Pts',(1.01778810567665,-0.587620236790414,8.08333333333334));
#4125=CARTESIAN_POINT('Ctrl Pts',(1.35705080756887,-3.62503176612365E-16,
8.125));
#4126=CARTESIAN_POINT('Ctrl Pts',(1.01778810567665,0.587620236790412,8.16666666666667));
#4127=CARTESIAN_POINT('Ctrl Pts',(0.678525403784434,1.17524047358083,8.20833333333334));
#4128=CARTESIAN_POINT('Ctrl Pts',(0.,1.17524047358083,8.25));
#4129=CARTESIAN_POINT('Ctrl Pts',(-0.378903502788311,1.17524047358083,8.27326758270429));
#4130=CARTESIAN_POINT('Ctrl Pts',(-0.686453563963073,0.953924355106253,
8.29999999999995));
#4131=CARTESIAN_POINT('',(0.19422724339906,1.15907978528835,8.3));
#4132=CARTESIAN_POINT('Origin',(0.,2.77555756156289E-16,8.3));
#4133=CARTESIAN_POINT('Ctrl Pts',(-1.43925448419918E-16,-1.17524047358083,
8.06249999999998));
#4134=CARTESIAN_POINT('Ctrl Pts',(0.678525403784433,-1.17524047358083,8.10416666666665));
#4135=CARTESIAN_POINT('Ctrl Pts',(1.01778810567665,-0.587620236790414,8.14583333333332));
#4136=CARTESIAN_POINT('Ctrl Pts',(1.35705080756887,-3.62447260134078E-16,
8.18749999999998));
#4137=CARTESIAN_POINT('Ctrl Pts',(1.01778810567665,0.587620236790412,8.22916666666665));
#4138=CARTESIAN_POINT('Ctrl Pts',(0.74072792202483,1.06750255162973,8.26319390943292));
#4139=CARTESIAN_POINT('Ctrl Pts',(0.194227243401079,1.15907978528801,8.29999999999987));
#4140=CARTESIAN_POINT('Origin',(0.,2.77555756156289E-16,-10.21875));
#4141=CARTESIAN_POINT('',(-1.43925448419918E-16,-1.17524047358083,7.5));
#4142=CARTESIAN_POINT('',(-1.43925448419918E-16,-1.17524047358083,7.56249999999998));
#4143=CARTESIAN_POINT('',(-1.43925448419918E-16,-1.17524047358083,-10.21875));
#4144=CARTESIAN_POINT('Ctrl Pts',(-1.43925448419918E-16,-1.17524047358083,
7.5));
#4145=CARTESIAN_POINT('Ctrl Pts',(0.678525403784433,-1.17524047358083,7.54166666666667));
#4146=CARTESIAN_POINT('Ctrl Pts',(1.01778810567665,-0.587620236790414,7.58333333333334));
#4147=CARTESIAN_POINT('Ctrl Pts',(1.35705080756887,-3.62950508438661E-16,
7.625));
#4148=CARTESIAN_POINT('Ctrl Pts',(1.01778810567665,0.587620236790412,7.66666666666667));
#4149=CARTESIAN_POINT('Ctrl Pts',(0.678525403784434,1.17524047358083,7.70833333333334));
#4150=CARTESIAN_POINT('Ctrl Pts',(0.,1.17524047358083,7.75));
#4151=CARTESIAN_POINT('Ctrl Pts',(-0.678525403784433,1.17524047358083,7.79166666666667));
#4152=CARTESIAN_POINT('Ctrl Pts',(-1.01778810567665,0.587620236790413,7.83333333333334));
#4153=CARTESIAN_POINT('Ctrl Pts',(-1.35705080756887,-3.03452569716042E-17,
7.875));
#4154=CARTESIAN_POINT('Ctrl Pts',(-1.01778810567665,-0.587620236790413,
7.91666666666667));
#4155=CARTESIAN_POINT('Ctrl Pts',(-0.678525403784434,-1.17524047358083,
7.95833333333334));
#4156=CARTESIAN_POINT('Ctrl Pts',(-1.43925448419918E-16,-1.17524047358083,
8.));
#4157=CARTESIAN_POINT('Ctrl Pts',(-1.43925448419918E-16,-1.17524047358083,
7.56249999999998));
#4158=CARTESIAN_POINT('Ctrl Pts',(0.678525403784433,-1.17524047358083,7.60416666666665));
#4159=CARTESIAN_POINT('Ctrl Pts',(1.01778810567665,-0.587620236790414,7.64583333333332));
#4160=CARTESIAN_POINT('Ctrl Pts',(1.35705080756887,-3.62894591960374E-16,
7.68749999999998));
#4161=CARTESIAN_POINT('Ctrl Pts',(1.01778810567665,0.587620236790412,7.72916666666665));
#4162=CARTESIAN_POINT('Ctrl Pts',(0.678525403784434,1.17524047358083,7.77083333333332));
#4163=CARTESIAN_POINT('Ctrl Pts',(0.,1.17524047358083,7.81249999999998));
#4164=CARTESIAN_POINT('Ctrl Pts',(-0.678525403784433,1.17524047358083,7.85416666666665));
#4165=CARTESIAN_POINT('Ctrl Pts',(-1.01778810567665,0.587620236790413,7.89583333333332));
#4166=CARTESIAN_POINT('Ctrl Pts',(-1.35705080756887,-3.02893404933172E-17,
7.93749999999998));
#4167=CARTESIAN_POINT('Ctrl Pts',(-1.01778810567665,-0.587620236790413,
7.97916666666665));
#4168=CARTESIAN_POINT('Ctrl Pts',(-0.678525403784434,-1.17524047358083,
8.02083333333332));
#4169=CARTESIAN_POINT('Ctrl Pts',(-1.43925448419918E-16,-1.17524047358083,
8.06249999999998));
#4170=CARTESIAN_POINT('Origin',(0.,2.77555756156289E-16,-10.21875));
#4171=CARTESIAN_POINT('',(-1.43925448419918E-16,-1.17524047358083,7.));
#4172=CARTESIAN_POINT('',(-1.43925448419918E-16,-1.17524047358083,7.06249999999998));
#4173=CARTESIAN_POINT('',(-1.43925448419918E-16,-1.17524047358083,-10.21875));
#4174=CARTESIAN_POINT('Ctrl Pts',(-1.43925448419918E-16,-1.17524047358083,
7.));
#4175=CARTESIAN_POINT('Ctrl Pts',(0.678525403784433,-1.17524047358083,7.04166666666667));
#4176=CARTESIAN_POINT('Ctrl Pts',(1.01778810567665,-0.587620236790414,7.08333333333334));
#4177=CARTESIAN_POINT('Ctrl Pts',(1.35705080756887,-3.63397840264956E-16,
7.125));
#4178=CARTESIAN_POINT('Ctrl Pts',(1.01778810567665,0.587620236790412,7.16666666666667));
#4179=CARTESIAN_POINT('Ctrl Pts',(0.678525403784434,1.17524047358083,7.20833333333334));
#4180=CARTESIAN_POINT('Ctrl Pts',(0.,1.17524047358083,7.25));
#4181=CARTESIAN_POINT('Ctrl Pts',(-0.678525403784433,1.17524047358083,7.29166666666667));
#4182=CARTESIAN_POINT('Ctrl Pts',(-1.01778810567665,0.587620236790413,7.33333333333334));
#4183=CARTESIAN_POINT('Ctrl Pts',(-1.35705080756887,-3.07925887978998E-17,
7.375));
#4184=CARTESIAN_POINT('Ctrl Pts',(-1.01778810567665,-0.587620236790413,
7.41666666666667));
#4185=CARTESIAN_POINT('Ctrl Pts',(-0.678525403784434,-1.17524047358083,
7.45833333333334));
#4186=CARTESIAN_POINT('Ctrl Pts',(-1.43925448419918E-16,-1.17524047358083,
7.5));
#4187=CARTESIAN_POINT('Ctrl Pts',(-1.43925448419918E-16,-1.17524047358083,
7.06249999999998));
#4188=CARTESIAN_POINT('Ctrl Pts',(0.678525403784433,-1.17524047358083,7.10416666666665));
#4189=CARTESIAN_POINT('Ctrl Pts',(1.01778810567665,-0.587620236790414,7.14583333333332));
#4190=CARTESIAN_POINT('Ctrl Pts',(1.35705080756887,-3.63341923786669E-16,
7.18749999999998));
#4191=CARTESIAN_POINT('Ctrl Pts',(1.01778810567665,0.587620236790412,7.22916666666665));
#4192=CARTESIAN_POINT('Ctrl Pts',(0.678525403784434,1.17524047358083,7.27083333333332));
#4193=CARTESIAN_POINT('Ctrl Pts',(0.,1.17524047358083,7.31249999999998));
#4194=CARTESIAN_POINT('Ctrl Pts',(-0.678525403784433,1.17524047358083,7.35416666666665));
#4195=CARTESIAN_POINT('Ctrl Pts',(-1.01778810567665,0.587620236790413,7.39583333333332));
#4196=CARTESIAN_POINT('Ctrl Pts',(-1.35705080756887,-3.07366723196128E-17,
7.43749999999998));
#4197=CARTESIAN_POINT('Ctrl Pts',(-1.01778810567665,-0.587620236790413,
7.47916666666665));
#4198=CARTESIAN_POINT('Ctrl Pts',(-0.678525403784434,-1.17524047358083,
7.52083333333332));
#4199=CARTESIAN_POINT('Ctrl Pts',(-1.43925448419918E-16,-1.17524047358083,
7.56249999999998));
#4200=CARTESIAN_POINT('Origin',(0.,2.77555756156289E-16,-10.21875));
#4201=CARTESIAN_POINT('',(-1.43925448419918E-16,-1.17524047358083,6.50000000000001));
#4202=CARTESIAN_POINT('',(-1.43925448419918E-16,-1.17524047358083,6.56249999999998));
#4203=CARTESIAN_POINT('',(-1.43925448419918E-16,-1.17524047358083,-10.21875));
#4204=CARTESIAN_POINT('Ctrl Pts',(-1.43925448419918E-16,-1.17524047358083,
6.50000000000001));
#4205=CARTESIAN_POINT('Ctrl Pts',(0.678525403784433,-1.17524047358083,6.54166666666667));
#4206=CARTESIAN_POINT('Ctrl Pts',(1.01778810567665,-0.587620236790414,6.58333333333334));
#4207=CARTESIAN_POINT('Ctrl Pts',(1.35705080756887,-3.63845172091252E-16,
6.62500000000001));
#4208=CARTESIAN_POINT('Ctrl Pts',(1.01778810567665,0.587620236790412,6.66666666666667));
#4209=CARTESIAN_POINT('Ctrl Pts',(0.678525403784434,1.17524047358083,6.70833333333334));
#4210=CARTESIAN_POINT('Ctrl Pts',(0.,1.17524047358083,6.75));
#4211=CARTESIAN_POINT('Ctrl Pts',(-0.678525403784433,1.17524047358083,6.79166666666667));
#4212=CARTESIAN_POINT('Ctrl Pts',(-1.01778810567665,0.587620236790413,6.83333333333334));
#4213=CARTESIAN_POINT('Ctrl Pts',(-1.35705080756887,-3.12399206241954E-17,
6.875));
#4214=CARTESIAN_POINT('Ctrl Pts',(-1.01778810567665,-0.587620236790413,
6.91666666666667));
#4215=CARTESIAN_POINT('Ctrl Pts',(-0.678525403784434,-1.17524047358083,
6.95833333333334));
#4216=CARTESIAN_POINT('Ctrl Pts',(-1.43925448419918E-16,-1.17524047358083,
7.));
#4217=CARTESIAN_POINT('Ctrl Pts',(-1.43925448419918E-16,-1.17524047358083,
6.56249999999998));
#4218=CARTESIAN_POINT('Ctrl Pts',(0.678525403784433,-1.17524047358083,6.60416666666665));
#4219=CARTESIAN_POINT('Ctrl Pts',(1.01778810567665,-0.587620236790414,6.64583333333332));
#4220=CARTESIAN_POINT('Ctrl Pts',(1.35705080756887,-3.63789255612965E-16,
6.68749999999998));
#4221=CARTESIAN_POINT('Ctrl Pts',(1.01778810567665,0.587620236790412,6.72916666666665));
#4222=CARTESIAN_POINT('Ctrl Pts',(0.678525403784434,1.17524047358083,6.77083333333332));
#4223=CARTESIAN_POINT('Ctrl Pts',(0.,1.17524047358083,6.81249999999998));
#4224=CARTESIAN_POINT('Ctrl Pts',(-0.678525403784433,1.17524047358083,6.85416666666665));
#4225=CARTESIAN_POINT('Ctrl Pts',(-1.01778810567665,0.587620236790413,6.89583333333332));
#4226=CARTESIAN_POINT('Ctrl Pts',(-1.35705080756887,-3.11840041459085E-17,
6.93749999999998));
#4227=CARTESIAN_POINT('Ctrl Pts',(-1.01778810567665,-0.587620236790413,
6.97916666666665));
#4228=CARTESIAN_POINT('Ctrl Pts',(-0.678525403784434,-1.17524047358083,
7.02083333333332));
#4229=CARTESIAN_POINT('Ctrl Pts',(-1.43925448419918E-16,-1.17524047358083,
7.06249999999998));
#4230=CARTESIAN_POINT('Origin',(0.,2.77555756156289E-16,-10.21875));
#4231=CARTESIAN_POINT('',(-1.43925448419918E-16,-1.17524047358083,6.00000000000001));
#4232=CARTESIAN_POINT('',(-1.43925448419918E-16,-1.17524047358083,6.06249999999998));
#4233=CARTESIAN_POINT('',(-1.43925448419918E-16,-1.17524047358083,-10.21875));
#4234=CARTESIAN_POINT('Ctrl Pts',(-1.43925448419918E-16,-1.17524047358083,
6.00000000000001));
#4235=CARTESIAN_POINT('Ctrl Pts',(0.678525403784433,-1.17524047358083,6.04166666666667));
#4236=CARTESIAN_POINT('Ctrl Pts',(1.01778810567665,-0.587620236790414,6.08333333333334));
#4237=CARTESIAN_POINT('Ctrl Pts',(1.35705080756887,-3.64292503917548E-16,
6.12500000000001));
#4238=CARTESIAN_POINT('Ctrl Pts',(1.01778810567665,0.587620236790412,6.16666666666667));
#4239=CARTESIAN_POINT('Ctrl Pts',(0.678525403784434,1.17524047358083,6.20833333333334));
#4240=CARTESIAN_POINT('Ctrl Pts',(0.,1.17524047358083,6.25000000000001));
#4241=CARTESIAN_POINT('Ctrl Pts',(-0.678525403784433,1.17524047358083,6.29166666666667));
#4242=CARTESIAN_POINT('Ctrl Pts',(-1.01778810567665,0.587620236790413,6.33333333333334));
#4243=CARTESIAN_POINT('Ctrl Pts',(-1.35705080756887,-3.1687252450491E-17,
6.37500000000001));
#4244=CARTESIAN_POINT('Ctrl Pts',(-1.01778810567665,-0.587620236790413,
6.41666666666667));
#4245=CARTESIAN_POINT('Ctrl Pts',(-0.678525403784434,-1.17524047358083,
6.45833333333334));
#4246=CARTESIAN_POINT('Ctrl Pts',(-1.43925448419918E-16,-1.17524047358083,
6.50000000000001));
#4247=CARTESIAN_POINT('Ctrl Pts',(-1.43925448419918E-16,-1.17524047358083,
6.06249999999998));
#4248=CARTESIAN_POINT('Ctrl Pts',(0.678525403784433,-1.17524047358083,6.10416666666665));
#4249=CARTESIAN_POINT('Ctrl Pts',(1.01778810567665,-0.587620236790414,6.14583333333332));
#4250=CARTESIAN_POINT('Ctrl Pts',(1.35705080756887,-3.64236587439261E-16,
6.18749999999998));
#4251=CARTESIAN_POINT('Ctrl Pts',(1.01778810567665,0.587620236790412,6.22916666666665));
#4252=CARTESIAN_POINT('Ctrl Pts',(0.678525403784434,1.17524047358083,6.27083333333332));
#4253=CARTESIAN_POINT('Ctrl Pts',(0.,1.17524047358083,6.31249999999999));
#4254=CARTESIAN_POINT('Ctrl Pts',(-0.678525403784433,1.17524047358083,6.35416666666665));
#4255=CARTESIAN_POINT('Ctrl Pts',(-1.01778810567665,0.587620236790413,6.39583333333332));
#4256=CARTESIAN_POINT('Ctrl Pts',(-1.35705080756887,-3.16313359722041E-17,
6.43749999999998));
#4257=CARTESIAN_POINT('Ctrl Pts',(-1.01778810567665,-0.587620236790413,
6.47916666666665));
#4258=CARTESIAN_POINT('Ctrl Pts',(-0.678525403784434,-1.17524047358083,
6.52083333333332));
#4259=CARTESIAN_POINT('Ctrl Pts',(-1.43925448419918E-16,-1.17524047358083,
6.56249999999998));
#4260=CARTESIAN_POINT('Origin',(0.,2.77555756156289E-16,-10.21875));
#4261=CARTESIAN_POINT('',(-1.43925448419918E-16,-1.17524047358083,5.50000000000001));
#4262=CARTESIAN_POINT('',(-1.43925448419918E-16,-1.17524047358083,5.56249999999998));
#4263=CARTESIAN_POINT('',(-1.43925448419918E-16,-1.17524047358083,-10.21875));
#4264=CARTESIAN_POINT('Ctrl Pts',(-1.43925448419918E-16,-1.17524047358083,
5.50000000000001));
#4265=CARTESIAN_POINT('Ctrl Pts',(0.678525403784433,-1.17524047358083,5.54166666666667));
#4266=CARTESIAN_POINT('Ctrl Pts',(1.01778810567665,-0.587620236790414,5.58333333333334));
#4267=CARTESIAN_POINT('Ctrl Pts',(1.35705080756887,-3.64739835743843E-16,
5.625));
#4268=CARTESIAN_POINT('Ctrl Pts',(1.01778810567665,0.587620236790412,5.66666666666667));
#4269=CARTESIAN_POINT('Ctrl Pts',(0.678525403784434,1.17524047358083,5.70833333333334));
#4270=CARTESIAN_POINT('Ctrl Pts',(0.,1.17524047358083,5.75000000000001));
#4271=CARTESIAN_POINT('Ctrl Pts',(-0.678525403784433,1.17524047358083,5.79166666666667));
#4272=CARTESIAN_POINT('Ctrl Pts',(-1.01778810567665,0.587620236790413,5.83333333333334));
#4273=CARTESIAN_POINT('Ctrl Pts',(-1.35705080756887,-3.21345842767866E-17,
5.87500000000001));
#4274=CARTESIAN_POINT('Ctrl Pts',(-1.01778810567665,-0.587620236790413,
5.91666666666667));
#4275=CARTESIAN_POINT('Ctrl Pts',(-0.678525403784434,-1.17524047358083,
5.95833333333334));
#4276=CARTESIAN_POINT('Ctrl Pts',(-1.43925448419918E-16,-1.17524047358083,
6.00000000000001));
#4277=CARTESIAN_POINT('Ctrl Pts',(-1.43925448419918E-16,-1.17524047358083,
5.56249999999998));
#4278=CARTESIAN_POINT('Ctrl Pts',(0.678525403784433,-1.17524047358083,5.60416666666665));
#4279=CARTESIAN_POINT('Ctrl Pts',(1.01778810567665,-0.587620236790414,5.64583333333332));
#4280=CARTESIAN_POINT('Ctrl Pts',(1.35705080756887,-3.64683919265556E-16,
5.68749999999998));
#4281=CARTESIAN_POINT('Ctrl Pts',(1.01778810567665,0.587620236790412,5.72916666666665));
#4282=CARTESIAN_POINT('Ctrl Pts',(0.678525403784434,1.17524047358083,5.77083333333332));
#4283=CARTESIAN_POINT('Ctrl Pts',(0.,1.17524047358083,5.81249999999998));
#4284=CARTESIAN_POINT('Ctrl Pts',(-0.678525403784433,1.17524047358083,5.85416666666665));
#4285=CARTESIAN_POINT('Ctrl Pts',(-1.01778810567665,0.587620236790413,5.89583333333332));
#4286=CARTESIAN_POINT('Ctrl Pts',(-1.35705080756887,-3.20786677984997E-17,
5.93749999999998));
#4287=CARTESIAN_POINT('Ctrl Pts',(-1.01778810567665,-0.587620236790413,
5.97916666666665));
#4288=CARTESIAN_POINT('Ctrl Pts',(-0.678525403784434,-1.17524047358083,
6.02083333333332));
#4289=CARTESIAN_POINT('Ctrl Pts',(-1.43925448419918E-16,-1.17524047358083,
6.06249999999998));
#4290=CARTESIAN_POINT('Origin',(0.,2.77555756156289E-16,-10.21875));
#4291=CARTESIAN_POINT('',(-1.43925448419918E-16,-1.17524047358083,5.));
#4292=CARTESIAN_POINT('',(-1.43925448419918E-16,-1.17524047358083,5.06249999999998));
#4293=CARTESIAN_POINT('',(-1.43925448419918E-16,-1.17524047358083,-10.21875));
#4294=CARTESIAN_POINT('Ctrl Pts',(-1.43925448419918E-16,-1.17524047358083,
5.));
#4295=CARTESIAN_POINT('Ctrl Pts',(0.678525403784433,-1.17524047358083,5.04166666666667));
#4296=CARTESIAN_POINT('Ctrl Pts',(1.01778810567665,-0.587620236790414,5.08333333333334));
#4297=CARTESIAN_POINT('Ctrl Pts',(1.35705080756887,-3.65187167570139E-16,
5.125));
#4298=CARTESIAN_POINT('Ctrl Pts',(1.01778810567665,0.587620236790412,5.16666666666667));
#4299=CARTESIAN_POINT('Ctrl Pts',(0.678525403784434,1.17524047358083,5.20833333333334));
#4300=CARTESIAN_POINT('Ctrl Pts',(0.,1.17524047358083,5.25));
#4301=CARTESIAN_POINT('Ctrl Pts',(-0.678525403784433,1.17524047358083,5.29166666666667));
#4302=CARTESIAN_POINT('Ctrl Pts',(-1.01778810567665,0.587620236790413,5.33333333333334));
#4303=CARTESIAN_POINT('Ctrl Pts',(-1.35705080756887,-3.25819161030822E-17,
5.37500000000001));
#4304=CARTESIAN_POINT('Ctrl Pts',(-1.01778810567665,-0.587620236790413,
5.41666666666667));
#4305=CARTESIAN_POINT('Ctrl Pts',(-0.678525403784434,-1.17524047358083,
5.45833333333334));
#4306=CARTESIAN_POINT('Ctrl Pts',(-1.43925448419918E-16,-1.17524047358083,
5.50000000000001));
#4307=CARTESIAN_POINT('Ctrl Pts',(-1.43925448419918E-16,-1.17524047358083,
5.06249999999998));
#4308=CARTESIAN_POINT('Ctrl Pts',(0.678525403784433,-1.17524047358083,5.10416666666665));
#4309=CARTESIAN_POINT('Ctrl Pts',(1.01778810567665,-0.587620236790414,5.14583333333332));
#4310=CARTESIAN_POINT('Ctrl Pts',(1.35705080756887,-3.65131251091852E-16,
5.18749999999998));
#4311=CARTESIAN_POINT('Ctrl Pts',(1.01778810567665,0.587620236790412,5.22916666666665));
#4312=CARTESIAN_POINT('Ctrl Pts',(0.678525403784434,1.17524047358083,5.27083333333332));
#4313=CARTESIAN_POINT('Ctrl Pts',(0.,1.17524047358083,5.31249999999998));
#4314=CARTESIAN_POINT('Ctrl Pts',(-0.678525403784433,1.17524047358083,5.35416666666665));
#4315=CARTESIAN_POINT('Ctrl Pts',(-1.01778810567665,0.587620236790413,5.39583333333332));
#4316=CARTESIAN_POINT('Ctrl Pts',(-1.35705080756887,-3.25259996247953E-17,
5.43749999999998));
#4317=CARTESIAN_POINT('Ctrl Pts',(-1.01778810567665,-0.587620236790413,
5.47916666666665));
#4318=CARTESIAN_POINT('Ctrl Pts',(-0.678525403784434,-1.17524047358083,
5.52083333333331));
#4319=CARTESIAN_POINT('Ctrl Pts',(-1.43925448419918E-16,-1.17524047358083,
5.56249999999998));
#4320=CARTESIAN_POINT('Origin',(0.,2.77555756156289E-16,-10.21875));
#4321=CARTESIAN_POINT('',(-1.43925448419918E-16,-1.17524047358083,4.5));
#4322=CARTESIAN_POINT('',(-1.43925448419918E-16,-1.17524047358083,4.56249999999998));
#4323=CARTESIAN_POINT('',(-1.43925448419918E-16,-1.17524047358083,-10.21875));
#4324=CARTESIAN_POINT('Ctrl Pts',(-1.43925448419918E-16,-1.17524047358083,
4.5));
#4325=CARTESIAN_POINT('Ctrl Pts',(0.678525403784433,-1.17524047358083,4.54166666666667));
#4326=CARTESIAN_POINT('Ctrl Pts',(1.01778810567665,-0.587620236790414,4.58333333333334));
#4327=CARTESIAN_POINT('Ctrl Pts',(1.35705080756887,-3.65634499396435E-16,
4.625));
#4328=CARTESIAN_POINT('Ctrl Pts',(1.01778810567665,0.587620236790412,4.66666666666667));
#4329=CARTESIAN_POINT('Ctrl Pts',(0.678525403784434,1.17524047358083,4.70833333333334));
#4330=CARTESIAN_POINT('Ctrl Pts',(0.,1.17524047358083,4.75));
#4331=CARTESIAN_POINT('Ctrl Pts',(-0.678525403784433,1.17524047358083,4.79166666666667));
#4332=CARTESIAN_POINT('Ctrl Pts',(-1.01778810567665,0.587620236790413,4.83333333333334));
#4333=CARTESIAN_POINT('Ctrl Pts',(-1.35705080756887,-3.30292479293778E-17,
4.875));
#4334=CARTESIAN_POINT('Ctrl Pts',(-1.01778810567665,-0.587620236790413,
4.91666666666667));
#4335=CARTESIAN_POINT('Ctrl Pts',(-0.678525403784434,-1.17524047358083,
4.95833333333334));
#4336=CARTESIAN_POINT('Ctrl Pts',(-1.43925448419918E-16,-1.17524047358083,
5.));
#4337=CARTESIAN_POINT('Ctrl Pts',(-1.43925448419918E-16,-1.17524047358083,
4.56249999999998));
#4338=CARTESIAN_POINT('Ctrl Pts',(0.678525403784433,-1.17524047358083,4.60416666666665));
#4339=CARTESIAN_POINT('Ctrl Pts',(1.01778810567665,-0.587620236790414,4.64583333333332));
#4340=CARTESIAN_POINT('Ctrl Pts',(1.35705080756887,-3.65578582918147E-16,
4.68749999999998));
#4341=CARTESIAN_POINT('Ctrl Pts',(1.01778810567665,0.587620236790412,4.72916666666665));
#4342=CARTESIAN_POINT('Ctrl Pts',(0.678525403784434,1.17524047358083,4.77083333333332));
#4343=CARTESIAN_POINT('Ctrl Pts',(0.,1.17524047358083,4.81249999999998));
#4344=CARTESIAN_POINT('Ctrl Pts',(-0.678525403784433,1.17524047358083,4.85416666666665));
#4345=CARTESIAN_POINT('Ctrl Pts',(-1.01778810567665,0.587620236790413,4.89583333333332));
#4346=CARTESIAN_POINT('Ctrl Pts',(-1.35705080756887,-3.29733314510909E-17,
4.93749999999998));
#4347=CARTESIAN_POINT('Ctrl Pts',(-1.01778810567665,-0.587620236790413,
4.97916666666665));
#4348=CARTESIAN_POINT('Ctrl Pts',(-0.678525403784434,-1.17524047358083,
5.02083333333332));
#4349=CARTESIAN_POINT('Ctrl Pts',(-1.43925448419918E-16,-1.17524047358083,
5.06249999999998));
#4350=CARTESIAN_POINT('Origin',(0.,2.77555756156289E-16,-10.21875));
#4351=CARTESIAN_POINT('',(-1.43925448419918E-16,-1.17524047358083,4.));
#4352=CARTESIAN_POINT('',(-1.43925448419918E-16,-1.17524047358083,4.06249999999998));
#4353=CARTESIAN_POINT('',(-1.43925448419918E-16,-1.17524047358083,-10.21875));
#4354=CARTESIAN_POINT('Ctrl Pts',(-1.43925448419918E-16,-1.17524047358083,
4.));
#4355=CARTESIAN_POINT('Ctrl Pts',(0.678525403784433,-1.17524047358083,4.04166666666667));
#4356=CARTESIAN_POINT('Ctrl Pts',(1.01778810567665,-0.587620236790414,4.08333333333334));
#4357=CARTESIAN_POINT('Ctrl Pts',(1.35705080756887,-3.6608183122273E-16,
4.125));
#4358=CARTESIAN_POINT('Ctrl Pts',(1.01778810567665,0.587620236790412,4.16666666666667));
#4359=CARTESIAN_POINT('Ctrl Pts',(0.678525403784434,1.17524047358083,4.20833333333334));
#4360=CARTESIAN_POINT('Ctrl Pts',(0.,1.17524047358083,4.25));
#4361=CARTESIAN_POINT('Ctrl Pts',(-0.678525403784433,1.17524047358083,4.29166666666667));
#4362=CARTESIAN_POINT('Ctrl Pts',(-1.01778810567665,0.587620236790413,4.33333333333334));
#4363=CARTESIAN_POINT('Ctrl Pts',(-1.35705080756887,-3.34765797556735E-17,
4.375));
#4364=CARTESIAN_POINT('Ctrl Pts',(-1.01778810567665,-0.587620236790413,
4.41666666666667));
#4365=CARTESIAN_POINT('Ctrl Pts',(-0.678525403784434,-1.17524047358083,
4.45833333333334));
#4366=CARTESIAN_POINT('Ctrl Pts',(-1.43925448419918E-16,-1.17524047358083,
4.5));
#4367=CARTESIAN_POINT('Ctrl Pts',(-1.43925448419918E-16,-1.17524047358083,
4.06249999999998));
#4368=CARTESIAN_POINT('Ctrl Pts',(0.678525403784433,-1.17524047358083,4.10416666666665));
#4369=CARTESIAN_POINT('Ctrl Pts',(1.01778810567665,-0.587620236790414,4.14583333333332));
#4370=CARTESIAN_POINT('Ctrl Pts',(1.35705080756887,-3.66025914744443E-16,
4.18749999999998));
#4371=CARTESIAN_POINT('Ctrl Pts',(1.01778810567665,0.587620236790412,4.22916666666665));
#4372=CARTESIAN_POINT('Ctrl Pts',(0.678525403784434,1.17524047358083,4.27083333333332));
#4373=CARTESIAN_POINT('Ctrl Pts',(0.,1.17524047358083,4.31249999999998));
#4374=CARTESIAN_POINT('Ctrl Pts',(-0.678525403784433,1.17524047358083,4.35416666666665));
#4375=CARTESIAN_POINT('Ctrl Pts',(-1.01778810567665,0.587620236790413,4.39583333333332));
#4376=CARTESIAN_POINT('Ctrl Pts',(-1.35705080756887,-3.34206632773865E-17,
4.43749999999998));
#4377=CARTESIAN_POINT('Ctrl Pts',(-1.01778810567665,-0.587620236790413,
4.47916666666665));
#4378=CARTESIAN_POINT('Ctrl Pts',(-0.678525403784434,-1.17524047358083,
4.52083333333332));
#4379=CARTESIAN_POINT('Ctrl Pts',(-1.43925448419918E-16,-1.17524047358083,
4.56249999999998));
#4380=CARTESIAN_POINT('Origin',(0.,2.77555756156289E-16,-10.21875));
#4381=CARTESIAN_POINT('',(-1.43925448419918E-16,-1.17524047358083,3.5));
#4382=CARTESIAN_POINT('',(-1.43925448419918E-16,-1.17524047358083,3.56249999999998));
#4383=CARTESIAN_POINT('',(-1.43925448419918E-16,-1.17524047358083,-10.21875));
#4384=CARTESIAN_POINT('Ctrl Pts',(-1.43925448419918E-16,-1.17524047358083,
3.5));
#4385=CARTESIAN_POINT('Ctrl Pts',(0.678525403784433,-1.17524047358083,3.54166666666667));
#4386=CARTESIAN_POINT('Ctrl Pts',(1.01778810567665,-0.587620236790414,3.58333333333334));
#4387=CARTESIAN_POINT('Ctrl Pts',(1.35705080756887,-3.66529163049026E-16,
3.62500000000001));
#4388=CARTESIAN_POINT('Ctrl Pts',(1.01778810567665,0.587620236790412,3.66666666666667));
#4389=CARTESIAN_POINT('Ctrl Pts',(0.678525403784434,1.17524047358083,3.70833333333334));
#4390=CARTESIAN_POINT('Ctrl Pts',(0.,1.17524047358083,3.75));
#4391=CARTESIAN_POINT('Ctrl Pts',(-0.678525403784433,1.17524047358083,3.79166666666667));
#4392=CARTESIAN_POINT('Ctrl Pts',(-1.01778810567665,0.587620236790413,3.83333333333334));
#4393=CARTESIAN_POINT('Ctrl Pts',(-1.35705080756887,-3.39239115819691E-17,
3.875));
#4394=CARTESIAN_POINT('Ctrl Pts',(-1.01778810567665,-0.587620236790413,
3.91666666666667));
#4395=CARTESIAN_POINT('Ctrl Pts',(-0.678525403784434,-1.17524047358083,
3.95833333333334));
#4396=CARTESIAN_POINT('Ctrl Pts',(-1.43925448419918E-16,-1.17524047358083,
4.));
#4397=CARTESIAN_POINT('Ctrl Pts',(-1.43925448419918E-16,-1.17524047358083,
3.56249999999998));
#4398=CARTESIAN_POINT('Ctrl Pts',(0.678525403784433,-1.17524047358083,3.60416666666665));
#4399=CARTESIAN_POINT('Ctrl Pts',(1.01778810567665,-0.587620236790414,3.64583333333332));
#4400=CARTESIAN_POINT('Ctrl Pts',(1.35705080756887,-3.66473246570739E-16,
3.68749999999998));
#4401=CARTESIAN_POINT('Ctrl Pts',(1.01778810567665,0.587620236790412,3.72916666666665));
#4402=CARTESIAN_POINT('Ctrl Pts',(0.678525403784434,1.17524047358083,3.77083333333332));
#4403=CARTESIAN_POINT('Ctrl Pts',(0.,1.17524047358083,3.81249999999998));
#4404=CARTESIAN_POINT('Ctrl Pts',(-0.678525403784433,1.17524047358083,3.85416666666665));
#4405=CARTESIAN_POINT('Ctrl Pts',(-1.01778810567665,0.587620236790413,3.89583333333332));
#4406=CARTESIAN_POINT('Ctrl Pts',(-1.35705080756887,-3.38679951036821E-17,
3.93749999999998));
#4407=CARTESIAN_POINT('Ctrl Pts',(-1.01778810567665,-0.587620236790413,
3.97916666666665));
#4408=CARTESIAN_POINT('Ctrl Pts',(-0.678525403784434,-1.17524047358083,
4.02083333333332));
#4409=CARTESIAN_POINT('Ctrl Pts',(-1.43925448419918E-16,-1.17524047358083,
4.06249999999998));
#4410=CARTESIAN_POINT('Origin',(0.,2.77555756156289E-16,-10.21875));
#4411=CARTESIAN_POINT('',(-1.43925448419918E-16,-1.17524047358083,3.));
#4412=CARTESIAN_POINT('',(-1.43925448419918E-16,-1.17524047358083,3.06249999999998));
#4413=CARTESIAN_POINT('',(-1.43925448419918E-16,-1.17524047358083,-10.21875));
#4414=CARTESIAN_POINT('Ctrl Pts',(-1.43925448419918E-16,-1.17524047358083,
3.));
#4415=CARTESIAN_POINT('Ctrl Pts',(0.678525403784433,-1.17524047358083,3.04166666666667));
#4416=CARTESIAN_POINT('Ctrl Pts',(1.01778810567665,-0.587620236790414,3.08333333333334));
#4417=CARTESIAN_POINT('Ctrl Pts',(1.35705080756887,-3.66976494875321E-16,
3.125));
#4418=CARTESIAN_POINT('Ctrl Pts',(1.01778810567665,0.587620236790412,3.16666666666667));
#4419=CARTESIAN_POINT('Ctrl Pts',(0.678525403784434,1.17524047358083,3.20833333333334));
#4420=CARTESIAN_POINT('Ctrl Pts',(0.,1.17524047358083,3.25));
#4421=CARTESIAN_POINT('Ctrl Pts',(-0.678525403784433,1.17524047358083,3.29166666666667));
#4422=CARTESIAN_POINT('Ctrl Pts',(-1.01778810567665,0.587620236790413,3.33333333333334));
#4423=CARTESIAN_POINT('Ctrl Pts',(-1.35705080756887,-3.43712434082647E-17,
3.375));
#4424=CARTESIAN_POINT('Ctrl Pts',(-1.01778810567665,-0.587620236790413,
3.41666666666667));
#4425=CARTESIAN_POINT('Ctrl Pts',(-0.678525403784434,-1.17524047358083,
3.45833333333334));
#4426=CARTESIAN_POINT('Ctrl Pts',(-1.43925448419918E-16,-1.17524047358083,
3.5));
#4427=CARTESIAN_POINT('Ctrl Pts',(-1.43925448419918E-16,-1.17524047358083,
3.06249999999998));
#4428=CARTESIAN_POINT('Ctrl Pts',(0.678525403784433,-1.17524047358083,3.10416666666665));
#4429=CARTESIAN_POINT('Ctrl Pts',(1.01778810567665,-0.587620236790414,3.14583333333332));
#4430=CARTESIAN_POINT('Ctrl Pts',(1.35705080756887,-3.66920578397034E-16,
3.18749999999998));
#4431=CARTESIAN_POINT('Ctrl Pts',(1.01778810567665,0.587620236790412,3.22916666666665));
#4432=CARTESIAN_POINT('Ctrl Pts',(0.678525403784434,1.17524047358083,3.27083333333332));
#4433=CARTESIAN_POINT('Ctrl Pts',(0.,1.17524047358083,3.31249999999998));
#4434=CARTESIAN_POINT('Ctrl Pts',(-0.678525403784433,1.17524047358083,3.35416666666665));
#4435=CARTESIAN_POINT('Ctrl Pts',(-1.01778810567665,0.587620236790413,3.39583333333332));
#4436=CARTESIAN_POINT('Ctrl Pts',(-1.35705080756887,-3.43153269299777E-17,
3.43749999999998));
#4437=CARTESIAN_POINT('Ctrl Pts',(-1.01778810567665,-0.587620236790413,
3.47916666666665));
#4438=CARTESIAN_POINT('Ctrl Pts',(-0.678525403784434,-1.17524047358083,
3.52083333333332));
#4439=CARTESIAN_POINT('Ctrl Pts',(-1.43925448419918E-16,-1.17524047358083,
3.56249999999998));
#4440=CARTESIAN_POINT('Origin',(0.,2.77555756156289E-16,-10.21875));
#4441=CARTESIAN_POINT('',(-1.43925448419918E-16,-1.17524047358083,2.5));
#4442=CARTESIAN_POINT('',(-1.43925448419918E-16,-1.17524047358083,2.56249999999998));
#4443=CARTESIAN_POINT('',(-1.43925448419918E-16,-1.17524047358083,-10.21875));
#4444=CARTESIAN_POINT('Ctrl Pts',(-1.43925448419918E-16,-1.17524047358083,
2.5));
#4445=CARTESIAN_POINT('Ctrl Pts',(0.678525403784433,-1.17524047358083,2.54166666666667));
#4446=CARTESIAN_POINT('Ctrl Pts',(1.01778810567665,-0.587620236790414,2.58333333333334));
#4447=CARTESIAN_POINT('Ctrl Pts',(1.35705080756887,-3.67423826701617E-16,
2.625));
#4448=CARTESIAN_POINT('Ctrl Pts',(1.01778810567665,0.587620236790412,2.66666666666667));
#4449=CARTESIAN_POINT('Ctrl Pts',(0.678525403784434,1.17524047358083,2.70833333333334));
#4450=CARTESIAN_POINT('Ctrl Pts',(0.,1.17524047358083,2.75));
#4451=CARTESIAN_POINT('Ctrl Pts',(-0.678525403784433,1.17524047358083,2.79166666666667));
#4452=CARTESIAN_POINT('Ctrl Pts',(-1.01778810567665,0.587620236790413,2.83333333333334));
#4453=CARTESIAN_POINT('Ctrl Pts',(-1.35705080756887,-3.48185752345603E-17,
2.875));
#4454=CARTESIAN_POINT('Ctrl Pts',(-1.01778810567665,-0.587620236790413,
2.91666666666667));
#4455=CARTESIAN_POINT('Ctrl Pts',(-0.678525403784434,-1.17524047358083,
2.95833333333334));
#4456=CARTESIAN_POINT('Ctrl Pts',(-1.43925448419918E-16,-1.17524047358083,
3.));
#4457=CARTESIAN_POINT('Ctrl Pts',(-1.43925448419918E-16,-1.17524047358083,
2.56249999999998));
#4458=CARTESIAN_POINT('Ctrl Pts',(0.678525403784433,-1.17524047358083,2.60416666666665));
#4459=CARTESIAN_POINT('Ctrl Pts',(1.01778810567665,-0.587620236790414,2.64583333333332));
#4460=CARTESIAN_POINT('Ctrl Pts',(1.35705080756887,-3.6736791022333E-16,
2.68749999999998));
#4461=CARTESIAN_POINT('Ctrl Pts',(1.01778810567665,0.587620236790412,2.72916666666665));
#4462=CARTESIAN_POINT('Ctrl Pts',(0.678525403784434,1.17524047358083,2.77083333333332));
#4463=CARTESIAN_POINT('Ctrl Pts',(0.,1.17524047358083,2.81249999999998));
#4464=CARTESIAN_POINT('Ctrl Pts',(-0.678525403784433,1.17524047358083,2.85416666666665));
#4465=CARTESIAN_POINT('Ctrl Pts',(-1.01778810567665,0.587620236790413,2.89583333333332));
#4466=CARTESIAN_POINT('Ctrl Pts',(-1.35705080756887,-3.47626587562733E-17,
2.93749999999998));
#4467=CARTESIAN_POINT('Ctrl Pts',(-1.01778810567665,-0.587620236790413,
2.97916666666665));
#4468=CARTESIAN_POINT('Ctrl Pts',(-0.678525403784434,-1.17524047358083,
3.02083333333332));
#4469=CARTESIAN_POINT('Ctrl Pts',(-1.43925448419918E-16,-1.17524047358083,
3.06249999999998));
#4470=CARTESIAN_POINT('Origin',(0.,2.77555756156289E-16,-10.21875));
#4471=CARTESIAN_POINT('',(-1.43925448419918E-16,-1.17524047358083,2.));
#4472=CARTESIAN_POINT('',(-1.43925448419918E-16,-1.17524047358083,2.06249999999998));
#4473=CARTESIAN_POINT('',(-1.43925448419918E-16,-1.17524047358083,-10.21875));
#4474=CARTESIAN_POINT('Ctrl Pts',(-1.43925448419918E-16,-1.17524047358083,
2.));
#4475=CARTESIAN_POINT('Ctrl Pts',(0.678525403784433,-1.17524047358083,2.04166666666667));
#4476=CARTESIAN_POINT('Ctrl Pts',(1.01778810567665,-0.587620236790414,2.08333333333334));
#4477=CARTESIAN_POINT('Ctrl Pts',(1.35705080756887,-3.67871158527912E-16,
2.125));
#4478=CARTESIAN_POINT('Ctrl Pts',(1.01778810567665,0.587620236790412,2.16666666666667));
#4479=CARTESIAN_POINT('Ctrl Pts',(0.678525403784434,1.17524047358083,2.20833333333334));
#4480=CARTESIAN_POINT('Ctrl Pts',(0.,1.17524047358083,2.25));
#4481=CARTESIAN_POINT('Ctrl Pts',(-0.678525403784433,1.17524047358083,2.29166666666667));
#4482=CARTESIAN_POINT('Ctrl Pts',(-1.01778810567665,0.587620236790413,2.33333333333334));
#4483=CARTESIAN_POINT('Ctrl Pts',(-1.35705080756887,-3.52659070608559E-17,
2.375));
#4484=CARTESIAN_POINT('Ctrl Pts',(-1.01778810567665,-0.587620236790413,
2.41666666666667));
#4485=CARTESIAN_POINT('Ctrl Pts',(-0.678525403784434,-1.17524047358083,
2.45833333333334));
#4486=CARTESIAN_POINT('Ctrl Pts',(-1.43925448419918E-16,-1.17524047358083,
2.5));
#4487=CARTESIAN_POINT('Ctrl Pts',(-1.43925448419918E-16,-1.17524047358083,
2.06249999999998));
#4488=CARTESIAN_POINT('Ctrl Pts',(0.678525403784433,-1.17524047358083,2.10416666666665));
#4489=CARTESIAN_POINT('Ctrl Pts',(1.01778810567665,-0.587620236790414,2.14583333333332));
#4490=CARTESIAN_POINT('Ctrl Pts',(1.35705080756887,-3.67815242049626E-16,
2.18749999999998));
#4491=CARTESIAN_POINT('Ctrl Pts',(1.01778810567665,0.587620236790412,2.22916666666665));
#4492=CARTESIAN_POINT('Ctrl Pts',(0.678525403784434,1.17524047358083,2.27083333333332));
#4493=CARTESIAN_POINT('Ctrl Pts',(0.,1.17524047358083,2.31249999999998));
#4494=CARTESIAN_POINT('Ctrl Pts',(-0.678525403784433,1.17524047358083,2.35416666666665));
#4495=CARTESIAN_POINT('Ctrl Pts',(-1.01778810567665,0.587620236790413,2.39583333333332));
#4496=CARTESIAN_POINT('Ctrl Pts',(-1.35705080756887,-3.52099905825689E-17,
2.43749999999998));
#4497=CARTESIAN_POINT('Ctrl Pts',(-1.01778810567665,-0.587620236790413,
2.47916666666665));
#4498=CARTESIAN_POINT('Ctrl Pts',(-0.678525403784434,-1.17524047358083,
2.52083333333332));
#4499=CARTESIAN_POINT('Ctrl Pts',(-1.43925448419918E-16,-1.17524047358083,
2.56249999999998));
#4500=CARTESIAN_POINT('Origin',(0.,2.77555756156289E-16,-10.21875));
#4501=CARTESIAN_POINT('',(-1.43925448419918E-16,-1.17524047358083,1.5));
#4502=CARTESIAN_POINT('',(-1.43925448419918E-16,-1.17524047358083,1.56249999999998));
#4503=CARTESIAN_POINT('',(-1.43925448419918E-16,-1.17524047358083,-10.21875));
#4504=CARTESIAN_POINT('Ctrl Pts',(-1.43925448419918E-16,-1.17524047358083,
1.5));
#4505=CARTESIAN_POINT('Ctrl Pts',(0.678525403784433,-1.17524047358083,1.54166666666667));
#4506=CARTESIAN_POINT('Ctrl Pts',(1.01778810567665,-0.587620236790414,1.58333333333334));
#4507=CARTESIAN_POINT('Ctrl Pts',(1.35705080756887,-3.68318490354208E-16,
1.625));
#4508=CARTESIAN_POINT('Ctrl Pts',(1.01778810567665,0.587620236790412,1.66666666666667));
#4509=CARTESIAN_POINT('Ctrl Pts',(0.678525403784434,1.17524047358083,1.70833333333334));
#4510=CARTESIAN_POINT('Ctrl Pts',(0.,1.17524047358083,1.75));
#4511=CARTESIAN_POINT('Ctrl Pts',(-0.678525403784433,1.17524047358083,1.79166666666667));
#4512=CARTESIAN_POINT('Ctrl Pts',(-1.01778810567665,0.587620236790413,1.83333333333334));
#4513=CARTESIAN_POINT('Ctrl Pts',(-1.35705080756887,-3.57132388871515E-17,
1.875));
#4514=CARTESIAN_POINT('Ctrl Pts',(-1.01778810567665,-0.587620236790413,
1.91666666666667));
#4515=CARTESIAN_POINT('Ctrl Pts',(-0.678525403784434,-1.17524047358083,
1.95833333333334));
#4516=CARTESIAN_POINT('Ctrl Pts',(-1.43925448419918E-16,-1.17524047358083,
2.));
#4517=CARTESIAN_POINT('Ctrl Pts',(-1.43925448419918E-16,-1.17524047358083,
1.56249999999998));
#4518=CARTESIAN_POINT('Ctrl Pts',(0.678525403784433,-1.17524047358083,1.60416666666665));
#4519=CARTESIAN_POINT('Ctrl Pts',(1.01778810567665,-0.587620236790414,1.64583333333332));
#4520=CARTESIAN_POINT('Ctrl Pts',(1.35705080756887,-3.68262573875921E-16,
1.68749999999998));
#4521=CARTESIAN_POINT('Ctrl Pts',(1.01778810567665,0.587620236790412,1.72916666666665));
#4522=CARTESIAN_POINT('Ctrl Pts',(0.678525403784434,1.17524047358083,1.77083333333332));
#4523=CARTESIAN_POINT('Ctrl Pts',(0.,1.17524047358083,1.81249999999998));
#4524=CARTESIAN_POINT('Ctrl Pts',(-0.678525403784433,1.17524047358083,1.85416666666665));
#4525=CARTESIAN_POINT('Ctrl Pts',(-1.01778810567665,0.587620236790413,1.89583333333332));
#4526=CARTESIAN_POINT('Ctrl Pts',(-1.35705080756887,-3.56573224088645E-17,
1.93749999999998));
#4527=CARTESIAN_POINT('Ctrl Pts',(-1.01778810567665,-0.587620236790413,
1.97916666666665));
#4528=CARTESIAN_POINT('Ctrl Pts',(-0.678525403784434,-1.17524047358083,
2.02083333333332));
#4529=CARTESIAN_POINT('Ctrl Pts',(-1.43925448419918E-16,-1.17524047358083,
2.06249999999998));
#4530=CARTESIAN_POINT('Origin',(0.,2.77555756156289E-16,-10.21875));
#4531=CARTESIAN_POINT('',(-1.43925448419918E-16,-1.17524047358083,1.));
#4532=CARTESIAN_POINT('',(-1.43925448419918E-16,-1.17524047358083,1.06249999999998));
#4533=CARTESIAN_POINT('',(-1.43925448419918E-16,-1.17524047358083,-10.21875));
#4534=CARTESIAN_POINT('Ctrl Pts',(-1.43925448419918E-16,-1.17524047358083,
1.));
#4535=CARTESIAN_POINT('Ctrl Pts',(0.678525403784433,-1.17524047358083,1.04166666666667));
#4536=CARTESIAN_POINT('Ctrl Pts',(1.01778810567665,-0.587620236790414,1.08333333333334));
#4537=CARTESIAN_POINT('Ctrl Pts',(1.35705080756887,-3.68765822180504E-16,
1.125));
#4538=CARTESIAN_POINT('Ctrl Pts',(1.01778810567665,0.587620236790412,1.16666666666667));
#4539=CARTESIAN_POINT('Ctrl Pts',(0.678525403784434,1.17524047358083,1.20833333333334));
#4540=CARTESIAN_POINT('Ctrl Pts',(0.,1.17524047358083,1.25));
#4541=CARTESIAN_POINT('Ctrl Pts',(-0.678525403784433,1.17524047358083,1.29166666666667));
#4542=CARTESIAN_POINT('Ctrl Pts',(-1.01778810567665,0.587620236790413,1.33333333333334));
#4543=CARTESIAN_POINT('Ctrl Pts',(-1.35705080756887,-3.61605707134471E-17,
1.375));
#4544=CARTESIAN_POINT('Ctrl Pts',(-1.01778810567665,-0.587620236790413,
1.41666666666667));
#4545=CARTESIAN_POINT('Ctrl Pts',(-0.678525403784434,-1.17524047358083,
1.45833333333334));
#4546=CARTESIAN_POINT('Ctrl Pts',(-1.43925448419918E-16,-1.17524047358083,
1.5));
#4547=CARTESIAN_POINT('Ctrl Pts',(-1.43925448419918E-16,-1.17524047358083,
1.06249999999998));
#4548=CARTESIAN_POINT('Ctrl Pts',(0.678525403784433,-1.17524047358083,1.10416666666665));
#4549=CARTESIAN_POINT('Ctrl Pts',(1.01778810567665,-0.587620236790414,1.14583333333332));
#4550=CARTESIAN_POINT('Ctrl Pts',(1.35705080756887,-3.68709905702217E-16,
1.18749999999998));
#4551=CARTESIAN_POINT('Ctrl Pts',(1.01778810567665,0.587620236790412,1.22916666666665));
#4552=CARTESIAN_POINT('Ctrl Pts',(0.678525403784434,1.17524047358083,1.27083333333332));
#4553=CARTESIAN_POINT('Ctrl Pts',(0.,1.17524047358083,1.31249999999998));
#4554=CARTESIAN_POINT('Ctrl Pts',(-0.678525403784433,1.17524047358083,1.35416666666665));
#4555=CARTESIAN_POINT('Ctrl Pts',(-1.01778810567665,0.587620236790413,1.39583333333332));
#4556=CARTESIAN_POINT('Ctrl Pts',(-1.35705080756887,-3.61046542351602E-17,
1.43749999999998));
#4557=CARTESIAN_POINT('Ctrl Pts',(-1.01778810567665,-0.587620236790413,
1.47916666666665));
#4558=CARTESIAN_POINT('Ctrl Pts',(-0.678525403784434,-1.17524047358083,
1.52083333333332));
#4559=CARTESIAN_POINT('Ctrl Pts',(-1.43925448419918E-16,-1.17524047358083,
1.56249999999998));
#4560=CARTESIAN_POINT('Origin',(0.,2.77555756156289E-16,-10.21875));
#4561=CARTESIAN_POINT('',(-1.43925448419918E-16,-1.17524047358083,0.500000000000004));
#4562=CARTESIAN_POINT('',(-1.43925448419918E-16,-1.17524047358083,0.562499999999983));
#4563=CARTESIAN_POINT('',(-1.43925448419918E-16,-1.17524047358083,-10.21875));
#4564=CARTESIAN_POINT('Ctrl Pts',(-1.43925448419918E-16,-1.17524047358083,
0.500000000000004));
#4565=CARTESIAN_POINT('Ctrl Pts',(0.678525403784433,-1.17524047358083,0.541666666666671));
#4566=CARTESIAN_POINT('Ctrl Pts',(1.01778810567665,-0.587620236790414,0.583333333333338));
#4567=CARTESIAN_POINT('Ctrl Pts',(1.35705080756887,-3.69213154006799E-16,
0.625000000000004));
#4568=CARTESIAN_POINT('Ctrl Pts',(1.01778810567665,0.587620236790412,0.666666666666671));
#4569=CARTESIAN_POINT('Ctrl Pts',(0.678525403784434,1.17524047358083,0.708333333333339));
#4570=CARTESIAN_POINT('Ctrl Pts',(0.,1.17524047358083,0.750000000000004));
#4571=CARTESIAN_POINT('Ctrl Pts',(-0.678525403784433,1.17524047358083,0.791666666666671));
#4572=CARTESIAN_POINT('Ctrl Pts',(-1.01778810567665,0.587620236790413,0.833333333333337));
#4573=CARTESIAN_POINT('Ctrl Pts',(-1.35705080756887,-3.66079025397427E-17,
0.875000000000004));
#4574=CARTESIAN_POINT('Ctrl Pts',(-1.01778810567665,-0.587620236790413,
0.916666666666671));
#4575=CARTESIAN_POINT('Ctrl Pts',(-0.678525403784434,-1.17524047358083,
0.958333333333337));
#4576=CARTESIAN_POINT('Ctrl Pts',(-1.43925448419918E-16,-1.17524047358083,
1.));
#4577=CARTESIAN_POINT('Ctrl Pts',(-1.43925448419918E-16,-1.17524047358083,
0.562499999999983));
#4578=CARTESIAN_POINT('Ctrl Pts',(0.678525403784433,-1.17524047358083,0.60416666666665));
#4579=CARTESIAN_POINT('Ctrl Pts',(1.01778810567665,-0.587620236790414,0.645833333333318));
#4580=CARTESIAN_POINT('Ctrl Pts',(1.35705080756887,-3.69157237528512E-16,
0.687499999999983));
#4581=CARTESIAN_POINT('Ctrl Pts',(1.01778810567665,0.587620236790412,0.729166666666651));
#4582=CARTESIAN_POINT('Ctrl Pts',(0.678525403784434,1.17524047358083,0.770833333333318));
#4583=CARTESIAN_POINT('Ctrl Pts',(0.,1.17524047358083,0.812499999999983));
#4584=CARTESIAN_POINT('Ctrl Pts',(-0.678525403784433,1.17524047358083,0.854166666666651));
#4585=CARTESIAN_POINT('Ctrl Pts',(-1.01778810567665,0.587620236790413,0.895833333333316));
#4586=CARTESIAN_POINT('Ctrl Pts',(-1.35705080756887,-3.65519860614558E-17,
0.937499999999983));
#4587=CARTESIAN_POINT('Ctrl Pts',(-1.01778810567665,-0.587620236790413,
0.979166666666651));
#4588=CARTESIAN_POINT('Ctrl Pts',(-0.678525403784434,-1.17524047358083,
1.02083333333332));
#4589=CARTESIAN_POINT('Ctrl Pts',(-1.43925448419918E-16,-1.17524047358083,
1.06249999999998));
#4590=CARTESIAN_POINT('Origin',(0.,2.77555756156289E-16,-10.21875));
#4591=CARTESIAN_POINT('',(-1.43925448419918E-16,-1.17524047358083,5.20417042793042E-15));
#4592=CARTESIAN_POINT('',(-1.43925448419918E-16,-1.17524047358083,0.0624999999999844));
#4593=CARTESIAN_POINT('',(-1.43925448419918E-16,-1.17524047358083,-10.21875));
#4594=CARTESIAN_POINT('Ctrl Pts',(-1.43925448419918E-16,-1.17524047358083,
5.20417042793042E-15));
#4595=CARTESIAN_POINT('Ctrl Pts',(0.678525403784433,-1.17524047358083,0.0416666666666708));
#4596=CARTESIAN_POINT('Ctrl Pts',(1.01778810567665,-0.587620236790414,0.083333333333338));
#4597=CARTESIAN_POINT('Ctrl Pts',(1.35705080756887,-3.69660485833095E-16,
0.125000000000004));
#4598=CARTESIAN_POINT('Ctrl Pts',(1.01778810567665,0.587620236790412,0.166666666666671));
#4599=CARTESIAN_POINT('Ctrl Pts',(0.678525403784434,1.17524047358083,0.208333333333338));
#4600=CARTESIAN_POINT('Ctrl Pts',(0.,1.17524047358083,0.250000000000004));
#4601=CARTESIAN_POINT('Ctrl Pts',(-0.678525403784433,1.17524047358083,0.291666666666671));
#4602=CARTESIAN_POINT('Ctrl Pts',(-1.01778810567665,0.587620236790413,0.333333333333338));
#4603=CARTESIAN_POINT('Ctrl Pts',(-1.35705080756887,-3.70552343660383E-17,
0.375000000000004));
#4604=CARTESIAN_POINT('Ctrl Pts',(-1.01778810567665,-0.587620236790413,
0.416666666666671));
#4605=CARTESIAN_POINT('Ctrl Pts',(-0.678525403784434,-1.17524047358083,
0.458333333333338));
#4606=CARTESIAN_POINT('Ctrl Pts',(-1.43925448419918E-16,-1.17524047358083,
0.500000000000004));
#4607=CARTESIAN_POINT('Ctrl Pts',(-1.43925448419918E-16,-1.17524047358083,
0.0624999999999844));
#4608=CARTESIAN_POINT('Ctrl Pts',(0.678525403784433,-1.17524047358083,0.10416666666665));
#4609=CARTESIAN_POINT('Ctrl Pts',(1.01778810567665,-0.587620236790414,0.145833333333317));
#4610=CARTESIAN_POINT('Ctrl Pts',(1.35705080756887,-3.69604569354808E-16,
0.187499999999983));
#4611=CARTESIAN_POINT('Ctrl Pts',(1.01778810567665,0.587620236790412,0.22916666666665));
#4612=CARTESIAN_POINT('Ctrl Pts',(0.678525403784434,1.17524047358083,0.270833333333317));
#4613=CARTESIAN_POINT('Ctrl Pts',(0.,1.17524047358083,0.312499999999983));
#4614=CARTESIAN_POINT('Ctrl Pts',(-0.678525403784433,1.17524047358083,0.35416666666665));
#4615=CARTESIAN_POINT('Ctrl Pts',(-1.01778810567665,0.587620236790413,0.395833333333317));
#4616=CARTESIAN_POINT('Ctrl Pts',(-1.35705080756887,-3.69993178877514E-17,
0.437499999999983));
#4617=CARTESIAN_POINT('Ctrl Pts',(-1.01778810567665,-0.587620236790413,
0.47916666666665));
#4618=CARTESIAN_POINT('Ctrl Pts',(-0.678525403784434,-1.17524047358083,
0.520833333333318));
#4619=CARTESIAN_POINT('Ctrl Pts',(-1.43925448419918E-16,-1.17524047358083,
0.562499999999983));
#4620=CARTESIAN_POINT('Origin',(0.,2.77555756156289E-16,-10.21875));
#4621=CARTESIAN_POINT('',(-1.43925448419918E-16,-1.17524047358083,-0.499999999999995));
#4622=CARTESIAN_POINT('',(-1.43925448419918E-16,-1.17524047358083,-0.437500000000016));
#4623=CARTESIAN_POINT('',(-1.43925448419918E-16,-1.17524047358083,-10.21875));
#4624=CARTESIAN_POINT('Ctrl Pts',(-1.43925448419918E-16,-1.17524047358083,
-0.499999999999995));
#4625=CARTESIAN_POINT('Ctrl Pts',(0.678525403784433,-1.17524047358083,-0.45833333333333));
#4626=CARTESIAN_POINT('Ctrl Pts',(1.01778810567665,-0.587620236790414,-0.416666666666662));
#4627=CARTESIAN_POINT('Ctrl Pts',(1.35705080756887,-3.70107817659391E-16,
-0.374999999999995));
#4628=CARTESIAN_POINT('Ctrl Pts',(1.01778810567665,0.587620236790412,-0.33333333333333));
#4629=CARTESIAN_POINT('Ctrl Pts',(0.678525403784434,1.17524047358083,-0.291666666666662));
#4630=CARTESIAN_POINT('Ctrl Pts',(0.,1.17524047358083,-0.249999999999995));
#4631=CARTESIAN_POINT('Ctrl Pts',(-0.678525403784433,1.17524047358083,-0.208333333333329));
#4632=CARTESIAN_POINT('Ctrl Pts',(-1.01778810567665,0.587620236790413,-0.166666666666662));
#4633=CARTESIAN_POINT('Ctrl Pts',(-1.35705080756887,-3.75025661923339E-17,
-0.124999999999995));
#4634=CARTESIAN_POINT('Ctrl Pts',(-1.01778810567665,-0.587620236790413,
-0.0833333333333294));
#4635=CARTESIAN_POINT('Ctrl Pts',(-0.678525403784434,-1.17524047358083,
-0.0416666666666621));
#4636=CARTESIAN_POINT('Ctrl Pts',(-1.43925448419918E-16,-1.17524047358083,
5.20417042793042E-15));
#4637=CARTESIAN_POINT('Ctrl Pts',(-1.43925448419918E-16,-1.17524047358083,
-0.437500000000016));
#4638=CARTESIAN_POINT('Ctrl Pts',(0.678525403784433,-1.17524047358083,-0.39583333333335));
#4639=CARTESIAN_POINT('Ctrl Pts',(1.01778810567665,-0.587620236790414,-0.354166666666683));
#4640=CARTESIAN_POINT('Ctrl Pts',(1.35705080756887,-3.70051901181104E-16,
-0.312500000000016));
#4641=CARTESIAN_POINT('Ctrl Pts',(1.01778810567665,0.587620236790412,-0.27083333333335));
#4642=CARTESIAN_POINT('Ctrl Pts',(0.678525403784434,1.17524047358083,-0.229166666666683));
#4643=CARTESIAN_POINT('Ctrl Pts',(0.,1.17524047358083,-0.187500000000016));
#4644=CARTESIAN_POINT('Ctrl Pts',(-0.678525403784433,1.17524047358083,-0.14583333333335));
#4645=CARTESIAN_POINT('Ctrl Pts',(-1.01778810567665,0.587620236790413,-0.104166666666683));
#4646=CARTESIAN_POINT('Ctrl Pts',(-1.35705080756887,-3.7446649714047E-17,
-0.0625000000000157));
#4647=CARTESIAN_POINT('Ctrl Pts',(-1.01778810567665,-0.587620236790413,
-0.0208333333333501));
#4648=CARTESIAN_POINT('Ctrl Pts',(-0.678525403784434,-1.17524047358083,
0.0208333333333172));
#4649=CARTESIAN_POINT('Ctrl Pts',(-1.43925448419918E-16,-1.17524047358083,
0.0624999999999844));
#4650=CARTESIAN_POINT('Origin',(0.,2.77555756156289E-16,-10.21875));
#4651=CARTESIAN_POINT('',(-1.43925448419918E-16,-1.17524047358083,-0.999999999999996));
#4652=CARTESIAN_POINT('',(-1.43925448419918E-16,-1.17524047358083,-0.937500000000016));
#4653=CARTESIAN_POINT('',(-1.43925448419918E-16,-1.17524047358083,-10.21875));
#4654=CARTESIAN_POINT('Ctrl Pts',(-1.43925448419918E-16,-1.17524047358083,
-0.999999999999996));
#4655=CARTESIAN_POINT('Ctrl Pts',(0.678525403784433,-1.17524047358083,-0.958333333333328));
#4656=CARTESIAN_POINT('Ctrl Pts',(1.01778810567665,-0.587620236790414,-0.916666666666663));
#4657=CARTESIAN_POINT('Ctrl Pts',(1.35705080756887,-3.70555149485686E-16,
-0.874999999999996));
#4658=CARTESIAN_POINT('Ctrl Pts',(1.01778810567665,0.587620236790412,-0.833333333333328));
#4659=CARTESIAN_POINT('Ctrl Pts',(0.678525403784434,1.17524047358083,-0.791666666666663));
#4660=CARTESIAN_POINT('Ctrl Pts',(0.,1.17524047358083,-0.749999999999995));
#4661=CARTESIAN_POINT('Ctrl Pts',(-0.678525403784433,1.17524047358083,-0.708333333333328));
#4662=CARTESIAN_POINT('Ctrl Pts',(-1.01778810567665,0.587620236790413,-0.666666666666663));
#4663=CARTESIAN_POINT('Ctrl Pts',(-1.35705080756887,-3.79498980186295E-17,
-0.624999999999995));
#4664=CARTESIAN_POINT('Ctrl Pts',(-1.01778810567665,-0.587620236790413,
-0.583333333333328));
#4665=CARTESIAN_POINT('Ctrl Pts',(-0.678525403784434,-1.17524047358083,
-0.541666666666663));
#4666=CARTESIAN_POINT('Ctrl Pts',(-1.43925448419918E-16,-1.17524047358083,
-0.499999999999995));
#4667=CARTESIAN_POINT('Ctrl Pts',(-1.43925448419918E-16,-1.17524047358083,
-0.937500000000016));
#4668=CARTESIAN_POINT('Ctrl Pts',(0.678525403784433,-1.17524047358083,-0.895833333333349));
#4669=CARTESIAN_POINT('Ctrl Pts',(1.01778810567665,-0.587620236790414,-0.854166666666684));
#4670=CARTESIAN_POINT('Ctrl Pts',(1.35705080756887,-3.70499233007399E-16,
-0.812500000000016));
#4671=CARTESIAN_POINT('Ctrl Pts',(1.01778810567665,0.587620236790412,-0.770833333333349));
#4672=CARTESIAN_POINT('Ctrl Pts',(0.678525403784434,1.17524047358083,-0.729166666666684));
#4673=CARTESIAN_POINT('Ctrl Pts',(0.,1.17524047358083,-0.687500000000016));
#4674=CARTESIAN_POINT('Ctrl Pts',(-0.678525403784433,1.17524047358083,-0.645833333333349));
#4675=CARTESIAN_POINT('Ctrl Pts',(-1.01778810567665,0.587620236790413,-0.604166666666683));
#4676=CARTESIAN_POINT('Ctrl Pts',(-1.35705080756887,-3.78939815403426E-17,
-0.562500000000016));
#4677=CARTESIAN_POINT('Ctrl Pts',(-1.01778810567665,-0.587620236790413,
-0.520833333333349));
#4678=CARTESIAN_POINT('Ctrl Pts',(-0.678525403784434,-1.17524047358083,
-0.479166666666683));
#4679=CARTESIAN_POINT('Ctrl Pts',(-1.43925448419918E-16,-1.17524047358083,
-0.437500000000016));
#4680=CARTESIAN_POINT('Origin',(0.,2.77555756156289E-16,-10.21875));
#4681=CARTESIAN_POINT('',(-1.43925448419918E-16,-1.17524047358083,-1.5));
#4682=CARTESIAN_POINT('',(-1.43925448419918E-16,-1.17524047358083,-1.43750000000002));
#4683=CARTESIAN_POINT('',(-1.43925448419918E-16,-1.17524047358083,-10.21875));
#4684=CARTESIAN_POINT('Ctrl Pts',(-1.43925448419918E-16,-1.17524047358083,
-1.5));
#4685=CARTESIAN_POINT('Ctrl Pts',(0.678525403784433,-1.17524047358083,-1.45833333333333));
#4686=CARTESIAN_POINT('Ctrl Pts',(1.01778810567665,-0.587620236790414,-1.41666666666666));
#4687=CARTESIAN_POINT('Ctrl Pts',(1.35705080756887,-3.71002481311982E-16,
-1.375));
#4688=CARTESIAN_POINT('Ctrl Pts',(1.01778810567665,0.587620236790412,-1.33333333333333));
#4689=CARTESIAN_POINT('Ctrl Pts',(0.678525403784434,1.17524047358083,-1.29166666666666));
#4690=CARTESIAN_POINT('Ctrl Pts',(0.,1.17524047358083,-1.25));
#4691=CARTESIAN_POINT('Ctrl Pts',(-0.678525403784433,1.17524047358083,-1.20833333333333));
#4692=CARTESIAN_POINT('Ctrl Pts',(-1.01778810567665,0.587620236790413,-1.16666666666666));
#4693=CARTESIAN_POINT('Ctrl Pts',(-1.35705080756887,-3.83972298449252E-17,
-1.125));
#4694=CARTESIAN_POINT('Ctrl Pts',(-1.01778810567665,-0.587620236790413,
-1.08333333333333));
#4695=CARTESIAN_POINT('Ctrl Pts',(-0.678525403784434,-1.17524047358083,
-1.04166666666666));
#4696=CARTESIAN_POINT('Ctrl Pts',(-1.43925448419918E-16,-1.17524047358083,
-0.999999999999996));
#4697=CARTESIAN_POINT('Ctrl Pts',(-1.43925448419918E-16,-1.17524047358083,
-1.43750000000002));
#4698=CARTESIAN_POINT('Ctrl Pts',(0.678525403784433,-1.17524047358083,-1.39583333333335));
#4699=CARTESIAN_POINT('Ctrl Pts',(1.01778810567665,-0.587620236790414,-1.35416666666668));
#4700=CARTESIAN_POINT('Ctrl Pts',(1.35705080756887,-3.70946564833695E-16,
-1.31250000000002));
#4701=CARTESIAN_POINT('Ctrl Pts',(1.01778810567665,0.587620236790412,-1.27083333333335));
#4702=CARTESIAN_POINT('Ctrl Pts',(0.678525403784434,1.17524047358083,-1.22916666666668));
#4703=CARTESIAN_POINT('Ctrl Pts',(0.,1.17524047358083,-1.18750000000002));
#4704=CARTESIAN_POINT('Ctrl Pts',(-0.678525403784433,1.17524047358083,-1.14583333333335));
#4705=CARTESIAN_POINT('Ctrl Pts',(-1.01778810567665,0.587620236790413,-1.10416666666668));
#4706=CARTESIAN_POINT('Ctrl Pts',(-1.35705080756887,-3.83413133666382E-17,
-1.06250000000002));
#4707=CARTESIAN_POINT('Ctrl Pts',(-1.01778810567665,-0.587620236790413,
-1.02083333333335));
#4708=CARTESIAN_POINT('Ctrl Pts',(-0.678525403784434,-1.17524047358083,
-0.979166666666684));
#4709=CARTESIAN_POINT('Ctrl Pts',(-1.43925448419918E-16,-1.17524047358083,
-0.937500000000016));
#4710=CARTESIAN_POINT('Origin',(0.,2.77555756156289E-16,-10.21875));
#4711=CARTESIAN_POINT('',(-1.43925448419918E-16,-1.17524047358083,-1.99999999999999));
#4712=CARTESIAN_POINT('',(-1.43925448419918E-16,-1.17524047358083,-1.93750000000002));
#4713=CARTESIAN_POINT('',(-1.43925448419918E-16,-1.17524047358083,-10.21875));
#4714=CARTESIAN_POINT('Ctrl Pts',(-1.43925448419918E-16,-1.17524047358083,
-1.99999999999999));
#4715=CARTESIAN_POINT('Ctrl Pts',(0.678525403784433,-1.17524047358083,-1.95833333333333));
#4716=CARTESIAN_POINT('Ctrl Pts',(1.01778810567665,-0.587620236790414,-1.91666666666666));
#4717=CARTESIAN_POINT('Ctrl Pts',(1.35705080756887,-3.71449813138277E-16,
-1.87499999999999));
#4718=CARTESIAN_POINT('Ctrl Pts',(1.01778810567665,0.587620236790412,-1.83333333333333));
#4719=CARTESIAN_POINT('Ctrl Pts',(0.678525403784434,1.17524047358083,-1.79166666666666));
#4720=CARTESIAN_POINT('Ctrl Pts',(0.,1.17524047358083,-1.75));
#4721=CARTESIAN_POINT('Ctrl Pts',(-0.678525403784433,1.17524047358083,-1.70833333333333));
#4722=CARTESIAN_POINT('Ctrl Pts',(-1.01778810567665,0.587620236790413,-1.66666666666666));
#4723=CARTESIAN_POINT('Ctrl Pts',(-1.35705080756887,-3.88445616712208E-17,
-1.625));
#4724=CARTESIAN_POINT('Ctrl Pts',(-1.01778810567665,-0.587620236790413,
-1.58333333333333));
#4725=CARTESIAN_POINT('Ctrl Pts',(-0.678525403784434,-1.17524047358083,
-1.54166666666666));
#4726=CARTESIAN_POINT('Ctrl Pts',(-1.43925448419918E-16,-1.17524047358083,
-1.5));
#4727=CARTESIAN_POINT('Ctrl Pts',(-1.43925448419918E-16,-1.17524047358083,
-1.93750000000002));
#4728=CARTESIAN_POINT('Ctrl Pts',(0.678525403784433,-1.17524047358083,-1.89583333333335));
#4729=CARTESIAN_POINT('Ctrl Pts',(1.01778810567665,-0.587620236790414,-1.85416666666668));
#4730=CARTESIAN_POINT('Ctrl Pts',(1.35705080756887,-3.7139389665999E-16,
-1.81250000000002));
#4731=CARTESIAN_POINT('Ctrl Pts',(1.01778810567665,0.587620236790412,-1.77083333333335));
#4732=CARTESIAN_POINT('Ctrl Pts',(0.678525403784434,1.17524047358083,-1.72916666666668));
#4733=CARTESIAN_POINT('Ctrl Pts',(0.,1.17524047358083,-1.68750000000002));
#4734=CARTESIAN_POINT('Ctrl Pts',(-0.678525403784433,1.17524047358083,-1.64583333333335));
#4735=CARTESIAN_POINT('Ctrl Pts',(-1.01778810567665,0.587620236790413,-1.60416666666668));
#4736=CARTESIAN_POINT('Ctrl Pts',(-1.35705080756887,-3.87886451929338E-17,
-1.56250000000002));
#4737=CARTESIAN_POINT('Ctrl Pts',(-1.01778810567665,-0.587620236790413,
-1.52083333333335));
#4738=CARTESIAN_POINT('Ctrl Pts',(-0.678525403784434,-1.17524047358083,
-1.47916666666668));
#4739=CARTESIAN_POINT('Ctrl Pts',(-1.43925448419918E-16,-1.17524047358083,
-1.43750000000002));
#4740=CARTESIAN_POINT('Origin',(0.,2.77555756156289E-16,-10.21875));
#4741=CARTESIAN_POINT('',(-1.43925448419918E-16,-1.17524047358083,-2.5));
#4742=CARTESIAN_POINT('',(-1.43925448419918E-16,-1.17524047358083,-2.43750000000002));
#4743=CARTESIAN_POINT('',(-1.43925448419918E-16,-1.17524047358083,-10.21875));
#4744=CARTESIAN_POINT('Ctrl Pts',(-1.43925448419918E-16,-1.17524047358083,
-2.5));
#4745=CARTESIAN_POINT('Ctrl Pts',(0.678525403784433,-1.17524047358083,-2.45833333333333));
#4746=CARTESIAN_POINT('Ctrl Pts',(1.01778810567665,-0.587620236790414,-2.41666666666666));
#4747=CARTESIAN_POINT('Ctrl Pts',(1.35705080756887,-3.71897144964573E-16,
-2.375));
#4748=CARTESIAN_POINT('Ctrl Pts',(1.01778810567665,0.587620236790412,-2.33333333333333));
#4749=CARTESIAN_POINT('Ctrl Pts',(0.678525403784434,1.17524047358083,-2.29166666666666));
#4750=CARTESIAN_POINT('Ctrl Pts',(0.,1.17524047358083,-2.25));
#4751=CARTESIAN_POINT('Ctrl Pts',(-0.678525403784433,1.17524047358083,-2.20833333333333));
#4752=CARTESIAN_POINT('Ctrl Pts',(-1.01778810567665,0.587620236790413,-2.16666666666666));
#4753=CARTESIAN_POINT('Ctrl Pts',(-1.35705080756887,-3.92918934975164E-17,
-2.125));
#4754=CARTESIAN_POINT('Ctrl Pts',(-1.01778810567665,-0.587620236790413,
-2.08333333333333));
#4755=CARTESIAN_POINT('Ctrl Pts',(-0.678525403784434,-1.17524047358083,
-2.04166666666666));
#4756=CARTESIAN_POINT('Ctrl Pts',(-1.43925448419918E-16,-1.17524047358083,
-1.99999999999999));
#4757=CARTESIAN_POINT('Ctrl Pts',(-1.43925448419918E-16,-1.17524047358083,
-2.43750000000002));
#4758=CARTESIAN_POINT('Ctrl Pts',(0.678525403784433,-1.17524047358083,-2.39583333333335));
#4759=CARTESIAN_POINT('Ctrl Pts',(1.01778810567665,-0.587620236790414,-2.35416666666668));
#4760=CARTESIAN_POINT('Ctrl Pts',(1.35705080756887,-3.71841228486286E-16,
-2.31250000000002));
#4761=CARTESIAN_POINT('Ctrl Pts',(1.01778810567665,0.587620236790412,-2.27083333333335));
#4762=CARTESIAN_POINT('Ctrl Pts',(0.678525403784434,1.17524047358083,-2.22916666666668));
#4763=CARTESIAN_POINT('Ctrl Pts',(0.,1.17524047358083,-2.18750000000002));
#4764=CARTESIAN_POINT('Ctrl Pts',(-0.678525403784433,1.17524047358083,-2.14583333333335));
#4765=CARTESIAN_POINT('Ctrl Pts',(-1.01778810567665,0.587620236790413,-2.10416666666668));
#4766=CARTESIAN_POINT('Ctrl Pts',(-1.35705080756887,-3.92359770192294E-17,
-2.06250000000002));
#4767=CARTESIAN_POINT('Ctrl Pts',(-1.01778810567665,-0.587620236790413,
-2.02083333333335));
#4768=CARTESIAN_POINT('Ctrl Pts',(-0.678525403784434,-1.17524047358083,
-1.97916666666668));
#4769=CARTESIAN_POINT('Ctrl Pts',(-1.43925448419918E-16,-1.17524047358083,
-1.93750000000002));
#4770=CARTESIAN_POINT('Origin',(0.,2.77555756156289E-16,-10.21875));
#4771=CARTESIAN_POINT('',(-1.43925448419918E-16,-1.17524047358083,-3.));
#4772=CARTESIAN_POINT('',(-1.43925448419918E-16,-1.17524047358083,-2.93750000000002));
#4773=CARTESIAN_POINT('',(-1.43925448419918E-16,-1.17524047358083,-10.21875));
#4774=CARTESIAN_POINT('Ctrl Pts',(-1.43925448419918E-16,-1.17524047358083,
-3.));
#4775=CARTESIAN_POINT('Ctrl Pts',(0.678525403784433,-1.17524047358083,-2.95833333333333));
#4776=CARTESIAN_POINT('Ctrl Pts',(1.01778810567665,-0.587620236790414,-2.91666666666666));
#4777=CARTESIAN_POINT('Ctrl Pts',(1.35705080756887,-3.72344476790869E-16,
-2.875));
#4778=CARTESIAN_POINT('Ctrl Pts',(1.01778810567665,0.587620236790412,-2.83333333333333));
#4779=CARTESIAN_POINT('Ctrl Pts',(0.678525403784434,1.17524047358083,-2.79166666666666));
#4780=CARTESIAN_POINT('Ctrl Pts',(0.,1.17524047358083,-2.75));
#4781=CARTESIAN_POINT('Ctrl Pts',(-0.678525403784433,1.17524047358083,-2.70833333333333));
#4782=CARTESIAN_POINT('Ctrl Pts',(-1.01778810567665,0.587620236790413,-2.66666666666666));
#4783=CARTESIAN_POINT('Ctrl Pts',(-1.35705080756887,-3.9739225323812E-17,
-2.625));
#4784=CARTESIAN_POINT('Ctrl Pts',(-1.01778810567665,-0.587620236790413,
-2.58333333333333));
#4785=CARTESIAN_POINT('Ctrl Pts',(-0.678525403784434,-1.17524047358083,
-2.54166666666666));
#4786=CARTESIAN_POINT('Ctrl Pts',(-1.43925448419918E-16,-1.17524047358083,
-2.5));
#4787=CARTESIAN_POINT('Ctrl Pts',(-1.43925448419918E-16,-1.17524047358083,
-2.93750000000002));
#4788=CARTESIAN_POINT('Ctrl Pts',(0.678525403784433,-1.17524047358083,-2.89583333333335));
#4789=CARTESIAN_POINT('Ctrl Pts',(1.01778810567665,-0.587620236790414,-2.85416666666668));
#4790=CARTESIAN_POINT('Ctrl Pts',(1.35705080756887,-3.72288560312582E-16,
-2.81250000000002));
#4791=CARTESIAN_POINT('Ctrl Pts',(1.01778810567665,0.587620236790412,-2.77083333333335));
#4792=CARTESIAN_POINT('Ctrl Pts',(0.678525403784434,1.17524047358083,-2.72916666666668));
#4793=CARTESIAN_POINT('Ctrl Pts',(0.,1.17524047358083,-2.68750000000002));
#4794=CARTESIAN_POINT('Ctrl Pts',(-0.678525403784433,1.17524047358083,-2.64583333333335));
#4795=CARTESIAN_POINT('Ctrl Pts',(-1.01778810567665,0.587620236790413,-2.60416666666668));
#4796=CARTESIAN_POINT('Ctrl Pts',(-1.35705080756887,-3.9683308845525E-17,
-2.56250000000002));
#4797=CARTESIAN_POINT('Ctrl Pts',(-1.01778810567665,-0.587620236790413,
-2.52083333333335));
#4798=CARTESIAN_POINT('Ctrl Pts',(-0.678525403784434,-1.17524047358083,
-2.47916666666668));
#4799=CARTESIAN_POINT('Ctrl Pts',(-1.43925448419918E-16,-1.17524047358083,
-2.43750000000002));
#4800=CARTESIAN_POINT('Origin',(0.,2.77555756156289E-16,-10.21875));
#4801=CARTESIAN_POINT('',(-1.43925448419918E-16,-1.17524047358083,-3.5));
#4802=CARTESIAN_POINT('',(-1.43925448419918E-16,-1.17524047358083,-3.43750000000002));
#4803=CARTESIAN_POINT('',(-1.43925448419918E-16,-1.17524047358083,-10.21875));
#4804=CARTESIAN_POINT('Ctrl Pts',(-1.43925448419918E-16,-1.17524047358083,
-3.5));
#4805=CARTESIAN_POINT('Ctrl Pts',(0.678525403784433,-1.17524047358083,-3.45833333333333));
#4806=CARTESIAN_POINT('Ctrl Pts',(1.01778810567665,-0.587620236790414,-3.41666666666666));
#4807=CARTESIAN_POINT('Ctrl Pts',(1.35705080756887,-3.72791808617164E-16,
-3.375));
#4808=CARTESIAN_POINT('Ctrl Pts',(1.01778810567665,0.587620236790412,-3.33333333333333));
#4809=CARTESIAN_POINT('Ctrl Pts',(0.678525403784434,1.17524047358083,-3.29166666666666));
#4810=CARTESIAN_POINT('Ctrl Pts',(0.,1.17524047358083,-3.25));
#4811=CARTESIAN_POINT('Ctrl Pts',(-0.678525403784433,1.17524047358083,-3.20833333333333));
#4812=CARTESIAN_POINT('Ctrl Pts',(-1.01778810567665,0.587620236790413,-3.16666666666666));
#4813=CARTESIAN_POINT('Ctrl Pts',(-1.35705080756887,-4.01865571501076E-17,
-3.125));
#4814=CARTESIAN_POINT('Ctrl Pts',(-1.01778810567665,-0.587620236790413,
-3.08333333333333));
#4815=CARTESIAN_POINT('Ctrl Pts',(-0.678525403784434,-1.17524047358083,
-3.04166666666666));
#4816=CARTESIAN_POINT('Ctrl Pts',(-1.43925448419918E-16,-1.17524047358083,
-3.));
#4817=CARTESIAN_POINT('Ctrl Pts',(-1.43925448419918E-16,-1.17524047358083,
-3.43750000000002));
#4818=CARTESIAN_POINT('Ctrl Pts',(0.678525403784433,-1.17524047358083,-3.39583333333335));
#4819=CARTESIAN_POINT('Ctrl Pts',(1.01778810567665,-0.587620236790414,-3.35416666666668));
#4820=CARTESIAN_POINT('Ctrl Pts',(1.35705080756887,-3.72735892138877E-16,
-3.31250000000002));
#4821=CARTESIAN_POINT('Ctrl Pts',(1.01778810567665,0.587620236790412,-3.27083333333335));
#4822=CARTESIAN_POINT('Ctrl Pts',(0.678525403784434,1.17524047358083,-3.22916666666668));
#4823=CARTESIAN_POINT('Ctrl Pts',(0.,1.17524047358083,-3.18750000000002));
#4824=CARTESIAN_POINT('Ctrl Pts',(-0.678525403784433,1.17524047358083,-3.14583333333335));
#4825=CARTESIAN_POINT('Ctrl Pts',(-1.01778810567665,0.587620236790413,-3.10416666666668));
#4826=CARTESIAN_POINT('Ctrl Pts',(-1.35705080756887,-4.01306406718207E-17,
-3.06250000000002));
#4827=CARTESIAN_POINT('Ctrl Pts',(-1.01778810567665,-0.587620236790413,
-3.02083333333335));
#4828=CARTESIAN_POINT('Ctrl Pts',(-0.678525403784434,-1.17524047358083,
-2.97916666666668));
#4829=CARTESIAN_POINT('Ctrl Pts',(-1.43925448419918E-16,-1.17524047358083,
-2.93750000000002));
#4830=CARTESIAN_POINT('Origin',(0.,2.77555756156289E-16,-10.21875));
#4831=CARTESIAN_POINT('',(-1.43925448419918E-16,-1.17524047358083,-4.));
#4832=CARTESIAN_POINT('',(-1.43925448419918E-16,-1.17524047358083,-3.93750000000002));
#4833=CARTESIAN_POINT('',(-1.43925448419918E-16,-1.17524047358083,-10.21875));
#4834=CARTESIAN_POINT('Ctrl Pts',(-1.43925448419918E-16,-1.17524047358083,
-4.));
#4835=CARTESIAN_POINT('Ctrl Pts',(0.678525403784433,-1.17524047358083,-3.95833333333333));
#4836=CARTESIAN_POINT('Ctrl Pts',(1.01778810567665,-0.587620236790414,-3.91666666666666));
#4837=CARTESIAN_POINT('Ctrl Pts',(1.35705080756887,-3.7323914044346E-16,
-3.875));
#4838=CARTESIAN_POINT('Ctrl Pts',(1.01778810567665,0.587620236790412,-3.83333333333333));
#4839=CARTESIAN_POINT('Ctrl Pts',(0.678525403784434,1.17524047358083,-3.79166666666666));
#4840=CARTESIAN_POINT('Ctrl Pts',(0.,1.17524047358083,-3.75));
#4841=CARTESIAN_POINT('Ctrl Pts',(-0.678525403784433,1.17524047358083,-3.70833333333333));
#4842=CARTESIAN_POINT('Ctrl Pts',(-1.01778810567665,0.587620236790413,-3.66666666666666));
#4843=CARTESIAN_POINT('Ctrl Pts',(-1.35705080756887,-4.06338889764032E-17,
-3.625));
#4844=CARTESIAN_POINT('Ctrl Pts',(-1.01778810567665,-0.587620236790413,
-3.58333333333333));
#4845=CARTESIAN_POINT('Ctrl Pts',(-0.678525403784434,-1.17524047358083,
-3.54166666666666));
#4846=CARTESIAN_POINT('Ctrl Pts',(-1.43925448419918E-16,-1.17524047358083,
-3.5));
#4847=CARTESIAN_POINT('Ctrl Pts',(-1.43925448419918E-16,-1.17524047358083,
-3.93750000000002));
#4848=CARTESIAN_POINT('Ctrl Pts',(0.678525403784433,-1.17524047358083,-3.89583333333335));
#4849=CARTESIAN_POINT('Ctrl Pts',(1.01778810567665,-0.587620236790414,-3.85416666666668));
#4850=CARTESIAN_POINT('Ctrl Pts',(1.35705080756887,-3.73183223965173E-16,
-3.81250000000002));
#4851=CARTESIAN_POINT('Ctrl Pts',(1.01778810567665,0.587620236790412,-3.77083333333335));
#4852=CARTESIAN_POINT('Ctrl Pts',(0.678525403784434,1.17524047358083,-3.72916666666668));
#4853=CARTESIAN_POINT('Ctrl Pts',(0.,1.17524047358083,-3.68750000000002));
#4854=CARTESIAN_POINT('Ctrl Pts',(-0.678525403784433,1.17524047358083,-3.64583333333335));
#4855=CARTESIAN_POINT('Ctrl Pts',(-1.01778810567665,0.587620236790413,-3.60416666666668));
#4856=CARTESIAN_POINT('Ctrl Pts',(-1.35705080756887,-4.05779724981163E-17,
-3.56250000000002));
#4857=CARTESIAN_POINT('Ctrl Pts',(-1.01778810567665,-0.587620236790413,
-3.52083333333335));
#4858=CARTESIAN_POINT('Ctrl Pts',(-0.678525403784434,-1.17524047358083,
-3.47916666666668));
#4859=CARTESIAN_POINT('Ctrl Pts',(-1.43925448419918E-16,-1.17524047358083,
-3.43750000000002));
#4860=CARTESIAN_POINT('Origin',(0.,2.77555756156289E-16,-10.21875));
#4861=CARTESIAN_POINT('',(-1.43925448419918E-16,-1.17524047358083,-4.49999999999999));
#4862=CARTESIAN_POINT('',(-1.43925448419918E-16,-1.17524047358083,-4.43750000000002));
#4863=CARTESIAN_POINT('',(-1.43925448419918E-16,-1.17524047358083,-10.21875));
#4864=CARTESIAN_POINT('Ctrl Pts',(-1.43925448419918E-16,-1.17524047358083,
-4.49999999999999));
#4865=CARTESIAN_POINT('Ctrl Pts',(0.678525403784433,-1.17524047358083,-4.45833333333333));
#4866=CARTESIAN_POINT('Ctrl Pts',(1.01778810567665,-0.587620236790414,-4.41666666666666));
#4867=CARTESIAN_POINT('Ctrl Pts',(1.35705080756887,-3.73686472269755E-16,
-4.37499999999999));
#4868=CARTESIAN_POINT('Ctrl Pts',(1.01778810567665,0.587620236790412,-4.33333333333333));
#4869=CARTESIAN_POINT('Ctrl Pts',(0.678525403784434,1.17524047358083,-4.29166666666666));
#4870=CARTESIAN_POINT('Ctrl Pts',(0.,1.17524047358083,-4.24999999999999));
#4871=CARTESIAN_POINT('Ctrl Pts',(-0.678525403784433,1.17524047358083,-4.20833333333333));
#4872=CARTESIAN_POINT('Ctrl Pts',(-1.01778810567665,0.587620236790413,-4.16666666666666));
#4873=CARTESIAN_POINT('Ctrl Pts',(-1.35705080756887,-4.10812208026988E-17,
-4.125));
#4874=CARTESIAN_POINT('Ctrl Pts',(-1.01778810567665,-0.587620236790413,
-4.08333333333333));
#4875=CARTESIAN_POINT('Ctrl Pts',(-0.678525403784434,-1.17524047358083,
-4.04166666666666));
#4876=CARTESIAN_POINT('Ctrl Pts',(-1.43925448419918E-16,-1.17524047358083,
-4.));
#4877=CARTESIAN_POINT('Ctrl Pts',(-1.43925448419918E-16,-1.17524047358083,
-4.43750000000002));
#4878=CARTESIAN_POINT('Ctrl Pts',(0.678525403784433,-1.17524047358083,-4.39583333333335));
#4879=CARTESIAN_POINT('Ctrl Pts',(1.01778810567665,-0.587620236790414,-4.35416666666668));
#4880=CARTESIAN_POINT('Ctrl Pts',(1.35705080756887,-3.73630555791468E-16,
-4.31250000000002));
#4881=CARTESIAN_POINT('Ctrl Pts',(1.01778810567665,0.587620236790412,-4.27083333333335));
#4882=CARTESIAN_POINT('Ctrl Pts',(0.678525403784434,1.17524047358083,-4.22916666666668));
#4883=CARTESIAN_POINT('Ctrl Pts',(0.,1.17524047358083,-4.18750000000002));
#4884=CARTESIAN_POINT('Ctrl Pts',(-0.678525403784433,1.17524047358083,-4.14583333333335));
#4885=CARTESIAN_POINT('Ctrl Pts',(-1.01778810567665,0.587620236790413,-4.10416666666668));
#4886=CARTESIAN_POINT('Ctrl Pts',(-1.35705080756887,-4.10253043244119E-17,
-4.06250000000002));
#4887=CARTESIAN_POINT('Ctrl Pts',(-1.01778810567665,-0.587620236790413,
-4.02083333333335));
#4888=CARTESIAN_POINT('Ctrl Pts',(-0.678525403784434,-1.17524047358083,
-3.97916666666668));
#4889=CARTESIAN_POINT('Ctrl Pts',(-1.43925448419918E-16,-1.17524047358083,
-3.93750000000002));
#4890=CARTESIAN_POINT('Origin',(0.,2.77555756156289E-16,-10.21875));
#4891=CARTESIAN_POINT('',(-1.43925448419918E-16,-1.17524047358083,-5.));
#4892=CARTESIAN_POINT('',(-1.43925448419918E-16,-1.17524047358083,-4.93750000000002));
#4893=CARTESIAN_POINT('',(-1.43925448419918E-16,-1.17524047358083,-10.21875));
#4894=CARTESIAN_POINT('Ctrl Pts',(-1.43925448419918E-16,-1.17524047358083,
-5.));
#4895=CARTESIAN_POINT('Ctrl Pts',(0.678525403784433,-1.17524047358083,-4.95833333333333));
#4896=CARTESIAN_POINT('Ctrl Pts',(1.01778810567665,-0.587620236790414,-4.91666666666666));
#4897=CARTESIAN_POINT('Ctrl Pts',(1.35705080756887,-3.74133804096051E-16,
-4.875));
#4898=CARTESIAN_POINT('Ctrl Pts',(1.01778810567665,0.587620236790412,-4.83333333333333));
#4899=CARTESIAN_POINT('Ctrl Pts',(0.678525403784434,1.17524047358083,-4.79166666666666));
#4900=CARTESIAN_POINT('Ctrl Pts',(0.,1.17524047358083,-4.75));
#4901=CARTESIAN_POINT('Ctrl Pts',(-0.678525403784433,1.17524047358083,-4.70833333333333));
#4902=CARTESIAN_POINT('Ctrl Pts',(-1.01778810567665,0.587620236790413,-4.66666666666666));
#4903=CARTESIAN_POINT('Ctrl Pts',(-1.35705080756887,-4.15285526289944E-17,
-4.625));
#4904=CARTESIAN_POINT('Ctrl Pts',(-1.01778810567665,-0.587620236790413,
-4.58333333333333));
#4905=CARTESIAN_POINT('Ctrl Pts',(-0.678525403784434,-1.17524047358083,
-4.54166666666666));
#4906=CARTESIAN_POINT('Ctrl Pts',(-1.43925448419918E-16,-1.17524047358083,
-4.49999999999999));
#4907=CARTESIAN_POINT('Ctrl Pts',(-1.43925448419918E-16,-1.17524047358083,
-4.93750000000002));
#4908=CARTESIAN_POINT('Ctrl Pts',(0.678525403784433,-1.17524047358083,-4.89583333333335));
#4909=CARTESIAN_POINT('Ctrl Pts',(1.01778810567665,-0.587620236790414,-4.85416666666668));
#4910=CARTESIAN_POINT('Ctrl Pts',(1.35705080756887,-3.74077887617764E-16,
-4.81250000000002));
#4911=CARTESIAN_POINT('Ctrl Pts',(1.01778810567665,0.587620236790412,-4.77083333333335));
#4912=CARTESIAN_POINT('Ctrl Pts',(0.678525403784434,1.17524047358083,-4.72916666666668));
#4913=CARTESIAN_POINT('Ctrl Pts',(0.,1.17524047358083,-4.68750000000002));
#4914=CARTESIAN_POINT('Ctrl Pts',(-0.678525403784433,1.17524047358083,-4.64583333333335));
#4915=CARTESIAN_POINT('Ctrl Pts',(-1.01778810567665,0.587620236790413,-4.60416666666668));
#4916=CARTESIAN_POINT('Ctrl Pts',(-1.35705080756887,-4.14726361507075E-17,
-4.56250000000002));
#4917=CARTESIAN_POINT('Ctrl Pts',(-1.01778810567665,-0.587620236790413,
-4.52083333333335));
#4918=CARTESIAN_POINT('Ctrl Pts',(-0.678525403784434,-1.17524047358083,
-4.47916666666668));
#4919=CARTESIAN_POINT('Ctrl Pts',(-1.43925448419918E-16,-1.17524047358083,
-4.43750000000002));
#4920=CARTESIAN_POINT('Origin',(0.,2.77555756156289E-16,-10.21875));
#4921=CARTESIAN_POINT('',(-1.43925448419918E-16,-1.17524047358083,-5.49999999999999));
#4922=CARTESIAN_POINT('',(-1.43925448419918E-16,-1.17524047358083,-5.43750000000002));
#4923=CARTESIAN_POINT('',(-1.43925448419918E-16,-1.17524047358083,-10.21875));
#4924=CARTESIAN_POINT('Ctrl Pts',(-1.43925448419918E-16,-1.17524047358083,
-5.49999999999999));
#4925=CARTESIAN_POINT('Ctrl Pts',(0.678525403784433,-1.17524047358083,-5.45833333333333));
#4926=CARTESIAN_POINT('Ctrl Pts',(1.01778810567665,-0.587620236790414,-5.41666666666666));
#4927=CARTESIAN_POINT('Ctrl Pts',(1.35705080756887,-3.74581135922347E-16,
-5.375));
#4928=CARTESIAN_POINT('Ctrl Pts',(1.01778810567665,0.587620236790412,-5.33333333333333));
#4929=CARTESIAN_POINT('Ctrl Pts',(0.678525403784434,1.17524047358083,-5.29166666666666));
#4930=CARTESIAN_POINT('Ctrl Pts',(0.,1.17524047358083,-5.24999999999999));
#4931=CARTESIAN_POINT('Ctrl Pts',(-0.678525403784433,1.17524047358083,-5.20833333333333));
#4932=CARTESIAN_POINT('Ctrl Pts',(-1.01778810567665,0.587620236790413,-5.16666666666666));
#4933=CARTESIAN_POINT('Ctrl Pts',(-1.35705080756887,-4.197588445529E-17,
-5.12499999999999));
#4934=CARTESIAN_POINT('Ctrl Pts',(-1.01778810567665,-0.587620236790413,
-5.08333333333333));
#4935=CARTESIAN_POINT('Ctrl Pts',(-0.678525403784434,-1.17524047358083,
-5.04166666666666));
#4936=CARTESIAN_POINT('Ctrl Pts',(-1.43925448419918E-16,-1.17524047358083,
-5.));
#4937=CARTESIAN_POINT('Ctrl Pts',(-1.43925448419918E-16,-1.17524047358083,
-5.43750000000002));
#4938=CARTESIAN_POINT('Ctrl Pts',(0.678525403784433,-1.17524047358083,-5.39583333333335));
#4939=CARTESIAN_POINT('Ctrl Pts',(1.01778810567665,-0.587620236790414,-5.35416666666668));
#4940=CARTESIAN_POINT('Ctrl Pts',(1.35705080756887,-3.7452521944406E-16,
-5.31250000000002));
#4941=CARTESIAN_POINT('Ctrl Pts',(1.01778810567665,0.587620236790412,-5.27083333333335));
#4942=CARTESIAN_POINT('Ctrl Pts',(0.678525403784434,1.17524047358083,-5.22916666666668));
#4943=CARTESIAN_POINT('Ctrl Pts',(0.,1.17524047358083,-5.18750000000002));
#4944=CARTESIAN_POINT('Ctrl Pts',(-0.678525403784433,1.17524047358083,-5.14583333333335));
#4945=CARTESIAN_POINT('Ctrl Pts',(-1.01778810567665,0.587620236790413,-5.10416666666668));
#4946=CARTESIAN_POINT('Ctrl Pts',(-1.35705080756887,-4.19199679770031E-17,
-5.06250000000002));
#4947=CARTESIAN_POINT('Ctrl Pts',(-1.01778810567665,-0.587620236790413,
-5.02083333333335));
#4948=CARTESIAN_POINT('Ctrl Pts',(-0.678525403784434,-1.17524047358083,
-4.97916666666668));
#4949=CARTESIAN_POINT('Ctrl Pts',(-1.43925448419918E-16,-1.17524047358083,
-4.93750000000002));
#4950=CARTESIAN_POINT('Origin',(0.,2.77555756156289E-16,-10.21875));
#4951=CARTESIAN_POINT('',(-1.43925448419918E-16,-1.17524047358083,-6.));
#4952=CARTESIAN_POINT('',(-1.43925448419918E-16,-1.17524047358083,-5.93750000000002));
#4953=CARTESIAN_POINT('',(-1.43925448419918E-16,-1.17524047358083,-10.21875));
#4954=CARTESIAN_POINT('Ctrl Pts',(-1.43925448419918E-16,-1.17524047358083,
-6.));
#4955=CARTESIAN_POINT('Ctrl Pts',(0.678525403784433,-1.17524047358083,-5.95833333333333));
#4956=CARTESIAN_POINT('Ctrl Pts',(1.01778810567665,-0.587620236790414,-5.91666666666666));
#4957=CARTESIAN_POINT('Ctrl Pts',(1.35705080756887,-3.75028467748642E-16,
-5.875));
#4958=CARTESIAN_POINT('Ctrl Pts',(1.01778810567665,0.587620236790412,-5.83333333333333));
#4959=CARTESIAN_POINT('Ctrl Pts',(0.678525403784434,1.17524047358083,-5.79166666666666));
#4960=CARTESIAN_POINT('Ctrl Pts',(0.,1.17524047358083,-5.74999999999999));
#4961=CARTESIAN_POINT('Ctrl Pts',(-0.678525403784433,1.17524047358083,-5.70833333333333));
#4962=CARTESIAN_POINT('Ctrl Pts',(-1.01778810567665,0.587620236790413,-5.66666666666666));
#4963=CARTESIAN_POINT('Ctrl Pts',(-1.35705080756887,-4.24232162815856E-17,
-5.625));
#4964=CARTESIAN_POINT('Ctrl Pts',(-1.01778810567665,-0.587620236790413,
-5.58333333333333));
#4965=CARTESIAN_POINT('Ctrl Pts',(-0.678525403784434,-1.17524047358083,
-5.54166666666666));
#4966=CARTESIAN_POINT('Ctrl Pts',(-1.43925448419918E-16,-1.17524047358083,
-5.49999999999999));
#4967=CARTESIAN_POINT('Ctrl Pts',(-1.43925448419918E-16,-1.17524047358083,
-5.93750000000002));
#4968=CARTESIAN_POINT('Ctrl Pts',(0.678525403784433,-1.17524047358083,-5.89583333333335));
#4969=CARTESIAN_POINT('Ctrl Pts',(1.01778810567665,-0.587620236790414,-5.85416666666668));
#4970=CARTESIAN_POINT('Ctrl Pts',(1.35705080756887,-3.74972551270355E-16,
-5.81250000000002));
#4971=CARTESIAN_POINT('Ctrl Pts',(1.01778810567665,0.587620236790412,-5.77083333333335));
#4972=CARTESIAN_POINT('Ctrl Pts',(0.678525403784434,1.17524047358083,-5.72916666666668));
#4973=CARTESIAN_POINT('Ctrl Pts',(0.,1.17524047358083,-5.68750000000002));
#4974=CARTESIAN_POINT('Ctrl Pts',(-0.678525403784433,1.17524047358083,-5.64583333333335));
#4975=CARTESIAN_POINT('Ctrl Pts',(-1.01778810567665,0.587620236790413,-5.60416666666668));
#4976=CARTESIAN_POINT('Ctrl Pts',(-1.35705080756887,-4.23672998032987E-17,
-5.56250000000002));
#4977=CARTESIAN_POINT('Ctrl Pts',(-1.01778810567665,-0.587620236790413,
-5.52083333333335));
#4978=CARTESIAN_POINT('Ctrl Pts',(-0.678525403784434,-1.17524047358083,
-5.47916666666668));
#4979=CARTESIAN_POINT('Ctrl Pts',(-1.43925448419918E-16,-1.17524047358083,
-5.43750000000002));
#4980=CARTESIAN_POINT('Origin',(0.,2.77555756156289E-16,-10.21875));
#4981=CARTESIAN_POINT('',(-1.43925448419918E-16,-1.17524047358083,-6.5));
#4982=CARTESIAN_POINT('',(-1.43925448419918E-16,-1.17524047358083,-6.43750000000002));
#4983=CARTESIAN_POINT('',(-1.43925448419918E-16,-1.17524047358083,-10.21875));
#4984=CARTESIAN_POINT('Ctrl Pts',(-1.43925448419918E-16,-1.17524047358083,
-6.5));
#4985=CARTESIAN_POINT('Ctrl Pts',(0.678525403784433,-1.17524047358083,-6.45833333333333));
#4986=CARTESIAN_POINT('Ctrl Pts',(1.01778810567665,-0.587620236790414,-6.41666666666666));
#4987=CARTESIAN_POINT('Ctrl Pts',(1.35705080756887,-3.75475799574938E-16,
-6.37499999999999));
#4988=CARTESIAN_POINT('Ctrl Pts',(1.01778810567665,0.587620236790412,-6.33333333333333));
#4989=CARTESIAN_POINT('Ctrl Pts',(0.678525403784434,1.17524047358083,-6.29166666666666));
#4990=CARTESIAN_POINT('Ctrl Pts',(0.,1.17524047358083,-6.25));
#4991=CARTESIAN_POINT('Ctrl Pts',(-0.678525403784433,1.17524047358083,-6.20833333333333));
#4992=CARTESIAN_POINT('Ctrl Pts',(-1.01778810567665,0.587620236790413,-6.16666666666666));
#4993=CARTESIAN_POINT('Ctrl Pts',(-1.35705080756887,-4.28705481078812E-17,
-6.12499999999999));
#4994=CARTESIAN_POINT('Ctrl Pts',(-1.01778810567665,-0.587620236790413,
-6.08333333333333));
#4995=CARTESIAN_POINT('Ctrl Pts',(-0.678525403784434,-1.17524047358083,
-6.04166666666666));
#4996=CARTESIAN_POINT('Ctrl Pts',(-1.43925448419918E-16,-1.17524047358083,
-6.));
#4997=CARTESIAN_POINT('Ctrl Pts',(-1.43925448419918E-16,-1.17524047358083,
-6.43750000000002));
#4998=CARTESIAN_POINT('Ctrl Pts',(0.678525403784433,-1.17524047358083,-6.39583333333335));
#4999=CARTESIAN_POINT('Ctrl Pts',(1.01778810567665,-0.587620236790414,-6.35416666666668));
#5000=CARTESIAN_POINT('Ctrl Pts',(1.35705080756887,-3.75419883096651E-16,
-6.31250000000002));
#5001=CARTESIAN_POINT('Ctrl Pts',(1.01778810567665,0.587620236790412,-6.27083333333335));
#5002=CARTESIAN_POINT('Ctrl Pts',(0.678525403784434,1.17524047358083,-6.22916666666668));
#5003=CARTESIAN_POINT('Ctrl Pts',(0.,1.17524047358083,-6.18750000000002));
#5004=CARTESIAN_POINT('Ctrl Pts',(-0.678525403784433,1.17524047358083,-6.14583333333335));
#5005=CARTESIAN_POINT('Ctrl Pts',(-1.01778810567665,0.587620236790413,-6.10416666666668));
#5006=CARTESIAN_POINT('Ctrl Pts',(-1.35705080756887,-4.28146316295943E-17,
-6.06250000000002));
#5007=CARTESIAN_POINT('Ctrl Pts',(-1.01778810567665,-0.587620236790413,
-6.02083333333335));
#5008=CARTESIAN_POINT('Ctrl Pts',(-0.678525403784434,-1.17524047358083,
-5.97916666666668));
#5009=CARTESIAN_POINT('Ctrl Pts',(-1.43925448419918E-16,-1.17524047358083,
-5.93750000000002));
#5010=CARTESIAN_POINT('Origin',(0.,2.77555756156289E-16,-10.21875));
#5011=CARTESIAN_POINT('',(-1.43925448419918E-16,-1.17524047358083,-7.));
#5012=CARTESIAN_POINT('',(-1.43925448419918E-16,-1.17524047358083,-6.93750000000002));
#5013=CARTESIAN_POINT('',(-1.43925448419918E-16,-1.17524047358083,-10.21875));
#5014=CARTESIAN_POINT('Ctrl Pts',(-1.43925448419918E-16,-1.17524047358083,
-7.));
#5015=CARTESIAN_POINT('Ctrl Pts',(0.678525403784433,-1.17524047358083,-6.95833333333333));
#5016=CARTESIAN_POINT('Ctrl Pts',(1.01778810567665,-0.587620236790414,-6.91666666666666));
#5017=CARTESIAN_POINT('Ctrl Pts',(1.35705080756887,-3.75923131401233E-16,
-6.875));
#5018=CARTESIAN_POINT('Ctrl Pts',(1.01778810567665,0.587620236790412,-6.83333333333333));
#5019=CARTESIAN_POINT('Ctrl Pts',(0.678525403784434,1.17524047358083,-6.79166666666666));
#5020=CARTESIAN_POINT('Ctrl Pts',(0.,1.17524047358083,-6.75));
#5021=CARTESIAN_POINT('Ctrl Pts',(-0.678525403784433,1.17524047358083,-6.70833333333333));
#5022=CARTESIAN_POINT('Ctrl Pts',(-1.01778810567665,0.587620236790413,-6.66666666666666));
#5023=CARTESIAN_POINT('Ctrl Pts',(-1.35705080756887,-4.33178799341769E-17,
-6.625));
#5024=CARTESIAN_POINT('Ctrl Pts',(-1.01778810567665,-0.587620236790413,
-6.58333333333333));
#5025=CARTESIAN_POINT('Ctrl Pts',(-0.678525403784434,-1.17524047358083,
-6.54166666666666));
#5026=CARTESIAN_POINT('Ctrl Pts',(-1.43925448419918E-16,-1.17524047358083,
-6.5));
#5027=CARTESIAN_POINT('Ctrl Pts',(-1.43925448419918E-16,-1.17524047358083,
-6.93750000000002));
#5028=CARTESIAN_POINT('Ctrl Pts',(0.678525403784433,-1.17524047358083,-6.89583333333335));
#5029=CARTESIAN_POINT('Ctrl Pts',(1.01778810567665,-0.587620236790414,-6.85416666666668));
#5030=CARTESIAN_POINT('Ctrl Pts',(1.35705080756887,-3.75867214922946E-16,
-6.81250000000002));
#5031=CARTESIAN_POINT('Ctrl Pts',(1.01778810567665,0.587620236790412,-6.77083333333335));
#5032=CARTESIAN_POINT('Ctrl Pts',(0.678525403784434,1.17524047358083,-6.72916666666668));
#5033=CARTESIAN_POINT('Ctrl Pts',(0.,1.17524047358083,-6.68750000000002));
#5034=CARTESIAN_POINT('Ctrl Pts',(-0.678525403784433,1.17524047358083,-6.64583333333335));
#5035=CARTESIAN_POINT('Ctrl Pts',(-1.01778810567665,0.587620236790413,-6.60416666666668));
#5036=CARTESIAN_POINT('Ctrl Pts',(-1.35705080756887,-4.32619634558899E-17,
-6.56250000000002));
#5037=CARTESIAN_POINT('Ctrl Pts',(-1.01778810567665,-0.587620236790413,
-6.52083333333335));
#5038=CARTESIAN_POINT('Ctrl Pts',(-0.678525403784434,-1.17524047358083,
-6.47916666666668));
#5039=CARTESIAN_POINT('Ctrl Pts',(-1.43925448419918E-16,-1.17524047358083,
-6.43750000000002));
#5040=CARTESIAN_POINT('Origin',(0.,2.77555756156289E-16,-10.21875));
#5041=CARTESIAN_POINT('',(-1.43925448419918E-16,-1.17524047358083,-7.5));
#5042=CARTESIAN_POINT('',(-1.43925448419918E-16,-1.17524047358083,-7.43750000000002));
#5043=CARTESIAN_POINT('',(-1.43925448419918E-16,-1.17524047358083,-10.21875));
#5044=CARTESIAN_POINT('Ctrl Pts',(-1.43925448419918E-16,-1.17524047358083,
-7.5));
#5045=CARTESIAN_POINT('Ctrl Pts',(0.678525403784433,-1.17524047358083,-7.45833333333333));
#5046=CARTESIAN_POINT('Ctrl Pts',(1.01778810567665,-0.587620236790414,-7.41666666666666));
#5047=CARTESIAN_POINT('Ctrl Pts',(1.35705080756887,-3.76370463227529E-16,
-7.37499999999999));
#5048=CARTESIAN_POINT('Ctrl Pts',(1.01778810567665,0.587620236790412,-7.33333333333333));
#5049=CARTESIAN_POINT('Ctrl Pts',(0.678525403784434,1.17524047358083,-7.29166666666666));
#5050=CARTESIAN_POINT('Ctrl Pts',(0.,1.17524047358083,-7.25));
#5051=CARTESIAN_POINT('Ctrl Pts',(-0.678525403784433,1.17524047358083,-7.20833333333333));
#5052=CARTESIAN_POINT('Ctrl Pts',(-1.01778810567665,0.587620236790413,-7.16666666666666));
#5053=CARTESIAN_POINT('Ctrl Pts',(-1.35705080756887,-4.37652117604725E-17,
-7.125));
#5054=CARTESIAN_POINT('Ctrl Pts',(-1.01778810567665,-0.587620236790413,
-7.08333333333333));
#5055=CARTESIAN_POINT('Ctrl Pts',(-0.678525403784434,-1.17524047358083,
-7.04166666666666));
#5056=CARTESIAN_POINT('Ctrl Pts',(-1.43925448419918E-16,-1.17524047358083,
-7.));
#5057=CARTESIAN_POINT('Ctrl Pts',(-1.43925448419918E-16,-1.17524047358083,
-7.43750000000002));
#5058=CARTESIAN_POINT('Ctrl Pts',(0.678525403784433,-1.17524047358083,-7.39583333333335));
#5059=CARTESIAN_POINT('Ctrl Pts',(1.01778810567665,-0.587620236790414,-7.35416666666668));
#5060=CARTESIAN_POINT('Ctrl Pts',(1.35705080756887,-3.76314546749242E-16,
-7.31250000000002));
#5061=CARTESIAN_POINT('Ctrl Pts',(1.01778810567665,0.587620236790412,-7.27083333333335));
#5062=CARTESIAN_POINT('Ctrl Pts',(0.678525403784434,1.17524047358083,-7.22916666666668));
#5063=CARTESIAN_POINT('Ctrl Pts',(0.,1.17524047358083,-7.18750000000002));
#5064=CARTESIAN_POINT('Ctrl Pts',(-0.678525403784433,1.17524047358083,-7.14583333333335));
#5065=CARTESIAN_POINT('Ctrl Pts',(-1.01778810567665,0.587620236790413,-7.10416666666668));
#5066=CARTESIAN_POINT('Ctrl Pts',(-1.35705080756887,-4.37092952821855E-17,
-7.06250000000002));
#5067=CARTESIAN_POINT('Ctrl Pts',(-1.01778810567665,-0.587620236790413,
-7.02083333333335));
#5068=CARTESIAN_POINT('Ctrl Pts',(-0.678525403784434,-1.17524047358083,
-6.97916666666668));
#5069=CARTESIAN_POINT('Ctrl Pts',(-1.43925448419918E-16,-1.17524047358083,
-6.93750000000002));
#5070=CARTESIAN_POINT('Origin',(0.,2.77555756156289E-16,-10.21875));
#5071=CARTESIAN_POINT('',(-1.43925448419918E-16,-1.17524047358083,-7.99999999999999));
#5072=CARTESIAN_POINT('',(-1.43925448419918E-16,-1.17524047358083,-7.93750000000002));
#5073=CARTESIAN_POINT('',(-1.43925448419918E-16,-1.17524047358083,-10.21875));
#5074=CARTESIAN_POINT('Ctrl Pts',(-1.43925448419918E-16,-1.17524047358083,
-7.99999999999999));
#5075=CARTESIAN_POINT('Ctrl Pts',(0.678525403784433,-1.17524047358083,-7.95833333333333));
#5076=CARTESIAN_POINT('Ctrl Pts',(1.01778810567665,-0.587620236790414,-7.91666666666666));
#5077=CARTESIAN_POINT('Ctrl Pts',(1.35705080756887,-3.76817795053825E-16,
-7.875));
#5078=CARTESIAN_POINT('Ctrl Pts',(1.01778810567665,0.587620236790412,-7.83333333333333));
#5079=CARTESIAN_POINT('Ctrl Pts',(0.678525403784434,1.17524047358083,-7.79166666666666));
#5080=CARTESIAN_POINT('Ctrl Pts',(0.,1.17524047358083,-7.74999999999999));
#5081=CARTESIAN_POINT('Ctrl Pts',(-0.678525403784433,1.17524047358083,-7.70833333333333));
#5082=CARTESIAN_POINT('Ctrl Pts',(-1.01778810567665,0.587620236790413,-7.66666666666666));
#5083=CARTESIAN_POINT('Ctrl Pts',(-1.35705080756887,-4.42125435867681E-17,
-7.62499999999999));
#5084=CARTESIAN_POINT('Ctrl Pts',(-1.01778810567665,-0.587620236790413,
-7.58333333333333));
#5085=CARTESIAN_POINT('Ctrl Pts',(-0.678525403784434,-1.17524047358083,
-7.54166666666666));
#5086=CARTESIAN_POINT('Ctrl Pts',(-1.43925448419918E-16,-1.17524047358083,
-7.5));
#5087=CARTESIAN_POINT('Ctrl Pts',(-1.43925448419918E-16,-1.17524047358083,
-7.93750000000002));
#5088=CARTESIAN_POINT('Ctrl Pts',(0.678525403784433,-1.17524047358083,-7.89583333333335));
#5089=CARTESIAN_POINT('Ctrl Pts',(1.01778810567665,-0.587620236790414,-7.85416666666668));
#5090=CARTESIAN_POINT('Ctrl Pts',(1.35705080756887,-3.76761878575538E-16,
-7.81250000000002));
#5091=CARTESIAN_POINT('Ctrl Pts',(1.01778810567665,0.587620236790412,-7.77083333333335));
#5092=CARTESIAN_POINT('Ctrl Pts',(0.678525403784434,1.17524047358083,-7.72916666666668));
#5093=CARTESIAN_POINT('Ctrl Pts',(0.,1.17524047358083,-7.68750000000002));
#5094=CARTESIAN_POINT('Ctrl Pts',(-0.678525403784433,1.17524047358083,-7.64583333333335));
#5095=CARTESIAN_POINT('Ctrl Pts',(-1.01778810567665,0.587620236790413,-7.60416666666668));
#5096=CARTESIAN_POINT('Ctrl Pts',(-1.35705080756887,-4.41566271084811E-17,
-7.56250000000002));
#5097=CARTESIAN_POINT('Ctrl Pts',(-1.01778810567665,-0.587620236790413,
-7.52083333333335));
#5098=CARTESIAN_POINT('Ctrl Pts',(-0.678525403784434,-1.17524047358083,
-7.47916666666668));
#5099=CARTESIAN_POINT('Ctrl Pts',(-1.43925448419918E-16,-1.17524047358083,
-7.43750000000002));
#5100=CARTESIAN_POINT('Origin',(0.,2.77555756156289E-16,-10.21875));
#5101=CARTESIAN_POINT('',(-1.43925448419918E-16,-1.17524047358083,-8.49999999999999));
#5102=CARTESIAN_POINT('',(-1.43925448419918E-16,-1.17524047358083,-8.43750000000002));
#5103=CARTESIAN_POINT('',(-1.43925448419918E-16,-1.17524047358083,-10.21875));
#5104=CARTESIAN_POINT('Ctrl Pts',(-1.43925448419918E-16,-1.17524047358083,
-8.49999999999999));
#5105=CARTESIAN_POINT('Ctrl Pts',(0.678525403784433,-1.17524047358083,-8.45833333333333));
#5106=CARTESIAN_POINT('Ctrl Pts',(1.01778810567665,-0.587620236790414,-8.41666666666666));
#5107=CARTESIAN_POINT('Ctrl Pts',(1.35705080756887,-3.7726512688012E-16,
-8.375));
#5108=CARTESIAN_POINT('Ctrl Pts',(1.01778810567665,0.587620236790412,-8.33333333333333));
#5109=CARTESIAN_POINT('Ctrl Pts',(0.678525403784434,1.17524047358083,-8.29166666666666));
#5110=CARTESIAN_POINT('Ctrl Pts',(0.,1.17524047358083,-8.24999999999999));
#5111=CARTESIAN_POINT('Ctrl Pts',(-0.678525403784433,1.17524047358083,-8.20833333333333));
#5112=CARTESIAN_POINT('Ctrl Pts',(-1.01778810567665,0.587620236790413,-8.16666666666666));
#5113=CARTESIAN_POINT('Ctrl Pts',(-1.35705080756887,-4.46598754130637E-17,
-8.125));
#5114=CARTESIAN_POINT('Ctrl Pts',(-1.01778810567665,-0.587620236790413,
-8.08333333333333));
#5115=CARTESIAN_POINT('Ctrl Pts',(-0.678525403784434,-1.17524047358083,
-8.04166666666666));
#5116=CARTESIAN_POINT('Ctrl Pts',(-1.43925448419918E-16,-1.17524047358083,
-7.99999999999999));
#5117=CARTESIAN_POINT('Ctrl Pts',(-1.43925448419918E-16,-1.17524047358083,
-8.43750000000002));
#5118=CARTESIAN_POINT('Ctrl Pts',(0.678525403784433,-1.17524047358083,-8.39583333333335));
#5119=CARTESIAN_POINT('Ctrl Pts',(1.01778810567665,-0.587620236790414,-8.35416666666668));
#5120=CARTESIAN_POINT('Ctrl Pts',(1.35705080756887,-3.77209210401833E-16,
-8.31250000000002));
#5121=CARTESIAN_POINT('Ctrl Pts',(1.01778810567665,0.587620236790412,-8.27083333333335));
#5122=CARTESIAN_POINT('Ctrl Pts',(0.678525403784434,1.17524047358083,-8.22916666666668));
#5123=CARTESIAN_POINT('Ctrl Pts',(0.,1.17524047358083,-8.18750000000002));
#5124=CARTESIAN_POINT('Ctrl Pts',(-0.678525403784433,1.17524047358083,-8.14583333333335));
#5125=CARTESIAN_POINT('Ctrl Pts',(-1.01778810567665,0.587620236790413,-8.10416666666668));
#5126=CARTESIAN_POINT('Ctrl Pts',(-1.35705080756887,-4.46039589347767E-17,
-8.06250000000002));
#5127=CARTESIAN_POINT('Ctrl Pts',(-1.01778810567665,-0.587620236790413,
-8.02083333333335));
#5128=CARTESIAN_POINT('Ctrl Pts',(-0.678525403784434,-1.17524047358083,
-7.97916666666668));
#5129=CARTESIAN_POINT('Ctrl Pts',(-1.43925448419918E-16,-1.17524047358083,
-7.93750000000002));
#5130=CARTESIAN_POINT('Origin',(0.,2.77555756156289E-16,-10.21875));
#5131=CARTESIAN_POINT('',(-1.43925448419918E-16,-1.17524047358083,-9.));
#5132=CARTESIAN_POINT('',(-1.43925448419918E-16,-1.17524047358083,-8.93750000000002));
#5133=CARTESIAN_POINT('',(-1.43925448419918E-16,-1.17524047358083,-10.21875));
#5134=CARTESIAN_POINT('Ctrl Pts',(-1.43925448419918E-16,-1.17524047358083,
-9.));
#5135=CARTESIAN_POINT('Ctrl Pts',(0.678525403784433,-1.17524047358083,-8.95833333333333));
#5136=CARTESIAN_POINT('Ctrl Pts',(1.01778810567665,-0.587620236790414,-8.91666666666666));
#5137=CARTESIAN_POINT('Ctrl Pts',(1.35705080756887,-3.77712458706416E-16,
-8.875));
#5138=CARTESIAN_POINT('Ctrl Pts',(1.01778810567665,0.587620236790412,-8.83333333333333));
#5139=CARTESIAN_POINT('Ctrl Pts',(0.678525403784434,1.17524047358083,-8.79166666666666));
#5140=CARTESIAN_POINT('Ctrl Pts',(0.,1.17524047358083,-8.75));
#5141=CARTESIAN_POINT('Ctrl Pts',(-0.678525403784433,1.17524047358083,-8.70833333333333));
#5142=CARTESIAN_POINT('Ctrl Pts',(-1.01778810567665,0.587620236790413,-8.66666666666666));
#5143=CARTESIAN_POINT('Ctrl Pts',(-1.35705080756887,-4.51072072393593E-17,
-8.625));
#5144=CARTESIAN_POINT('Ctrl Pts',(-1.01778810567665,-0.587620236790413,
-8.58333333333333));
#5145=CARTESIAN_POINT('Ctrl Pts',(-0.678525403784434,-1.17524047358083,
-8.54166666666666));
#5146=CARTESIAN_POINT('Ctrl Pts',(-1.43925448419918E-16,-1.17524047358083,
-8.49999999999999));
#5147=CARTESIAN_POINT('Ctrl Pts',(-1.43925448419918E-16,-1.17524047358083,
-8.93750000000002));
#5148=CARTESIAN_POINT('Ctrl Pts',(0.678525403784433,-1.17524047358083,-8.89583333333335));
#5149=CARTESIAN_POINT('Ctrl Pts',(1.01778810567665,-0.587620236790414,-8.85416666666668));
#5150=CARTESIAN_POINT('Ctrl Pts',(1.35705080756887,-3.77656542228129E-16,
-8.81250000000002));
#5151=CARTESIAN_POINT('Ctrl Pts',(1.01778810567665,0.587620236790412,-8.77083333333335));
#5152=CARTESIAN_POINT('Ctrl Pts',(0.678525403784434,1.17524047358083,-8.72916666666668));
#5153=CARTESIAN_POINT('Ctrl Pts',(0.,1.17524047358083,-8.68750000000002));
#5154=CARTESIAN_POINT('Ctrl Pts',(-0.678525403784433,1.17524047358083,-8.64583333333335));
#5155=CARTESIAN_POINT('Ctrl Pts',(-1.01778810567665,0.587620236790413,-8.60416666666668));
#5156=CARTESIAN_POINT('Ctrl Pts',(-1.35705080756887,-4.50512907610724E-17,
-8.56250000000002));
#5157=CARTESIAN_POINT('Ctrl Pts',(-1.01778810567665,-0.587620236790413,
-8.52083333333335));
#5158=CARTESIAN_POINT('Ctrl Pts',(-0.678525403784434,-1.17524047358083,
-8.47916666666668));
#5159=CARTESIAN_POINT('Ctrl Pts',(-1.43925448419918E-16,-1.17524047358083,
-8.43750000000002));
#5160=CARTESIAN_POINT('Origin',(0.,2.77555756156289E-16,-10.21875));
#5161=CARTESIAN_POINT('',(-1.43925448419918E-16,-1.17524047358083,-9.49999999999999));
#5162=CARTESIAN_POINT('',(-1.43925448419918E-16,-1.17524047358083,-9.43750000000002));
#5163=CARTESIAN_POINT('',(-1.43925448419918E-16,-1.17524047358083,-10.21875));
#5164=CARTESIAN_POINT('Ctrl Pts',(-1.43925448419918E-16,-1.17524047358083,
-9.49999999999999));
#5165=CARTESIAN_POINT('Ctrl Pts',(0.678525403784433,-1.17524047358083,-9.45833333333333));
#5166=CARTESIAN_POINT('Ctrl Pts',(1.01778810567665,-0.587620236790414,-9.41666666666666));
#5167=CARTESIAN_POINT('Ctrl Pts',(1.35705080756887,-3.78159790532712E-16,
-9.37499999999999));
#5168=CARTESIAN_POINT('Ctrl Pts',(1.01778810567665,0.587620236790412,-9.33333333333333));
#5169=CARTESIAN_POINT('Ctrl Pts',(0.678525403784434,1.17524047358083,-9.29166666666666));
#5170=CARTESIAN_POINT('Ctrl Pts',(0.,1.17524047358083,-9.24999999999999));
#5171=CARTESIAN_POINT('Ctrl Pts',(-0.678525403784433,1.17524047358083,-9.20833333333333));
#5172=CARTESIAN_POINT('Ctrl Pts',(-1.01778810567665,0.587620236790413,-9.16666666666666));
#5173=CARTESIAN_POINT('Ctrl Pts',(-1.35705080756887,-4.55545390656549E-17,
-9.125));
#5174=CARTESIAN_POINT('Ctrl Pts',(-1.01778810567665,-0.587620236790413,
-9.08333333333333));
#5175=CARTESIAN_POINT('Ctrl Pts',(-0.678525403784434,-1.17524047358083,
-9.04166666666666));
#5176=CARTESIAN_POINT('Ctrl Pts',(-1.43925448419918E-16,-1.17524047358083,
-9.));
#5177=CARTESIAN_POINT('Ctrl Pts',(-1.43925448419918E-16,-1.17524047358083,
-9.43750000000002));
#5178=CARTESIAN_POINT('Ctrl Pts',(0.678525403784433,-1.17524047358083,-9.39583333333335));
#5179=CARTESIAN_POINT('Ctrl Pts',(1.01778810567665,-0.587620236790414,-9.35416666666668));
#5180=CARTESIAN_POINT('Ctrl Pts',(1.35705080756887,-3.78103874054425E-16,
-9.31250000000002));
#5181=CARTESIAN_POINT('Ctrl Pts',(1.01778810567665,0.587620236790412,-9.27083333333335));
#5182=CARTESIAN_POINT('Ctrl Pts',(0.678525403784434,1.17524047358083,-9.22916666666668));
#5183=CARTESIAN_POINT('Ctrl Pts',(0.,1.17524047358083,-9.18750000000001));
#5184=CARTESIAN_POINT('Ctrl Pts',(-0.678525403784433,1.17524047358083,-9.14583333333335));
#5185=CARTESIAN_POINT('Ctrl Pts',(-1.01778810567665,0.587620236790413,-9.10416666666668));
#5186=CARTESIAN_POINT('Ctrl Pts',(-1.35705080756887,-4.5498622587368E-17,
-9.06250000000002));
#5187=CARTESIAN_POINT('Ctrl Pts',(-1.01778810567665,-0.587620236790413,
-9.02083333333335));
#5188=CARTESIAN_POINT('Ctrl Pts',(-0.678525403784434,-1.17524047358083,
-8.97916666666668));
#5189=CARTESIAN_POINT('Ctrl Pts',(-1.43925448419918E-16,-1.17524047358083,
-8.93750000000002));
#5190=CARTESIAN_POINT('Origin',(0.,2.77555756156289E-16,-10.21875));
#5191=CARTESIAN_POINT('',(-1.43925448419918E-16,-1.17524047358083,-9.94975952641931));
#5192=CARTESIAN_POINT('',(-1.43925448419918E-16,-1.17524047358083,-9.93750000000002));
#5193=CARTESIAN_POINT('',(-1.43925448419918E-16,-1.17524047358083,-10.21875));
#5194=CARTESIAN_POINT('',(0.689217670442577,-0.95192918512471,-9.94975952641918));
#5195=CARTESIAN_POINT('Origin',(9.71445146547012E-16,5.55111512312578E-16,
-9.94975952641918));
#5196=CARTESIAN_POINT('Ctrl Pts',(0.689217670442577,-0.951929185124709,
-9.94975952641918));
#5197=CARTESIAN_POINT('Ctrl Pts',(0.892378271990116,-0.804836440504254,
-9.93206891898557));
#5198=CARTESIAN_POINT('Ctrl Pts',(1.01778810567665,-0.587620236790414,-9.91666666666666));
#5199=CARTESIAN_POINT('Ctrl Pts',(1.35705080756887,-3.78607122359007E-16,
-9.87499999999999));
#5200=CARTESIAN_POINT('Ctrl Pts',(1.01778810567665,0.587620236790412,-9.83333333333333));
#5201=CARTESIAN_POINT('Ctrl Pts',(0.678525403784434,1.17524047358083,-9.79166666666666));
#5202=CARTESIAN_POINT('Ctrl Pts',(0.,1.17524047358083,-9.74999999999999));
#5203=CARTESIAN_POINT('Ctrl Pts',(-0.678525403784433,1.17524047358083,-9.70833333333333));
#5204=CARTESIAN_POINT('Ctrl Pts',(-1.01778810567665,0.587620236790413,-9.66666666666666));
#5205=CARTESIAN_POINT('Ctrl Pts',(-1.35705080756887,-4.60018708919505E-17,
-9.625));
#5206=CARTESIAN_POINT('Ctrl Pts',(-1.01778810567665,-0.587620236790413,
-9.58333333333333));
#5207=CARTESIAN_POINT('Ctrl Pts',(-0.678525403784434,-1.17524047358083,
-9.54166666666666));
#5208=CARTESIAN_POINT('Ctrl Pts',(-1.43925448419918E-16,-1.17524047358083,
-9.49999999999999));
#5209=CARTESIAN_POINT('Ctrl Pts',(-1.43925448419918E-16,-1.17524047358083,
-9.93750000000002));
#5210=CARTESIAN_POINT('Ctrl Pts',(0.678525403784433,-1.17524047358083,-9.89583333333335));
#5211=CARTESIAN_POINT('Ctrl Pts',(1.01778810567665,-0.587620236790414,-9.85416666666668));
#5212=CARTESIAN_POINT('Ctrl Pts',(1.35705080756887,-3.7855120588072E-16,
-9.81250000000001));
#5213=CARTESIAN_POINT('Ctrl Pts',(1.01778810567665,0.587620236790412,-9.77083333333335));
#5214=CARTESIAN_POINT('Ctrl Pts',(0.678525403784434,1.17524047358083,-9.72916666666668));
#5215=CARTESIAN_POINT('Ctrl Pts',(0.,1.17524047358083,-9.68750000000002));
#5216=CARTESIAN_POINT('Ctrl Pts',(-0.678525403784433,1.17524047358083,-9.64583333333335));
#5217=CARTESIAN_POINT('Ctrl Pts',(-1.01778810567665,0.587620236790413,-9.60416666666668));
#5218=CARTESIAN_POINT('Ctrl Pts',(-1.35705080756887,-4.59459544136636E-17,
-9.56250000000002));
#5219=CARTESIAN_POINT('Ctrl Pts',(-1.01778810567665,-0.587620236790413,
-9.52083333333335));
#5220=CARTESIAN_POINT('Ctrl Pts',(-0.678525403784434,-1.17524047358083,
-9.47916666666668));
#5221=CARTESIAN_POINT('Ctrl Pts',(-1.43925448419918E-16,-1.17524047358083,
-9.43750000000002));
#5222=CARTESIAN_POINT('Origin',(0.,0.,8.81000000000001));
#5223=CARTESIAN_POINT('',(-9.1848509936052E-17,1.50000000000001,-9.43750000000001));
#5224=CARTESIAN_POINT('',(-9.1848509936052E-17,1.50000000000001,-9.5));
#5225=CARTESIAN_POINT('',(-1.83697019872104E-16,1.50000000000001,8.81000000000001));
#5226=CARTESIAN_POINT('',(1.05094390383317,-1.07028823734353,-9.625));
#5227=CARTESIAN_POINT('Ctrl Pts',(1.05094390383317,-1.07028823734353,-9.62500000000001));
#5228=CARTESIAN_POINT('Ctrl Pts',(1.19681767290929,-0.927050983124781,-9.61400283239583));
#5229=CARTESIAN_POINT('Ctrl Pts',(1.29903810567666,-0.750000000000005,-9.60416666666668));
#5230=CARTESIAN_POINT('Ctrl Pts',(1.73205080756889,-4.47213922419614E-16,
-9.56250000000001));
#5231=CARTESIAN_POINT('Ctrl Pts',(1.29903810567667,0.750000000000003,-9.52083333333334));
#5232=CARTESIAN_POINT('Ctrl Pts',(0.866025403784444,1.50000000000001,-9.47916666666668));
#5233=CARTESIAN_POINT('Ctrl Pts',(0.,1.50000000000001,-9.43750000000001));
#5234=CARTESIAN_POINT('',(1.50000000000001,-8.09091057353586E-14,-9.62500000000001));
#5235=CARTESIAN_POINT('Origin',(0.,-1.00626545322083E-16,-9.62500000000001));
#5236=CARTESIAN_POINT('Ctrl Pts',(1.50000000000001,-7.7048190982488E-14,
-9.62500000000001));
#5237=CARTESIAN_POINT('Ctrl Pts',(1.50000000000003,0.40192378864665,-9.60267090063074));
#5238=CARTESIAN_POINT('Ctrl Pts',(1.29903810567667,0.750000000000003,-9.58333333333334));
#5239=CARTESIAN_POINT('Ctrl Pts',(0.866025403784444,1.50000000000001,-9.54166666666667));
#5240=CARTESIAN_POINT('Ctrl Pts',(0.,1.50000000000001,-9.5));
#5241=CARTESIAN_POINT('Origin',(0.,0.,8.81000000000001));
#5242=CARTESIAN_POINT('',(-9.1848509936052E-17,1.50000000000001,-8.93750000000001));
#5243=CARTESIAN_POINT('',(-9.1848509936052E-17,1.50000000000001,-9.));
#5244=CARTESIAN_POINT('',(-1.83697019872104E-16,1.50000000000001,8.81000000000001));
#5245=CARTESIAN_POINT('Ctrl Pts',(0.,1.50000000000001,-9.43750000000001));
#5246=CARTESIAN_POINT('Ctrl Pts',(-0.866025403784443,1.50000000000001,-9.39583333333334));
#5247=CARTESIAN_POINT('Ctrl Pts',(-1.29903810567666,0.750000000000004,-9.35416666666668));
#5248=CARTESIAN_POINT('Ctrl Pts',(-1.73205080756889,-2.27601610165017E-17,
-9.31250000000001));
#5249=CARTESIAN_POINT('Ctrl Pts',(-1.29903810567667,-0.750000000000004,
-9.27083333333335));
#5250=CARTESIAN_POINT('Ctrl Pts',(-0.866025403784444,-1.50000000000001,
-9.22916666666668));
#5251=CARTESIAN_POINT('Ctrl Pts',(-1.83697019872104E-16,-1.50000000000001,
-9.18750000000001));
#5252=CARTESIAN_POINT('Ctrl Pts',(0.866025403784443,-1.50000000000001,-9.14583333333335));
#5253=CARTESIAN_POINT('Ctrl Pts',(1.29903810567666,-0.750000000000005,-9.10416666666668));
#5254=CARTESIAN_POINT('Ctrl Pts',(1.73205080756889,-4.46766590593319E-16,
-9.06250000000001));
#5255=CARTESIAN_POINT('Ctrl Pts',(1.29903810567667,0.750000000000003,-9.02083333333334));
#5256=CARTESIAN_POINT('Ctrl Pts',(0.866025403784444,1.50000000000001,-8.97916666666668));
#5257=CARTESIAN_POINT('Ctrl Pts',(0.,1.50000000000001,-8.93750000000001));
#5258=CARTESIAN_POINT('Ctrl Pts',(0.,1.50000000000001,-9.5));
#5259=CARTESIAN_POINT('Ctrl Pts',(-0.866025403784443,1.50000000000001,-9.45833333333333));
#5260=CARTESIAN_POINT('Ctrl Pts',(-1.29903810567666,0.750000000000004,-9.41666666666667));
#5261=CARTESIAN_POINT('Ctrl Pts',(-1.73205080756889,-2.28160774947886E-17,
-9.375));
#5262=CARTESIAN_POINT('Ctrl Pts',(-1.29903810567667,-0.750000000000004,
-9.33333333333333));
#5263=CARTESIAN_POINT('Ctrl Pts',(-0.866025403784444,-1.50000000000001,
-9.29166666666667));
#5264=CARTESIAN_POINT('Ctrl Pts',(-1.83697019872104E-16,-1.50000000000001,
-9.25));
#5265=CARTESIAN_POINT('Ctrl Pts',(0.866025403784443,-1.50000000000001,-9.20833333333333));
#5266=CARTESIAN_POINT('Ctrl Pts',(1.29903810567666,-0.750000000000005,-9.16666666666667));
#5267=CARTESIAN_POINT('Ctrl Pts',(1.73205080756889,-4.46822507071606E-16,
-9.125));
#5268=CARTESIAN_POINT('Ctrl Pts',(1.29903810567667,0.750000000000003,-9.08333333333333));
#5269=CARTESIAN_POINT('Ctrl Pts',(0.866025403784444,1.50000000000001,-9.04166666666667));
#5270=CARTESIAN_POINT('Ctrl Pts',(0.,1.50000000000001,-9.));
#5271=CARTESIAN_POINT('Origin',(0.,0.,8.81000000000001));
#5272=CARTESIAN_POINT('',(-9.1848509936052E-17,1.50000000000001,-8.43750000000001));
#5273=CARTESIAN_POINT('',(-9.1848509936052E-17,1.50000000000001,-8.5));
#5274=CARTESIAN_POINT('',(-1.83697019872104E-16,1.50000000000001,8.81000000000001));
#5275=CARTESIAN_POINT('Ctrl Pts',(0.,1.50000000000001,-8.93750000000001));
#5276=CARTESIAN_POINT('Ctrl Pts',(-0.866025403784443,1.50000000000001,-8.89583333333334));
#5277=CARTESIAN_POINT('Ctrl Pts',(-1.29903810567666,0.750000000000004,-8.85416666666668));
#5278=CARTESIAN_POINT('Ctrl Pts',(-1.73205080756889,-2.23128291902061E-17,
-8.81250000000001));
#5279=CARTESIAN_POINT('Ctrl Pts',(-1.29903810567667,-0.750000000000004,
-8.77083333333334));
#5280=CARTESIAN_POINT('Ctrl Pts',(-0.866025403784444,-1.50000000000001,
-8.72916666666668));
#5281=CARTESIAN_POINT('Ctrl Pts',(-1.83697019872104E-16,-1.50000000000001,
-8.68750000000001));
#5282=CARTESIAN_POINT('Ctrl Pts',(0.866025403784443,-1.50000000000001,-8.64583333333334));
#5283=CARTESIAN_POINT('Ctrl Pts',(1.29903810567666,-0.750000000000005,-8.60416666666668));
#5284=CARTESIAN_POINT('Ctrl Pts',(1.73205080756889,-4.46319258767023E-16,
-8.56250000000001));
#5285=CARTESIAN_POINT('Ctrl Pts',(1.29903810567667,0.750000000000003,-8.52083333333334));
#5286=CARTESIAN_POINT('Ctrl Pts',(0.866025403784444,1.50000000000001,-8.47916666666668));
#5287=CARTESIAN_POINT('Ctrl Pts',(0.,1.50000000000001,-8.43750000000001));
#5288=CARTESIAN_POINT('Ctrl Pts',(0.,1.50000000000001,-9.));
#5289=CARTESIAN_POINT('Ctrl Pts',(-0.866025403784443,1.50000000000001,-8.95833333333333));
#5290=CARTESIAN_POINT('Ctrl Pts',(-1.29903810567666,0.750000000000004,-8.91666666666667));
#5291=CARTESIAN_POINT('Ctrl Pts',(-1.73205080756889,-2.2368745668493E-17,
-8.875));
#5292=CARTESIAN_POINT('Ctrl Pts',(-1.29903810567667,-0.750000000000004,
-8.83333333333333));
#5293=CARTESIAN_POINT('Ctrl Pts',(-0.866025403784444,-1.50000000000001,
-8.79166666666667));
#5294=CARTESIAN_POINT('Ctrl Pts',(-1.83697019872104E-16,-1.50000000000001,
-8.75));
#5295=CARTESIAN_POINT('Ctrl Pts',(0.866025403784443,-1.50000000000001,-8.70833333333333));
#5296=CARTESIAN_POINT('Ctrl Pts',(1.29903810567666,-0.750000000000005,-8.66666666666667));
#5297=CARTESIAN_POINT('Ctrl Pts',(1.73205080756889,-4.4637517524531E-16,
-8.625));
#5298=CARTESIAN_POINT('Ctrl Pts',(1.29903810567667,0.750000000000003,-8.58333333333333));
#5299=CARTESIAN_POINT('Ctrl Pts',(0.866025403784444,1.50000000000001,-8.54166666666667));
#5300=CARTESIAN_POINT('Ctrl Pts',(0.,1.50000000000001,-8.5));
#5301=CARTESIAN_POINT('Origin',(0.,0.,8.81000000000001));
#5302=CARTESIAN_POINT('',(-9.1848509936052E-17,1.50000000000001,-7.93750000000001));
#5303=CARTESIAN_POINT('',(-9.1848509936052E-17,1.50000000000001,-8.));
#5304=CARTESIAN_POINT('',(-1.83697019872104E-16,1.50000000000001,8.81000000000001));
#5305=CARTESIAN_POINT('Ctrl Pts',(0.,1.50000000000001,-8.43750000000001));
#5306=CARTESIAN_POINT('Ctrl Pts',(-0.866025403784443,1.50000000000001,-8.39583333333334));
#5307=CARTESIAN_POINT('Ctrl Pts',(-1.29903810567666,0.750000000000004,-8.35416666666668));
#5308=CARTESIAN_POINT('Ctrl Pts',(-1.73205080756889,-2.18654973639105E-17,
-8.31250000000001));
#5309=CARTESIAN_POINT('Ctrl Pts',(-1.29903810567667,-0.750000000000004,
-8.27083333333334));
#5310=CARTESIAN_POINT('Ctrl Pts',(-0.866025403784444,-1.50000000000001,
-8.22916666666668));
#5311=CARTESIAN_POINT('Ctrl Pts',(-1.83697019872104E-16,-1.50000000000001,
-8.18750000000001));
#5312=CARTESIAN_POINT('Ctrl Pts',(0.866025403784443,-1.50000000000001,-8.14583333333334));
#5313=CARTESIAN_POINT('Ctrl Pts',(1.29903810567666,-0.750000000000005,-8.10416666666668));
#5314=CARTESIAN_POINT('Ctrl Pts',(1.73205080756889,-4.45871926940728E-16,
-8.06250000000001));
#5315=CARTESIAN_POINT('Ctrl Pts',(1.29903810567667,0.750000000000003,-8.02083333333334));
#5316=CARTESIAN_POINT('Ctrl Pts',(0.866025403784444,1.50000000000001,-7.97916666666668));
#5317=CARTESIAN_POINT('Ctrl Pts',(0.,1.50000000000001,-7.93750000000001));
#5318=CARTESIAN_POINT('Ctrl Pts',(0.,1.50000000000001,-8.5));
#5319=CARTESIAN_POINT('Ctrl Pts',(-0.866025403784443,1.50000000000001,-8.45833333333333));
#5320=CARTESIAN_POINT('Ctrl Pts',(-1.29903810567666,0.750000000000004,-8.41666666666667));
#5321=CARTESIAN_POINT('Ctrl Pts',(-1.73205080756889,-2.19214138421974E-17,
-8.375));
#5322=CARTESIAN_POINT('Ctrl Pts',(-1.29903810567667,-0.750000000000004,
-8.33333333333333));
#5323=CARTESIAN_POINT('Ctrl Pts',(-0.866025403784444,-1.50000000000001,
-8.29166666666667));
#5324=CARTESIAN_POINT('Ctrl Pts',(-1.83697019872104E-16,-1.50000000000001,
-8.25));
#5325=CARTESIAN_POINT('Ctrl Pts',(0.866025403784443,-1.50000000000001,-8.20833333333333));
#5326=CARTESIAN_POINT('Ctrl Pts',(1.29903810567666,-0.750000000000005,-8.16666666666667));
#5327=CARTESIAN_POINT('Ctrl Pts',(1.73205080756889,-4.45927843419015E-16,
-8.125));
#5328=CARTESIAN_POINT('Ctrl Pts',(1.29903810567667,0.750000000000003,-8.08333333333333));
#5329=CARTESIAN_POINT('Ctrl Pts',(0.866025403784444,1.50000000000001,-8.04166666666667));
#5330=CARTESIAN_POINT('Ctrl Pts',(0.,1.50000000000001,-8.));
#5331=CARTESIAN_POINT('Origin',(0.,0.,8.81000000000001));
#5332=CARTESIAN_POINT('',(-9.1848509936052E-17,1.50000000000001,-7.43750000000001));
#5333=CARTESIAN_POINT('',(-9.1848509936052E-17,1.50000000000001,-7.5));
#5334=CARTESIAN_POINT('',(-1.83697019872104E-16,1.50000000000001,8.81000000000001));
#5335=CARTESIAN_POINT('Ctrl Pts',(0.,1.50000000000001,-7.93750000000001));
#5336=CARTESIAN_POINT('Ctrl Pts',(-0.866025403784443,1.50000000000001,-7.89583333333335));
#5337=CARTESIAN_POINT('Ctrl Pts',(-1.29903810567666,0.750000000000004,-7.85416666666668));
#5338=CARTESIAN_POINT('Ctrl Pts',(-1.73205080756889,-2.14181655376149E-17,
-7.81250000000001));
#5339=CARTESIAN_POINT('Ctrl Pts',(-1.29903810567667,-0.750000000000004,
-7.77083333333334));
#5340=CARTESIAN_POINT('Ctrl Pts',(-0.866025403784444,-1.50000000000001,
-7.72916666666668));
#5341=CARTESIAN_POINT('Ctrl Pts',(-1.83697019872104E-16,-1.50000000000001,
-7.68750000000001));
#5342=CARTESIAN_POINT('Ctrl Pts',(0.866025403784443,-1.50000000000001,-7.64583333333335));
#5343=CARTESIAN_POINT('Ctrl Pts',(1.29903810567666,-0.750000000000005,-7.60416666666668));
#5344=CARTESIAN_POINT('Ctrl Pts',(1.73205080756889,-4.45424595114432E-16,
-7.56250000000001));
#5345=CARTESIAN_POINT('Ctrl Pts',(1.29903810567667,0.750000000000003,-7.52083333333335));
#5346=CARTESIAN_POINT('Ctrl Pts',(0.866025403784444,1.50000000000001,-7.47916666666668));
#5347=CARTESIAN_POINT('Ctrl Pts',(0.,1.50000000000001,-7.43750000000001));
#5348=CARTESIAN_POINT('Ctrl Pts',(0.,1.50000000000001,-8.));
#5349=CARTESIAN_POINT('Ctrl Pts',(-0.866025403784443,1.50000000000001,-7.95833333333333));
#5350=CARTESIAN_POINT('Ctrl Pts',(-1.29903810567666,0.750000000000004,-7.91666666666667));
#5351=CARTESIAN_POINT('Ctrl Pts',(-1.73205080756889,-2.14740820159018E-17,
-7.875));
#5352=CARTESIAN_POINT('Ctrl Pts',(-1.29903810567667,-0.750000000000004,
-7.83333333333333));
#5353=CARTESIAN_POINT('Ctrl Pts',(-0.866025403784444,-1.50000000000001,
-7.79166666666667));
#5354=CARTESIAN_POINT('Ctrl Pts',(-1.83697019872104E-16,-1.50000000000001,
-7.75));
#5355=CARTESIAN_POINT('Ctrl Pts',(0.866025403784443,-1.50000000000001,-7.70833333333333));
#5356=CARTESIAN_POINT('Ctrl Pts',(1.29903810567666,-0.750000000000005,-7.66666666666667));
#5357=CARTESIAN_POINT('Ctrl Pts',(1.73205080756889,-4.45480511592719E-16,
-7.625));
#5358=CARTESIAN_POINT('Ctrl Pts',(1.29903810567667,0.750000000000003,-7.58333333333333));
#5359=CARTESIAN_POINT('Ctrl Pts',(0.866025403784444,1.50000000000001,-7.54166666666667));
#5360=CARTESIAN_POINT('Ctrl Pts',(0.,1.50000000000001,-7.5));
#5361=CARTESIAN_POINT('Origin',(0.,0.,8.81000000000001));
#5362=CARTESIAN_POINT('',(-9.1848509936052E-17,1.50000000000001,-6.93750000000001));
#5363=CARTESIAN_POINT('',(-9.1848509936052E-17,1.50000000000001,-7.));
#5364=CARTESIAN_POINT('',(-1.83697019872104E-16,1.50000000000001,8.81000000000001));
#5365=CARTESIAN_POINT('Ctrl Pts',(0.,1.50000000000001,-7.43750000000001));
#5366=CARTESIAN_POINT('Ctrl Pts',(-0.866025403784443,1.50000000000001,-7.39583333333335));
#5367=CARTESIAN_POINT('Ctrl Pts',(-1.29903810567666,0.750000000000004,-7.35416666666668));
#5368=CARTESIAN_POINT('Ctrl Pts',(-1.73205080756889,-2.09708337113193E-17,
-7.31250000000001));
#5369=CARTESIAN_POINT('Ctrl Pts',(-1.29903810567667,-0.750000000000004,
-7.27083333333334));
#5370=CARTESIAN_POINT('Ctrl Pts',(-0.866025403784444,-1.50000000000001,
-7.22916666666668));
#5371=CARTESIAN_POINT('Ctrl Pts',(-1.83697019872104E-16,-1.50000000000001,
-7.18750000000001));
#5372=CARTESIAN_POINT('Ctrl Pts',(0.866025403784443,-1.50000000000001,-7.14583333333335));
#5373=CARTESIAN_POINT('Ctrl Pts',(1.29903810567666,-0.750000000000005,-7.10416666666668));
#5374=CARTESIAN_POINT('Ctrl Pts',(1.73205080756889,-4.44977263288137E-16,
-7.06250000000001));
#5375=CARTESIAN_POINT('Ctrl Pts',(1.29903810567667,0.750000000000003,-7.02083333333334));
#5376=CARTESIAN_POINT('Ctrl Pts',(0.866025403784444,1.50000000000001,-6.97916666666668));
#5377=CARTESIAN_POINT('Ctrl Pts',(0.,1.50000000000001,-6.93750000000001));
#5378=CARTESIAN_POINT('Ctrl Pts',(0.,1.50000000000001,-7.5));
#5379=CARTESIAN_POINT('Ctrl Pts',(-0.866025403784443,1.50000000000001,-7.45833333333333));
#5380=CARTESIAN_POINT('Ctrl Pts',(-1.29903810567666,0.750000000000004,-7.41666666666667));
#5381=CARTESIAN_POINT('Ctrl Pts',(-1.73205080756889,-2.10267501896062E-17,
-7.375));
#5382=CARTESIAN_POINT('Ctrl Pts',(-1.29903810567667,-0.750000000000004,
-7.33333333333333));
#5383=CARTESIAN_POINT('Ctrl Pts',(-0.866025403784444,-1.50000000000001,
-7.29166666666667));
#5384=CARTESIAN_POINT('Ctrl Pts',(-1.83697019872104E-16,-1.50000000000001,
-7.25));
#5385=CARTESIAN_POINT('Ctrl Pts',(0.866025403784443,-1.50000000000001,-7.20833333333333));
#5386=CARTESIAN_POINT('Ctrl Pts',(1.29903810567666,-0.750000000000005,-7.16666666666667));
#5387=CARTESIAN_POINT('Ctrl Pts',(1.73205080756889,-4.45033179766423E-16,
-7.125));
#5388=CARTESIAN_POINT('Ctrl Pts',(1.29903810567667,0.750000000000003,-7.08333333333333));
#5389=CARTESIAN_POINT('Ctrl Pts',(0.866025403784444,1.50000000000001,-7.04166666666667));
#5390=CARTESIAN_POINT('Ctrl Pts',(0.,1.50000000000001,-7.));
#5391=CARTESIAN_POINT('Origin',(0.,0.,8.81000000000001));
#5392=CARTESIAN_POINT('',(-9.1848509936052E-17,1.50000000000001,-6.43750000000001));
#5393=CARTESIAN_POINT('',(-9.1848509936052E-17,1.50000000000001,-6.5));
#5394=CARTESIAN_POINT('',(-1.83697019872104E-16,1.50000000000001,8.81000000000001));
#5395=CARTESIAN_POINT('Ctrl Pts',(0.,1.50000000000001,-6.93750000000001));
#5396=CARTESIAN_POINT('Ctrl Pts',(-0.866025403784443,1.50000000000001,-6.89583333333335));
#5397=CARTESIAN_POINT('Ctrl Pts',(-1.29903810567666,0.750000000000004,-6.85416666666668));
#5398=CARTESIAN_POINT('Ctrl Pts',(-1.73205080756889,-2.05235018850237E-17,
-6.81250000000001));
#5399=CARTESIAN_POINT('Ctrl Pts',(-1.29903810567667,-0.750000000000004,
-6.77083333333334));
#5400=CARTESIAN_POINT('Ctrl Pts',(-0.866025403784444,-1.50000000000001,
-6.72916666666668));
#5401=CARTESIAN_POINT('Ctrl Pts',(-1.83697019872104E-16,-1.50000000000001,
-6.68750000000001));
#5402=CARTESIAN_POINT('Ctrl Pts',(0.866025403784443,-1.50000000000001,-6.64583333333335));
#5403=CARTESIAN_POINT('Ctrl Pts',(1.29903810567666,-0.750000000000005,-6.60416666666668));
#5404=CARTESIAN_POINT('Ctrl Pts',(1.73205080756889,-4.44529931461841E-16,
-6.56250000000001));
#5405=CARTESIAN_POINT('Ctrl Pts',(1.29903810567667,0.750000000000003,-6.52083333333334));
#5406=CARTESIAN_POINT('Ctrl Pts',(0.866025403784444,1.50000000000001,-6.47916666666668));
#5407=CARTESIAN_POINT('Ctrl Pts',(0.,1.50000000000001,-6.43750000000001));
#5408=CARTESIAN_POINT('Ctrl Pts',(0.,1.50000000000001,-7.));
#5409=CARTESIAN_POINT('Ctrl Pts',(-0.866025403784443,1.50000000000001,-6.95833333333333));
#5410=CARTESIAN_POINT('Ctrl Pts',(-1.29903810567666,0.750000000000004,-6.91666666666667));
#5411=CARTESIAN_POINT('Ctrl Pts',(-1.73205080756889,-2.05794183633106E-17,
-6.875));
#5412=CARTESIAN_POINT('Ctrl Pts',(-1.29903810567667,-0.750000000000004,
-6.83333333333333));
#5413=CARTESIAN_POINT('Ctrl Pts',(-0.866025403784444,-1.50000000000001,
-6.79166666666667));
#5414=CARTESIAN_POINT('Ctrl Pts',(-1.83697019872104E-16,-1.50000000000001,
-6.75));
#5415=CARTESIAN_POINT('Ctrl Pts',(0.866025403784443,-1.50000000000001,-6.70833333333333));
#5416=CARTESIAN_POINT('Ctrl Pts',(1.29903810567666,-0.750000000000005,-6.66666666666667));
#5417=CARTESIAN_POINT('Ctrl Pts',(1.73205080756889,-4.44585847940128E-16,
-6.625));
#5418=CARTESIAN_POINT('Ctrl Pts',(1.29903810567667,0.750000000000003,-6.58333333333333));
#5419=CARTESIAN_POINT('Ctrl Pts',(0.866025403784444,1.50000000000001,-6.54166666666667));
#5420=CARTESIAN_POINT('Ctrl Pts',(0.,1.50000000000001,-6.5));
#5421=CARTESIAN_POINT('Origin',(0.,0.,8.81000000000001));
#5422=CARTESIAN_POINT('',(-9.1848509936052E-17,1.50000000000001,-5.93750000000001));
#5423=CARTESIAN_POINT('',(-9.1848509936052E-17,1.50000000000001,-6.));
#5424=CARTESIAN_POINT('',(-1.83697019872104E-16,1.50000000000001,8.81000000000001));
#5425=CARTESIAN_POINT('Ctrl Pts',(0.,1.50000000000001,-6.43750000000001));
#5426=CARTESIAN_POINT('Ctrl Pts',(-0.866025403784443,1.50000000000001,-6.39583333333334));
#5427=CARTESIAN_POINT('Ctrl Pts',(-1.29903810567666,0.750000000000004,-6.35416666666668));
#5428=CARTESIAN_POINT('Ctrl Pts',(-1.73205080756889,-2.00761700587281E-17,
-6.31250000000001));
#5429=CARTESIAN_POINT('Ctrl Pts',(-1.29903810567667,-0.750000000000004,
-6.27083333333335));
#5430=CARTESIAN_POINT('Ctrl Pts',(-0.866025403784444,-1.50000000000001,
-6.22916666666668));
#5431=CARTESIAN_POINT('Ctrl Pts',(-1.83697019872104E-16,-1.50000000000001,
-6.18750000000001));
#5432=CARTESIAN_POINT('Ctrl Pts',(0.866025403784443,-1.50000000000001,-6.14583333333334));
#5433=CARTESIAN_POINT('Ctrl Pts',(1.29903810567666,-0.750000000000005,-6.10416666666668));
#5434=CARTESIAN_POINT('Ctrl Pts',(1.73205080756889,-4.44082599635545E-16,
-6.06250000000001));
#5435=CARTESIAN_POINT('Ctrl Pts',(1.29903810567667,0.750000000000003,-6.02083333333335));
#5436=CARTESIAN_POINT('Ctrl Pts',(0.866025403784444,1.50000000000001,-5.97916666666668));
#5437=CARTESIAN_POINT('Ctrl Pts',(0.,1.50000000000001,-5.93750000000001));
#5438=CARTESIAN_POINT('Ctrl Pts',(0.,1.50000000000001,-6.5));
#5439=CARTESIAN_POINT('Ctrl Pts',(-0.866025403784443,1.50000000000001,-6.45833333333333));
#5440=CARTESIAN_POINT('Ctrl Pts',(-1.29903810567666,0.750000000000004,-6.41666666666667));
#5441=CARTESIAN_POINT('Ctrl Pts',(-1.73205080756889,-2.0132086537015E-17,
-6.375));
#5442=CARTESIAN_POINT('Ctrl Pts',(-1.29903810567667,-0.750000000000004,
-6.33333333333333));
#5443=CARTESIAN_POINT('Ctrl Pts',(-0.866025403784444,-1.50000000000001,
-6.29166666666667));
#5444=CARTESIAN_POINT('Ctrl Pts',(-1.83697019872104E-16,-1.50000000000001,
-6.25));
#5445=CARTESIAN_POINT('Ctrl Pts',(0.866025403784443,-1.50000000000001,-6.20833333333333));
#5446=CARTESIAN_POINT('Ctrl Pts',(1.29903810567666,-0.750000000000005,-6.16666666666667));
#5447=CARTESIAN_POINT('Ctrl Pts',(1.73205080756889,-4.44138516113832E-16,
-6.125));
#5448=CARTESIAN_POINT('Ctrl Pts',(1.29903810567667,0.750000000000003,-6.08333333333333));
#5449=CARTESIAN_POINT('Ctrl Pts',(0.866025403784444,1.50000000000001,-6.04166666666667));
#5450=CARTESIAN_POINT('Ctrl Pts',(0.,1.50000000000001,-6.));
#5451=CARTESIAN_POINT('Origin',(0.,0.,8.81000000000001));
#5452=CARTESIAN_POINT('',(-9.1848509936052E-17,1.50000000000001,-5.43750000000001));
#5453=CARTESIAN_POINT('',(-9.1848509936052E-17,1.50000000000001,-5.5));
#5454=CARTESIAN_POINT('',(-1.83697019872104E-16,1.50000000000001,8.81000000000001));
#5455=CARTESIAN_POINT('Ctrl Pts',(0.,1.50000000000001,-5.93750000000001));
#5456=CARTESIAN_POINT('Ctrl Pts',(-0.866025403784443,1.50000000000001,-5.89583333333334));
#5457=CARTESIAN_POINT('Ctrl Pts',(-1.29903810567666,0.750000000000004,-5.85416666666668));
#5458=CARTESIAN_POINT('Ctrl Pts',(-1.73205080756889,-1.96288382324324E-17,
-5.81250000000001));
#5459=CARTESIAN_POINT('Ctrl Pts',(-1.29903810567667,-0.750000000000004,
-5.77083333333334));
#5460=CARTESIAN_POINT('Ctrl Pts',(-0.866025403784444,-1.50000000000001,
-5.72916666666668));
#5461=CARTESIAN_POINT('Ctrl Pts',(-1.83697019872104E-16,-1.50000000000001,
-5.68750000000001));
#5462=CARTESIAN_POINT('Ctrl Pts',(0.866025403784443,-1.50000000000001,-5.64583333333334));
#5463=CARTESIAN_POINT('Ctrl Pts',(1.29903810567666,-0.750000000000005,-5.60416666666668));
#5464=CARTESIAN_POINT('Ctrl Pts',(1.73205080756889,-4.4363526780925E-16,
-5.56250000000001));
#5465=CARTESIAN_POINT('Ctrl Pts',(1.29903810567667,0.750000000000003,-5.52083333333335));
#5466=CARTESIAN_POINT('Ctrl Pts',(0.866025403784444,1.50000000000001,-5.47916666666668));
#5467=CARTESIAN_POINT('Ctrl Pts',(0.,1.50000000000001,-5.43750000000001));
#5468=CARTESIAN_POINT('Ctrl Pts',(0.,1.50000000000001,-6.));
#5469=CARTESIAN_POINT('Ctrl Pts',(-0.866025403784443,1.50000000000001,-5.95833333333333));
#5470=CARTESIAN_POINT('Ctrl Pts',(-1.29903810567666,0.750000000000004,-5.91666666666667));
#5471=CARTESIAN_POINT('Ctrl Pts',(-1.73205080756889,-1.96847547107194E-17,
-5.875));
#5472=CARTESIAN_POINT('Ctrl Pts',(-1.29903810567667,-0.750000000000004,
-5.83333333333333));
#5473=CARTESIAN_POINT('Ctrl Pts',(-0.866025403784444,-1.50000000000001,
-5.79166666666667));
#5474=CARTESIAN_POINT('Ctrl Pts',(-1.83697019872104E-16,-1.50000000000001,
-5.75));
#5475=CARTESIAN_POINT('Ctrl Pts',(0.866025403784443,-1.50000000000001,-5.70833333333333));
#5476=CARTESIAN_POINT('Ctrl Pts',(1.29903810567666,-0.750000000000005,-5.66666666666667));
#5477=CARTESIAN_POINT('Ctrl Pts',(1.73205080756889,-4.43691184287537E-16,
-5.625));
#5478=CARTESIAN_POINT('Ctrl Pts',(1.29903810567667,0.750000000000003,-5.58333333333333));
#5479=CARTESIAN_POINT('Ctrl Pts',(0.866025403784444,1.50000000000001,-5.54166666666667));
#5480=CARTESIAN_POINT('Ctrl Pts',(0.,1.50000000000001,-5.5));
#5481=CARTESIAN_POINT('Origin',(0.,0.,8.81000000000001));
#5482=CARTESIAN_POINT('',(-9.1848509936052E-17,1.50000000000001,-4.93750000000001));
#5483=CARTESIAN_POINT('',(-9.1848509936052E-17,1.50000000000001,-5.));
#5484=CARTESIAN_POINT('',(-1.83697019872104E-16,1.50000000000001,8.81000000000001));
#5485=CARTESIAN_POINT('Ctrl Pts',(0.,1.50000000000001,-5.43750000000001));
#5486=CARTESIAN_POINT('Ctrl Pts',(-0.866025403784443,1.50000000000001,-5.39583333333334));
#5487=CARTESIAN_POINT('Ctrl Pts',(-1.29903810567666,0.750000000000004,-5.35416666666668));
#5488=CARTESIAN_POINT('Ctrl Pts',(-1.73205080756889,-1.91815064061368E-17,
-5.31250000000001));
#5489=CARTESIAN_POINT('Ctrl Pts',(-1.29903810567667,-0.750000000000004,
-5.27083333333335));
#5490=CARTESIAN_POINT('Ctrl Pts',(-0.866025403784444,-1.50000000000001,
-5.22916666666668));
#5491=CARTESIAN_POINT('Ctrl Pts',(-1.83697019872104E-16,-1.50000000000001,
-5.18750000000001));
#5492=CARTESIAN_POINT('Ctrl Pts',(0.866025403784443,-1.50000000000001,-5.14583333333334));
#5493=CARTESIAN_POINT('Ctrl Pts',(1.29903810567666,-0.750000000000005,-5.10416666666668));
#5494=CARTESIAN_POINT('Ctrl Pts',(1.73205080756889,-4.43187935982954E-16,
-5.06250000000001));
#5495=CARTESIAN_POINT('Ctrl Pts',(1.29903810567667,0.750000000000003,-5.02083333333334));
#5496=CARTESIAN_POINT('Ctrl Pts',(0.866025403784444,1.50000000000001,-4.97916666666668));
#5497=CARTESIAN_POINT('Ctrl Pts',(0.,1.50000000000001,-4.93750000000001));
#5498=CARTESIAN_POINT('Ctrl Pts',(0.,1.50000000000001,-5.5));
#5499=CARTESIAN_POINT('Ctrl Pts',(-0.866025403784443,1.50000000000001,-5.45833333333333));
#5500=CARTESIAN_POINT('Ctrl Pts',(-1.29903810567666,0.750000000000004,-5.41666666666667));
#5501=CARTESIAN_POINT('Ctrl Pts',(-1.73205080756889,-1.92374228844238E-17,
-5.375));
#5502=CARTESIAN_POINT('Ctrl Pts',(-1.29903810567667,-0.750000000000004,
-5.33333333333333));
#5503=CARTESIAN_POINT('Ctrl Pts',(-0.866025403784444,-1.50000000000001,
-5.29166666666667));
#5504=CARTESIAN_POINT('Ctrl Pts',(-1.83697019872104E-16,-1.50000000000001,
-5.25));
#5505=CARTESIAN_POINT('Ctrl Pts',(0.866025403784443,-1.50000000000001,-5.20833333333333));
#5506=CARTESIAN_POINT('Ctrl Pts',(1.29903810567666,-0.750000000000005,-5.16666666666667));
#5507=CARTESIAN_POINT('Ctrl Pts',(1.73205080756889,-4.43243852461241E-16,
-5.125));
#5508=CARTESIAN_POINT('Ctrl Pts',(1.29903810567667,0.750000000000003,-5.08333333333333));
#5509=CARTESIAN_POINT('Ctrl Pts',(0.866025403784444,1.50000000000001,-5.04166666666667));
#5510=CARTESIAN_POINT('Ctrl Pts',(0.,1.50000000000001,-5.));
#5511=CARTESIAN_POINT('Origin',(0.,0.,8.81000000000001));
#5512=CARTESIAN_POINT('',(-9.1848509936052E-17,1.50000000000001,-4.43750000000001));
#5513=CARTESIAN_POINT('',(-9.1848509936052E-17,1.50000000000001,-4.5));
#5514=CARTESIAN_POINT('',(-1.83697019872104E-16,1.50000000000001,8.81000000000001));
#5515=CARTESIAN_POINT('Ctrl Pts',(0.,1.50000000000001,-4.93750000000001));
#5516=CARTESIAN_POINT('Ctrl Pts',(-0.866025403784443,1.50000000000001,-4.89583333333334));
#5517=CARTESIAN_POINT('Ctrl Pts',(-1.29903810567666,0.750000000000004,-4.85416666666668));
#5518=CARTESIAN_POINT('Ctrl Pts',(-1.73205080756889,-1.87341745798412E-17,
-4.81250000000001));
#5519=CARTESIAN_POINT('Ctrl Pts',(-1.29903810567667,-0.750000000000004,
-4.77083333333335));
#5520=CARTESIAN_POINT('Ctrl Pts',(-0.866025403784444,-1.50000000000001,
-4.72916666666668));
#5521=CARTESIAN_POINT('Ctrl Pts',(-1.83697019872104E-16,-1.50000000000001,
-4.68750000000001));
#5522=CARTESIAN_POINT('Ctrl Pts',(0.866025403784443,-1.50000000000001,-4.64583333333334));
#5523=CARTESIAN_POINT('Ctrl Pts',(1.29903810567666,-0.750000000000005,-4.60416666666668));
#5524=CARTESIAN_POINT('Ctrl Pts',(1.73205080756889,-4.42740604156658E-16,
-4.56250000000001));
#5525=CARTESIAN_POINT('Ctrl Pts',(1.29903810567667,0.750000000000003,-4.52083333333335));
#5526=CARTESIAN_POINT('Ctrl Pts',(0.866025403784444,1.50000000000001,-4.47916666666668));
#5527=CARTESIAN_POINT('Ctrl Pts',(0.,1.50000000000001,-4.43750000000001));
#5528=CARTESIAN_POINT('Ctrl Pts',(0.,1.50000000000001,-5.));
#5529=CARTESIAN_POINT('Ctrl Pts',(-0.866025403784443,1.50000000000001,-4.95833333333333));
#5530=CARTESIAN_POINT('Ctrl Pts',(-1.29903810567666,0.750000000000004,-4.91666666666667));
#5531=CARTESIAN_POINT('Ctrl Pts',(-1.73205080756889,-1.87900910581282E-17,
-4.875));
#5532=CARTESIAN_POINT('Ctrl Pts',(-1.29903810567667,-0.750000000000004,
-4.83333333333333));
#5533=CARTESIAN_POINT('Ctrl Pts',(-0.866025403784444,-1.50000000000001,
-4.79166666666667));
#5534=CARTESIAN_POINT('Ctrl Pts',(-1.83697019872104E-16,-1.50000000000001,
-4.75));
#5535=CARTESIAN_POINT('Ctrl Pts',(0.866025403784443,-1.50000000000001,-4.70833333333333));
#5536=CARTESIAN_POINT('Ctrl Pts',(1.29903810567666,-0.750000000000005,-4.66666666666667));
#5537=CARTESIAN_POINT('Ctrl Pts',(1.73205080756889,-4.42796520634945E-16,
-4.625));
#5538=CARTESIAN_POINT('Ctrl Pts',(1.29903810567667,0.750000000000003,-4.58333333333333));
#5539=CARTESIAN_POINT('Ctrl Pts',(0.866025403784444,1.50000000000001,-4.54166666666667));
#5540=CARTESIAN_POINT('Ctrl Pts',(0.,1.50000000000001,-4.5));
#5541=CARTESIAN_POINT('Origin',(0.,0.,8.81000000000001));
#5542=CARTESIAN_POINT('',(-9.1848509936052E-17,1.50000000000001,-3.93750000000001));
#5543=CARTESIAN_POINT('',(-9.1848509936052E-17,1.50000000000001,-4.));
#5544=CARTESIAN_POINT('',(-1.83697019872104E-16,1.50000000000001,8.81000000000001));
#5545=CARTESIAN_POINT('Ctrl Pts',(0.,1.50000000000001,-4.43750000000001));
#5546=CARTESIAN_POINT('Ctrl Pts',(-0.866025403784443,1.50000000000001,-4.39583333333334));
#5547=CARTESIAN_POINT('Ctrl Pts',(-1.29903810567666,0.750000000000004,-4.35416666666668));
#5548=CARTESIAN_POINT('Ctrl Pts',(-1.73205080756889,-1.82868427535456E-17,
-4.31250000000001));
#5549=CARTESIAN_POINT('Ctrl Pts',(-1.29903810567667,-0.750000000000004,
-4.27083333333334));
#5550=CARTESIAN_POINT('Ctrl Pts',(-0.866025403784444,-1.50000000000001,
-4.22916666666668));
#5551=CARTESIAN_POINT('Ctrl Pts',(-1.83697019872104E-16,-1.50000000000001,
-4.18750000000001));
#5552=CARTESIAN_POINT('Ctrl Pts',(0.866025403784443,-1.50000000000001,-4.14583333333334));
#5553=CARTESIAN_POINT('Ctrl Pts',(1.29903810567666,-0.750000000000005,-4.10416666666668));
#5554=CARTESIAN_POINT('Ctrl Pts',(1.73205080756889,-4.42293272330363E-16,
-4.06250000000001));
#5555=CARTESIAN_POINT('Ctrl Pts',(1.29903810567667,0.750000000000003,-4.02083333333335));
#5556=CARTESIAN_POINT('Ctrl Pts',(0.866025403784444,1.50000000000001,-3.97916666666668));
#5557=CARTESIAN_POINT('Ctrl Pts',(0.,1.50000000000001,-3.93750000000001));
#5558=CARTESIAN_POINT('Ctrl Pts',(0.,1.50000000000001,-4.5));
#5559=CARTESIAN_POINT('Ctrl Pts',(-0.866025403784443,1.50000000000001,-4.45833333333333));
#5560=CARTESIAN_POINT('Ctrl Pts',(-1.29903810567666,0.750000000000004,-4.41666666666667));
#5561=CARTESIAN_POINT('Ctrl Pts',(-1.73205080756889,-1.83427592318325E-17,
-4.375));
#5562=CARTESIAN_POINT('Ctrl Pts',(-1.29903810567667,-0.750000000000004,
-4.33333333333333));
#5563=CARTESIAN_POINT('Ctrl Pts',(-0.866025403784444,-1.50000000000001,
-4.29166666666667));
#5564=CARTESIAN_POINT('Ctrl Pts',(-1.83697019872104E-16,-1.50000000000001,
-4.25));
#5565=CARTESIAN_POINT('Ctrl Pts',(0.866025403784443,-1.50000000000001,-4.20833333333333));
#5566=CARTESIAN_POINT('Ctrl Pts',(1.29903810567666,-0.750000000000005,-4.16666666666667));
#5567=CARTESIAN_POINT('Ctrl Pts',(1.73205080756889,-4.4234918880865E-16,
-4.125));
#5568=CARTESIAN_POINT('Ctrl Pts',(1.29903810567667,0.750000000000003,-4.08333333333333));
#5569=CARTESIAN_POINT('Ctrl Pts',(0.866025403784444,1.50000000000001,-4.04166666666667));
#5570=CARTESIAN_POINT('Ctrl Pts',(0.,1.50000000000001,-4.));
#5571=CARTESIAN_POINT('Origin',(0.,0.,8.81000000000001));
#5572=CARTESIAN_POINT('',(-9.1848509936052E-17,1.50000000000001,-3.43750000000001));
#5573=CARTESIAN_POINT('',(-9.1848509936052E-17,1.50000000000001,-3.5));
#5574=CARTESIAN_POINT('',(-1.83697019872104E-16,1.50000000000001,8.81000000000001));
#5575=CARTESIAN_POINT('Ctrl Pts',(0.,1.50000000000001,-3.93750000000001));
#5576=CARTESIAN_POINT('Ctrl Pts',(-0.866025403784443,1.50000000000001,-3.89583333333335));
#5577=CARTESIAN_POINT('Ctrl Pts',(-1.29903810567666,0.750000000000004,-3.85416666666668));
#5578=CARTESIAN_POINT('Ctrl Pts',(-1.73205080756889,-1.783951092725E-17,
-3.81250000000001));
#5579=CARTESIAN_POINT('Ctrl Pts',(-1.29903810567667,-0.750000000000004,
-3.77083333333335));
#5580=CARTESIAN_POINT('Ctrl Pts',(-0.866025403784444,-1.50000000000001,
-3.72916666666668));
#5581=CARTESIAN_POINT('Ctrl Pts',(-1.83697019872104E-16,-1.50000000000001,
-3.68750000000001));
#5582=CARTESIAN_POINT('Ctrl Pts',(0.866025403784443,-1.50000000000001,-3.64583333333335));
#5583=CARTESIAN_POINT('Ctrl Pts',(1.29903810567666,-0.750000000000005,-3.60416666666668));
#5584=CARTESIAN_POINT('Ctrl Pts',(1.73205080756889,-4.41845940504067E-16,
-3.56250000000001));
#5585=CARTESIAN_POINT('Ctrl Pts',(1.29903810567667,0.750000000000003,-3.52083333333335));
#5586=CARTESIAN_POINT('Ctrl Pts',(0.866025403784444,1.50000000000001,-3.47916666666668));
#5587=CARTESIAN_POINT('Ctrl Pts',(0.,1.50000000000001,-3.43750000000001));
#5588=CARTESIAN_POINT('Ctrl Pts',(0.,1.50000000000001,-4.));
#5589=CARTESIAN_POINT('Ctrl Pts',(-0.866025403784443,1.50000000000001,-3.95833333333333));
#5590=CARTESIAN_POINT('Ctrl Pts',(-1.29903810567666,0.750000000000004,-3.91666666666667));
#5591=CARTESIAN_POINT('Ctrl Pts',(-1.73205080756889,-1.78954274055369E-17,
-3.875));
#5592=CARTESIAN_POINT('Ctrl Pts',(-1.29903810567667,-0.750000000000004,
-3.83333333333333));
#5593=CARTESIAN_POINT('Ctrl Pts',(-0.866025403784444,-1.50000000000001,
-3.79166666666667));
#5594=CARTESIAN_POINT('Ctrl Pts',(-1.83697019872104E-16,-1.50000000000001,
-3.75));
#5595=CARTESIAN_POINT('Ctrl Pts',(0.866025403784443,-1.50000000000001,-3.70833333333333));
#5596=CARTESIAN_POINT('Ctrl Pts',(1.29903810567666,-0.750000000000005,-3.66666666666667));
#5597=CARTESIAN_POINT('Ctrl Pts',(1.73205080756889,-4.41901856982354E-16,
-3.625));
#5598=CARTESIAN_POINT('Ctrl Pts',(1.29903810567667,0.750000000000003,-3.58333333333333));
#5599=CARTESIAN_POINT('Ctrl Pts',(0.866025403784444,1.50000000000001,-3.54166666666667));
#5600=CARTESIAN_POINT('Ctrl Pts',(0.,1.50000000000001,-3.5));
#5601=CARTESIAN_POINT('Origin',(0.,0.,8.81000000000001));
#5602=CARTESIAN_POINT('',(-9.1848509936052E-17,1.50000000000001,-2.93750000000001));
#5603=CARTESIAN_POINT('',(-9.1848509936052E-17,1.50000000000001,-3.));
#5604=CARTESIAN_POINT('',(-1.83697019872104E-16,1.50000000000001,8.81000000000001));
#5605=CARTESIAN_POINT('Ctrl Pts',(0.,1.50000000000001,-3.43750000000001));
#5606=CARTESIAN_POINT('Ctrl Pts',(-0.866025403784443,1.50000000000001,-3.39583333333335));
#5607=CARTESIAN_POINT('Ctrl Pts',(-1.29903810567666,0.750000000000004,-3.35416666666668));
#5608=CARTESIAN_POINT('Ctrl Pts',(-1.73205080756889,-1.73921791009544E-17,
-3.31250000000001));
#5609=CARTESIAN_POINT('Ctrl Pts',(-1.29903810567667,-0.750000000000004,
-3.27083333333335));
#5610=CARTESIAN_POINT('Ctrl Pts',(-0.866025403784444,-1.50000000000001,
-3.22916666666668));
#5611=CARTESIAN_POINT('Ctrl Pts',(-1.83697019872104E-16,-1.50000000000001,
-3.18750000000001));
#5612=CARTESIAN_POINT('Ctrl Pts',(0.866025403784443,-1.50000000000001,-3.14583333333334));
#5613=CARTESIAN_POINT('Ctrl Pts',(1.29903810567666,-0.750000000000005,-3.10416666666668));
#5614=CARTESIAN_POINT('Ctrl Pts',(1.73205080756889,-4.41398608677772E-16,
-3.06250000000001));
#5615=CARTESIAN_POINT('Ctrl Pts',(1.29903810567667,0.750000000000003,-3.02083333333335));
#5616=CARTESIAN_POINT('Ctrl Pts',(0.866025403784444,1.50000000000001,-2.97916666666668));
#5617=CARTESIAN_POINT('Ctrl Pts',(0.,1.50000000000001,-2.93750000000001));
#5618=CARTESIAN_POINT('Ctrl Pts',(0.,1.50000000000001,-3.5));
#5619=CARTESIAN_POINT('Ctrl Pts',(-0.866025403784443,1.50000000000001,-3.45833333333333));
#5620=CARTESIAN_POINT('Ctrl Pts',(-1.29903810567666,0.750000000000004,-3.41666666666667));
#5621=CARTESIAN_POINT('Ctrl Pts',(-1.73205080756889,-1.74480955792413E-17,
-3.375));
#5622=CARTESIAN_POINT('Ctrl Pts',(-1.29903810567667,-0.750000000000004,
-3.33333333333333));
#5623=CARTESIAN_POINT('Ctrl Pts',(-0.866025403784444,-1.50000000000001,
-3.29166666666667));
#5624=CARTESIAN_POINT('Ctrl Pts',(-1.83697019872104E-16,-1.50000000000001,
-3.25));
#5625=CARTESIAN_POINT('Ctrl Pts',(0.866025403784443,-1.50000000000001,-3.20833333333333));
#5626=CARTESIAN_POINT('Ctrl Pts',(1.29903810567666,-0.750000000000005,-3.16666666666667));
#5627=CARTESIAN_POINT('Ctrl Pts',(1.73205080756889,-4.41454525156059E-16,
-3.125));
#5628=CARTESIAN_POINT('Ctrl Pts',(1.29903810567667,0.750000000000003,-3.08333333333333));
#5629=CARTESIAN_POINT('Ctrl Pts',(0.866025403784444,1.50000000000001,-3.04166666666667));
#5630=CARTESIAN_POINT('Ctrl Pts',(0.,1.50000000000001,-3.));
#5631=CARTESIAN_POINT('Origin',(0.,0.,8.81000000000001));
#5632=CARTESIAN_POINT('',(-9.1848509936052E-17,1.50000000000001,-2.43750000000001));
#5633=CARTESIAN_POINT('',(-9.1848509936052E-17,1.50000000000001,-2.5));
#5634=CARTESIAN_POINT('',(-1.83697019872104E-16,1.50000000000001,8.81000000000001));
#5635=CARTESIAN_POINT('Ctrl Pts',(0.,1.50000000000001,-2.93750000000001));
#5636=CARTESIAN_POINT('Ctrl Pts',(-0.866025403784443,1.50000000000001,-2.89583333333335));
#5637=CARTESIAN_POINT('Ctrl Pts',(-1.29903810567666,0.750000000000004,-2.85416666666668));
#5638=CARTESIAN_POINT('Ctrl Pts',(-1.73205080756889,-1.69448472746588E-17,
-2.81250000000001));
#5639=CARTESIAN_POINT('Ctrl Pts',(-1.29903810567667,-0.750000000000004,
-2.77083333333335));
#5640=CARTESIAN_POINT('Ctrl Pts',(-0.866025403784444,-1.50000000000001,
-2.72916666666668));
#5641=CARTESIAN_POINT('Ctrl Pts',(-1.83697019872104E-16,-1.50000000000001,
-2.68750000000001));
#5642=CARTESIAN_POINT('Ctrl Pts',(0.866025403784443,-1.50000000000001,-2.64583333333335));
#5643=CARTESIAN_POINT('Ctrl Pts',(1.29903810567666,-0.750000000000005,-2.60416666666668));
#5644=CARTESIAN_POINT('Ctrl Pts',(1.73205080756889,-4.40951276851476E-16,
-2.56250000000001));
#5645=CARTESIAN_POINT('Ctrl Pts',(1.29903810567667,0.750000000000003,-2.52083333333335));
#5646=CARTESIAN_POINT('Ctrl Pts',(0.866025403784444,1.50000000000001,-2.47916666666668));
#5647=CARTESIAN_POINT('Ctrl Pts',(0.,1.50000000000001,-2.43750000000001));
#5648=CARTESIAN_POINT('Ctrl Pts',(0.,1.50000000000001,-3.));
#5649=CARTESIAN_POINT('Ctrl Pts',(-0.866025403784443,1.50000000000001,-2.95833333333333));
#5650=CARTESIAN_POINT('Ctrl Pts',(-1.29903810567666,0.750000000000004,-2.91666666666667));
#5651=CARTESIAN_POINT('Ctrl Pts',(-1.73205080756889,-1.70007637529457E-17,
-2.875));
#5652=CARTESIAN_POINT('Ctrl Pts',(-1.29903810567667,-0.750000000000004,
-2.83333333333333));
#5653=CARTESIAN_POINT('Ctrl Pts',(-0.866025403784444,-1.50000000000001,
-2.79166666666667));
#5654=CARTESIAN_POINT('Ctrl Pts',(-1.83697019872104E-16,-1.50000000000001,
-2.75));
#5655=CARTESIAN_POINT('Ctrl Pts',(0.866025403784443,-1.50000000000001,-2.70833333333333));
#5656=CARTESIAN_POINT('Ctrl Pts',(1.29903810567666,-0.750000000000005,-2.66666666666667));
#5657=CARTESIAN_POINT('Ctrl Pts',(1.73205080756889,-4.41007193329763E-16,
-2.625));
#5658=CARTESIAN_POINT('Ctrl Pts',(1.29903810567667,0.750000000000003,-2.58333333333333));
#5659=CARTESIAN_POINT('Ctrl Pts',(0.866025403784444,1.50000000000001,-2.54166666666667));
#5660=CARTESIAN_POINT('Ctrl Pts',(0.,1.50000000000001,-2.5));
#5661=CARTESIAN_POINT('Origin',(0.,0.,8.81000000000001));
#5662=CARTESIAN_POINT('',(-9.1848509936052E-17,1.50000000000001,-1.93750000000001));
#5663=CARTESIAN_POINT('',(-9.1848509936052E-17,1.50000000000001,-2.));
#5664=CARTESIAN_POINT('',(-1.83697019872104E-16,1.50000000000001,8.81000000000001));
#5665=CARTESIAN_POINT('Ctrl Pts',(0.,1.50000000000001,-2.43750000000001));
#5666=CARTESIAN_POINT('Ctrl Pts',(-0.866025403784443,1.50000000000001,-2.39583333333335));
#5667=CARTESIAN_POINT('Ctrl Pts',(-1.29903810567666,0.750000000000004,-2.35416666666668));
#5668=CARTESIAN_POINT('Ctrl Pts',(-1.73205080756889,-1.64975154483632E-17,
-2.31250000000001));
#5669=CARTESIAN_POINT('Ctrl Pts',(-1.29903810567667,-0.750000000000004,
-2.27083333333335));
#5670=CARTESIAN_POINT('Ctrl Pts',(-0.866025403784444,-1.50000000000001,
-2.22916666666668));
#5671=CARTESIAN_POINT('Ctrl Pts',(-1.83697019872104E-16,-1.50000000000001,
-2.18750000000001));
#5672=CARTESIAN_POINT('Ctrl Pts',(0.866025403784443,-1.50000000000001,-2.14583333333335));
#5673=CARTESIAN_POINT('Ctrl Pts',(1.29903810567666,-0.750000000000005,-2.10416666666668));
#5674=CARTESIAN_POINT('Ctrl Pts',(1.73205080756889,-4.4050394502518E-16,
-2.06250000000001));
#5675=CARTESIAN_POINT('Ctrl Pts',(1.29903810567667,0.750000000000003,-2.02083333333335));
#5676=CARTESIAN_POINT('Ctrl Pts',(0.866025403784444,1.50000000000001,-1.97916666666668));
#5677=CARTESIAN_POINT('Ctrl Pts',(0.,1.50000000000001,-1.93750000000001));
#5678=CARTESIAN_POINT('Ctrl Pts',(0.,1.50000000000001,-2.5));
#5679=CARTESIAN_POINT('Ctrl Pts',(-0.866025403784443,1.50000000000001,-2.45833333333333));
#5680=CARTESIAN_POINT('Ctrl Pts',(-1.29903810567666,0.750000000000004,-2.41666666666667));
#5681=CARTESIAN_POINT('Ctrl Pts',(-1.73205080756889,-1.65534319266501E-17,
-2.375));
#5682=CARTESIAN_POINT('Ctrl Pts',(-1.29903810567667,-0.750000000000004,
-2.33333333333333));
#5683=CARTESIAN_POINT('Ctrl Pts',(-0.866025403784444,-1.50000000000001,
-2.29166666666667));
#5684=CARTESIAN_POINT('Ctrl Pts',(-1.83697019872104E-16,-1.50000000000001,
-2.25));
#5685=CARTESIAN_POINT('Ctrl Pts',(0.866025403784443,-1.50000000000001,-2.20833333333333));
#5686=CARTESIAN_POINT('Ctrl Pts',(1.29903810567666,-0.750000000000005,-2.16666666666667));
#5687=CARTESIAN_POINT('Ctrl Pts',(1.73205080756889,-4.40559861503467E-16,
-2.125));
#5688=CARTESIAN_POINT('Ctrl Pts',(1.29903810567667,0.750000000000003,-2.08333333333333));
#5689=CARTESIAN_POINT('Ctrl Pts',(0.866025403784444,1.50000000000001,-2.04166666666667));
#5690=CARTESIAN_POINT('Ctrl Pts',(0.,1.50000000000001,-2.));
#5691=CARTESIAN_POINT('Origin',(0.,0.,8.81000000000001));
#5692=CARTESIAN_POINT('',(-9.1848509936052E-17,1.50000000000001,-1.43750000000001));
#5693=CARTESIAN_POINT('',(-9.1848509936052E-17,1.50000000000001,-1.5));
#5694=CARTESIAN_POINT('',(-1.83697019872104E-16,1.50000000000001,8.81000000000001));
#5695=CARTESIAN_POINT('Ctrl Pts',(0.,1.50000000000001,-1.93750000000001));
#5696=CARTESIAN_POINT('Ctrl Pts',(-0.866025403784443,1.50000000000001,-1.89583333333335));
#5697=CARTESIAN_POINT('Ctrl Pts',(-1.29903810567666,0.750000000000004,-1.85416666666668));
#5698=CARTESIAN_POINT('Ctrl Pts',(-1.73205080756889,-1.60501836220676E-17,
-1.81250000000001));
#5699=CARTESIAN_POINT('Ctrl Pts',(-1.29903810567667,-0.750000000000004,
-1.77083333333335));
#5700=CARTESIAN_POINT('Ctrl Pts',(-0.866025403784444,-1.50000000000001,
-1.72916666666668));
#5701=CARTESIAN_POINT('Ctrl Pts',(-1.83697019872104E-16,-1.50000000000001,
-1.68750000000001));
#5702=CARTESIAN_POINT('Ctrl Pts',(0.866025403784443,-1.50000000000001,-1.64583333333335));
#5703=CARTESIAN_POINT('Ctrl Pts',(1.29903810567666,-0.750000000000005,-1.60416666666668));
#5704=CARTESIAN_POINT('Ctrl Pts',(1.73205080756889,-4.40056613198885E-16,
-1.56250000000001));
#5705=CARTESIAN_POINT('Ctrl Pts',(1.29903810567667,0.750000000000003,-1.52083333333334));
#5706=CARTESIAN_POINT('Ctrl Pts',(0.866025403784444,1.50000000000001,-1.47916666666668));
#5707=CARTESIAN_POINT('Ctrl Pts',(0.,1.50000000000001,-1.43750000000001));
#5708=CARTESIAN_POINT('Ctrl Pts',(0.,1.50000000000001,-2.));
#5709=CARTESIAN_POINT('Ctrl Pts',(-0.866025403784443,1.50000000000001,-1.95833333333333));
#5710=CARTESIAN_POINT('Ctrl Pts',(-1.29903810567666,0.750000000000004,-1.91666666666667));
#5711=CARTESIAN_POINT('Ctrl Pts',(-1.73205080756889,-1.61061001003545E-17,
-1.875));
#5712=CARTESIAN_POINT('Ctrl Pts',(-1.29903810567667,-0.750000000000004,
-1.83333333333333));
#5713=CARTESIAN_POINT('Ctrl Pts',(-0.866025403784444,-1.50000000000001,
-1.79166666666667));
#5714=CARTESIAN_POINT('Ctrl Pts',(-1.83697019872104E-16,-1.50000000000001,
-1.75));
#5715=CARTESIAN_POINT('Ctrl Pts',(0.866025403784443,-1.50000000000001,-1.70833333333333));
#5716=CARTESIAN_POINT('Ctrl Pts',(1.29903810567666,-0.750000000000005,-1.66666666666667));
#5717=CARTESIAN_POINT('Ctrl Pts',(1.73205080756889,-4.40112529677172E-16,
-1.625));
#5718=CARTESIAN_POINT('Ctrl Pts',(1.29903810567667,0.750000000000003,-1.58333333333333));
#5719=CARTESIAN_POINT('Ctrl Pts',(0.866025403784444,1.50000000000001,-1.54166666666667));
#5720=CARTESIAN_POINT('Ctrl Pts',(0.,1.50000000000001,-1.5));
#5721=CARTESIAN_POINT('Origin',(0.,0.,8.81000000000001));
#5722=CARTESIAN_POINT('',(-9.1848509936052E-17,1.50000000000001,-0.937500000000012));
#5723=CARTESIAN_POINT('',(-9.1848509936052E-17,1.50000000000001,-1.));
#5724=CARTESIAN_POINT('',(-1.83697019872104E-16,1.50000000000001,8.81000000000001));
#5725=CARTESIAN_POINT('Ctrl Pts',(0.,1.50000000000001,-1.43750000000001));
#5726=CARTESIAN_POINT('Ctrl Pts',(-0.866025403784443,1.50000000000001,-1.39583333333334));
#5727=CARTESIAN_POINT('Ctrl Pts',(-1.29903810567666,0.750000000000004,-1.35416666666668));
#5728=CARTESIAN_POINT('Ctrl Pts',(-1.73205080756889,-1.5602851795772E-17,
-1.31250000000001));
#5729=CARTESIAN_POINT('Ctrl Pts',(-1.29903810567667,-0.750000000000004,
-1.27083333333334));
#5730=CARTESIAN_POINT('Ctrl Pts',(-0.866025403784444,-1.50000000000001,
-1.22916666666668));
#5731=CARTESIAN_POINT('Ctrl Pts',(-1.83697019872104E-16,-1.50000000000001,
-1.18750000000001));
#5732=CARTESIAN_POINT('Ctrl Pts',(0.866025403784443,-1.50000000000001,-1.14583333333334));
#5733=CARTESIAN_POINT('Ctrl Pts',(1.29903810567666,-0.750000000000005,-1.10416666666668));
#5734=CARTESIAN_POINT('Ctrl Pts',(1.73205080756889,-4.39609281372589E-16,
-1.06250000000001));
#5735=CARTESIAN_POINT('Ctrl Pts',(1.29903810567667,0.750000000000003,-1.02083333333334));
#5736=CARTESIAN_POINT('Ctrl Pts',(0.866025403784444,1.50000000000001,-0.979166666666679));
#5737=CARTESIAN_POINT('Ctrl Pts',(0.,1.50000000000001,-0.937500000000012));
#5738=CARTESIAN_POINT('Ctrl Pts',(0.,1.50000000000001,-1.5));
#5739=CARTESIAN_POINT('Ctrl Pts',(-0.866025403784443,1.50000000000001,-1.45833333333333));
#5740=CARTESIAN_POINT('Ctrl Pts',(-1.29903810567666,0.750000000000004,-1.41666666666667));
#5741=CARTESIAN_POINT('Ctrl Pts',(-1.73205080756889,-1.56587682740589E-17,
-1.375));
#5742=CARTESIAN_POINT('Ctrl Pts',(-1.29903810567667,-0.750000000000004,
-1.33333333333333));
#5743=CARTESIAN_POINT('Ctrl Pts',(-0.866025403784444,-1.50000000000001,
-1.29166666666667));
#5744=CARTESIAN_POINT('Ctrl Pts',(-1.83697019872104E-16,-1.50000000000001,
-1.25));
#5745=CARTESIAN_POINT('Ctrl Pts',(0.866025403784443,-1.50000000000001,-1.20833333333333));
#5746=CARTESIAN_POINT('Ctrl Pts',(1.29903810567666,-0.750000000000005,-1.16666666666667));
#5747=CARTESIAN_POINT('Ctrl Pts',(1.73205080756889,-4.39665197850876E-16,
-1.125));
#5748=CARTESIAN_POINT('Ctrl Pts',(1.29903810567667,0.750000000000003,-1.08333333333333));
#5749=CARTESIAN_POINT('Ctrl Pts',(0.866025403784444,1.50000000000001,-1.04166666666667));
#5750=CARTESIAN_POINT('Ctrl Pts',(0.,1.50000000000001,-1.));
#5751=CARTESIAN_POINT('Origin',(0.,0.,8.81000000000001));
#5752=CARTESIAN_POINT('',(-9.1848509936052E-17,1.50000000000001,-0.437500000000011));
#5753=CARTESIAN_POINT('',(-9.1848509936052E-17,1.50000000000001,-0.5));
#5754=CARTESIAN_POINT('',(-1.83697019872104E-16,1.50000000000001,8.81000000000001));
#5755=CARTESIAN_POINT('Ctrl Pts',(0.,1.50000000000001,-0.937500000000012));
#5756=CARTESIAN_POINT('Ctrl Pts',(-0.866025403784443,1.50000000000001,-0.895833333333344));
#5757=CARTESIAN_POINT('Ctrl Pts',(-1.29903810567666,0.750000000000004,-0.854166666666679));
#5758=CARTESIAN_POINT('Ctrl Pts',(-1.73205080756889,-1.51555199694764E-17,
-0.812500000000012));
#5759=CARTESIAN_POINT('Ctrl Pts',(-1.29903810567667,-0.750000000000004,
-0.770833333333344));
#5760=CARTESIAN_POINT('Ctrl Pts',(-0.866025403784444,-1.50000000000001,
-0.729166666666679));
#5761=CARTESIAN_POINT('Ctrl Pts',(-1.83697019872104E-16,-1.50000000000001,
-0.687500000000011));
#5762=CARTESIAN_POINT('Ctrl Pts',(0.866025403784443,-1.50000000000001,-0.645833333333346));
#5763=CARTESIAN_POINT('Ctrl Pts',(1.29903810567666,-0.750000000000005,-0.604166666666679));
#5764=CARTESIAN_POINT('Ctrl Pts',(1.73205080756889,-4.39161949546294E-16,
-0.562500000000011));
#5765=CARTESIAN_POINT('Ctrl Pts',(1.29903810567667,0.750000000000003,-0.520833333333346));
#5766=CARTESIAN_POINT('Ctrl Pts',(0.866025403784444,1.50000000000001,-0.479166666666678));
#5767=CARTESIAN_POINT('Ctrl Pts',(0.,1.50000000000001,-0.437500000000011));
#5768=CARTESIAN_POINT('Ctrl Pts',(0.,1.50000000000001,-1.));
#5769=CARTESIAN_POINT('Ctrl Pts',(-0.866025403784443,1.50000000000001,-0.958333333333333));
#5770=CARTESIAN_POINT('Ctrl Pts',(-1.29903810567666,0.750000000000004,-0.916666666666666));
#5771=CARTESIAN_POINT('Ctrl Pts',(-1.73205080756889,-1.52114364477633E-17,
-0.875));
#5772=CARTESIAN_POINT('Ctrl Pts',(-1.29903810567667,-0.750000000000004,
-0.833333333333333));
#5773=CARTESIAN_POINT('Ctrl Pts',(-0.866025403784444,-1.50000000000001,
-0.791666666666667));
#5774=CARTESIAN_POINT('Ctrl Pts',(-1.83697019872104E-16,-1.50000000000001,
-0.75));
#5775=CARTESIAN_POINT('Ctrl Pts',(0.866025403784443,-1.50000000000001,-0.708333333333333));
#5776=CARTESIAN_POINT('Ctrl Pts',(1.29903810567666,-0.750000000000005,-0.666666666666667));
#5777=CARTESIAN_POINT('Ctrl Pts',(1.73205080756889,-4.3921786602458E-16,
-0.625));
#5778=CARTESIAN_POINT('Ctrl Pts',(1.29903810567667,0.750000000000003,-0.583333333333333));
#5779=CARTESIAN_POINT('Ctrl Pts',(0.866025403784444,1.50000000000001,-0.541666666666667));
#5780=CARTESIAN_POINT('Ctrl Pts',(0.,1.50000000000001,-0.5));
#5781=CARTESIAN_POINT('Origin',(0.,0.,8.81000000000001));
#5782=CARTESIAN_POINT('',(-9.1848509936052E-17,1.50000000000001,0.0624999999999875));
#5783=CARTESIAN_POINT('',(-9.1848509936052E-17,1.50000000000001,4.30292737205185E-16));
#5784=CARTESIAN_POINT('',(-1.83697019872104E-16,1.50000000000001,8.81000000000001));
#5785=CARTESIAN_POINT('Ctrl Pts',(0.,1.50000000000001,-0.437500000000011));
#5786=CARTESIAN_POINT('Ctrl Pts',(-0.866025403784443,1.50000000000001,-0.395833333333346));
#5787=CARTESIAN_POINT('Ctrl Pts',(-1.29903810567666,0.750000000000004,-0.354166666666678));
#5788=CARTESIAN_POINT('Ctrl Pts',(-1.73205080756889,-1.47081881431807E-17,
-0.312500000000011));
#5789=CARTESIAN_POINT('Ctrl Pts',(-1.29903810567667,-0.750000000000004,
-0.270833333333346));
#5790=CARTESIAN_POINT('Ctrl Pts',(-0.866025403784444,-1.50000000000001,
-0.229166666666678));
#5791=CARTESIAN_POINT('Ctrl Pts',(-1.83697019872104E-16,-1.50000000000001,
-0.187500000000011));
#5792=CARTESIAN_POINT('Ctrl Pts',(0.866025403784443,-1.50000000000001,-0.145833333333345));
#5793=CARTESIAN_POINT('Ctrl Pts',(1.29903810567666,-0.750000000000005,-0.104166666666678));
#5794=CARTESIAN_POINT('Ctrl Pts',(1.73205080756889,-4.38714617719998E-16,
-0.0625000000000126));
#5795=CARTESIAN_POINT('Ctrl Pts',(1.29903810567667,0.750000000000003,-0.0208333333333453));
#5796=CARTESIAN_POINT('Ctrl Pts',(0.866025403784444,1.50000000000001,0.0208333333333219));
#5797=CARTESIAN_POINT('Ctrl Pts',(0.,1.50000000000001,0.0624999999999875));
#5798=CARTESIAN_POINT('Ctrl Pts',(0.,1.50000000000001,-0.5));
#5799=CARTESIAN_POINT('Ctrl Pts',(-0.866025403784443,1.50000000000001,-0.458333333333333));
#5800=CARTESIAN_POINT('Ctrl Pts',(-1.29903810567666,0.750000000000004,-0.416666666666667));
#5801=CARTESIAN_POINT('Ctrl Pts',(-1.73205080756889,-1.47641046214677E-17,
-0.375));
#5802=CARTESIAN_POINT('Ctrl Pts',(-1.29903810567667,-0.750000000000004,
-0.333333333333333));
#5803=CARTESIAN_POINT('Ctrl Pts',(-0.866025403784444,-1.50000000000001,
-0.291666666666667));
#5804=CARTESIAN_POINT('Ctrl Pts',(-1.83697019872104E-16,-1.50000000000001,
-0.25));
#5805=CARTESIAN_POINT('Ctrl Pts',(0.866025403784443,-1.50000000000001,-0.208333333333334));
#5806=CARTESIAN_POINT('Ctrl Pts',(1.29903810567666,-0.750000000000005,-0.166666666666667));
#5807=CARTESIAN_POINT('Ctrl Pts',(1.73205080756889,-4.38770534198285E-16,
-0.125));
#5808=CARTESIAN_POINT('Ctrl Pts',(1.29903810567667,0.750000000000003,-0.0833333333333341));
#5809=CARTESIAN_POINT('Ctrl Pts',(0.866025403784444,1.50000000000001,-0.0416666666666669));
#5810=CARTESIAN_POINT('Ctrl Pts',(0.,1.50000000000001,4.30292737205185E-16));
#5811=CARTESIAN_POINT('Origin',(0.,0.,8.81000000000001));
#5812=CARTESIAN_POINT('',(-9.1848509936052E-17,1.50000000000001,0.562499999999988));
#5813=CARTESIAN_POINT('',(-9.1848509936052E-17,1.50000000000001,0.499999999999999));
#5814=CARTESIAN_POINT('',(-1.83697019872104E-16,1.50000000000001,8.81000000000001));
#5815=CARTESIAN_POINT('Ctrl Pts',(0.,1.50000000000001,0.0624999999999875));
#5816=CARTESIAN_POINT('Ctrl Pts',(-0.866025403784443,1.50000000000001,0.104166666666655));
#5817=CARTESIAN_POINT('Ctrl Pts',(-1.29903810567666,0.750000000000004,0.145833333333322));
#5818=CARTESIAN_POINT('Ctrl Pts',(-1.73205080756889,-1.42608563168851E-17,
0.187499999999988));
#5819=CARTESIAN_POINT('Ctrl Pts',(-1.29903810567667,-0.750000000000004,
0.229166666666655));
#5820=CARTESIAN_POINT('Ctrl Pts',(-0.866025403784444,-1.50000000000001,
0.270833333333322));
#5821=CARTESIAN_POINT('Ctrl Pts',(-1.83697019872104E-16,-1.50000000000001,
0.312499999999988));
#5822=CARTESIAN_POINT('Ctrl Pts',(0.866025403784443,-1.50000000000001,0.354166666666655));
#5823=CARTESIAN_POINT('Ctrl Pts',(1.29903810567666,-0.750000000000005,0.395833333333322));
#5824=CARTESIAN_POINT('Ctrl Pts',(1.73205080756889,-4.38267285893702E-16,
0.437499999999988));
#5825=CARTESIAN_POINT('Ctrl Pts',(1.29903810567667,0.750000000000003,0.479166666666655));
#5826=CARTESIAN_POINT('Ctrl Pts',(0.866025403784444,1.50000000000001,0.520833333333322));
#5827=CARTESIAN_POINT('Ctrl Pts',(0.,1.50000000000001,0.562499999999988));
#5828=CARTESIAN_POINT('Ctrl Pts',(0.,1.50000000000001,4.30292737205185E-16));
#5829=CARTESIAN_POINT('Ctrl Pts',(-0.866025403784443,1.50000000000001,0.041666666666666));
#5830=CARTESIAN_POINT('Ctrl Pts',(-1.29903810567666,0.750000000000004,0.0833333333333333));
#5831=CARTESIAN_POINT('Ctrl Pts',(-1.73205080756889,-1.43167727951721E-17,
0.125000000000001));
#5832=CARTESIAN_POINT('Ctrl Pts',(-1.29903810567667,-0.750000000000004,
0.166666666666666));
#5833=CARTESIAN_POINT('Ctrl Pts',(-0.866025403784444,-1.50000000000001,
0.208333333333333));
#5834=CARTESIAN_POINT('Ctrl Pts',(-1.83697019872104E-16,-1.50000000000001,
0.250000000000001));
#5835=CARTESIAN_POINT('Ctrl Pts',(0.866025403784443,-1.50000000000001,0.291666666666666));
#5836=CARTESIAN_POINT('Ctrl Pts',(1.29903810567666,-0.750000000000005,0.333333333333333));
#5837=CARTESIAN_POINT('Ctrl Pts',(1.73205080756889,-4.38323202371989E-16,
0.374999999999999));
#5838=CARTESIAN_POINT('Ctrl Pts',(1.29903810567667,0.750000000000003,0.416666666666666));
#5839=CARTESIAN_POINT('Ctrl Pts',(0.866025403784444,1.50000000000001,0.458333333333333));
#5840=CARTESIAN_POINT('Ctrl Pts',(0.,1.50000000000001,0.499999999999999));
#5841=CARTESIAN_POINT('Origin',(0.,0.,8.81000000000001));
#5842=CARTESIAN_POINT('',(-9.1848509936052E-17,1.50000000000001,1.06249999999999));
#5843=CARTESIAN_POINT('',(-9.1848509936052E-17,1.50000000000001,1.));
#5844=CARTESIAN_POINT('',(-1.83697019872104E-16,1.50000000000001,8.81000000000001));
#5845=CARTESIAN_POINT('Ctrl Pts',(0.,1.50000000000001,0.562499999999988));
#5846=CARTESIAN_POINT('Ctrl Pts',(-0.866025403784443,1.50000000000001,0.604166666666655));
#5847=CARTESIAN_POINT('Ctrl Pts',(-1.29903810567666,0.750000000000004,0.645833333333321));
#5848=CARTESIAN_POINT('Ctrl Pts',(-1.73205080756889,-1.38135244905895E-17,
0.687499999999988));
#5849=CARTESIAN_POINT('Ctrl Pts',(-1.29903810567667,-0.750000000000004,
0.729166666666655));
#5850=CARTESIAN_POINT('Ctrl Pts',(-0.866025403784444,-1.50000000000001,
0.770833333333321));
#5851=CARTESIAN_POINT('Ctrl Pts',(-1.83697019872104E-16,-1.50000000000001,
0.812499999999988));
#5852=CARTESIAN_POINT('Ctrl Pts',(0.866025403784443,-1.50000000000001,0.854166666666656));
#5853=CARTESIAN_POINT('Ctrl Pts',(1.29903810567666,-0.750000000000005,0.895833333333321));
#5854=CARTESIAN_POINT('Ctrl Pts',(1.73205080756889,-4.37819954067407E-16,
0.937499999999988));
#5855=CARTESIAN_POINT('Ctrl Pts',(1.29903810567667,0.750000000000003,0.979166666666656));
#5856=CARTESIAN_POINT('Ctrl Pts',(0.866025403784444,1.50000000000001,1.02083333333332));
#5857=CARTESIAN_POINT('Ctrl Pts',(0.,1.50000000000001,1.06249999999999));
#5858=CARTESIAN_POINT('Ctrl Pts',(0.,1.50000000000001,0.499999999999999));
#5859=CARTESIAN_POINT('Ctrl Pts',(-0.866025403784443,1.50000000000001,0.541666666666666));
#5860=CARTESIAN_POINT('Ctrl Pts',(-1.29903810567666,0.750000000000004,0.583333333333334));
#5861=CARTESIAN_POINT('Ctrl Pts',(-1.73205080756889,-1.38694409688764E-17,
0.624999999999999));
#5862=CARTESIAN_POINT('Ctrl Pts',(-1.29903810567667,-0.750000000000004,
0.666666666666667));
#5863=CARTESIAN_POINT('Ctrl Pts',(-0.866025403784444,-1.50000000000001,
0.708333333333334));
#5864=CARTESIAN_POINT('Ctrl Pts',(-1.83697019872104E-16,-1.50000000000001,
0.749999999999999));
#5865=CARTESIAN_POINT('Ctrl Pts',(0.866025403784443,-1.50000000000001,0.791666666666667));
#5866=CARTESIAN_POINT('Ctrl Pts',(1.29903810567666,-0.750000000000005,0.833333333333334));
#5867=CARTESIAN_POINT('Ctrl Pts',(1.73205080756889,-4.37875870545694E-16,
0.874999999999999));
#5868=CARTESIAN_POINT('Ctrl Pts',(1.29903810567667,0.750000000000003,0.916666666666667));
#5869=CARTESIAN_POINT('Ctrl Pts',(0.866025403784444,1.50000000000001,0.958333333333334));
#5870=CARTESIAN_POINT('Ctrl Pts',(0.,1.50000000000001,1.));
#5871=CARTESIAN_POINT('Origin',(0.,0.,8.81000000000001));
#5872=CARTESIAN_POINT('',(-9.1848509936052E-17,1.50000000000001,1.56249999999999));
#5873=CARTESIAN_POINT('',(-9.1848509936052E-17,1.50000000000001,1.5));
#5874=CARTESIAN_POINT('',(-1.83697019872104E-16,1.50000000000001,8.81000000000001));
#5875=CARTESIAN_POINT('Ctrl Pts',(0.,1.50000000000001,1.06249999999999));
#5876=CARTESIAN_POINT('Ctrl Pts',(-0.866025403784443,1.50000000000001,1.10416666666666));
#5877=CARTESIAN_POINT('Ctrl Pts',(-1.29903810567666,0.750000000000004,1.14583333333332));
#5878=CARTESIAN_POINT('Ctrl Pts',(-1.73205080756889,-1.33661926642939E-17,
1.18749999999999));
#5879=CARTESIAN_POINT('Ctrl Pts',(-1.29903810567667,-0.750000000000004,
1.22916666666665));
#5880=CARTESIAN_POINT('Ctrl Pts',(-0.866025403784444,-1.50000000000001,
1.27083333333332));
#5881=CARTESIAN_POINT('Ctrl Pts',(-1.83697019872104E-16,-1.50000000000001,
1.31249999999999));
#5882=CARTESIAN_POINT('Ctrl Pts',(0.866025403784443,-1.50000000000001,1.35416666666665));
#5883=CARTESIAN_POINT('Ctrl Pts',(1.29903810567666,-0.750000000000005,1.39583333333332));
#5884=CARTESIAN_POINT('Ctrl Pts',(1.73205080756889,-4.37372622241111E-16,
1.43749999999999));
#5885=CARTESIAN_POINT('Ctrl Pts',(1.29903810567667,0.750000000000003,1.47916666666665));
#5886=CARTESIAN_POINT('Ctrl Pts',(0.866025403784444,1.50000000000001,1.52083333333332));
#5887=CARTESIAN_POINT('Ctrl Pts',(0.,1.50000000000001,1.56249999999999));
#5888=CARTESIAN_POINT('Ctrl Pts',(0.,1.50000000000001,1.));
#5889=CARTESIAN_POINT('Ctrl Pts',(-0.866025403784443,1.50000000000001,1.04166666666667));
#5890=CARTESIAN_POINT('Ctrl Pts',(-1.29903810567666,0.750000000000004,1.08333333333333));
#5891=CARTESIAN_POINT('Ctrl Pts',(-1.73205080756889,-1.34221091425808E-17,
1.125));
#5892=CARTESIAN_POINT('Ctrl Pts',(-1.29903810567667,-0.750000000000004,
1.16666666666667));
#5893=CARTESIAN_POINT('Ctrl Pts',(-0.866025403784444,-1.50000000000001,
1.20833333333333));
#5894=CARTESIAN_POINT('Ctrl Pts',(-1.83697019872104E-16,-1.50000000000001,
1.25));
#5895=CARTESIAN_POINT('Ctrl Pts',(0.866025403784443,-1.50000000000001,1.29166666666667));
#5896=CARTESIAN_POINT('Ctrl Pts',(1.29903810567666,-0.750000000000005,1.33333333333333));
#5897=CARTESIAN_POINT('Ctrl Pts',(1.73205080756889,-4.37428538719398E-16,
1.375));
#5898=CARTESIAN_POINT('Ctrl Pts',(1.29903810567667,0.750000000000003,1.41666666666667));
#5899=CARTESIAN_POINT('Ctrl Pts',(0.866025403784444,1.50000000000001,1.45833333333333));
#5900=CARTESIAN_POINT('Ctrl Pts',(0.,1.50000000000001,1.5));
#5901=CARTESIAN_POINT('Origin',(0.,0.,8.81000000000001));
#5902=CARTESIAN_POINT('',(-9.1848509936052E-17,1.50000000000001,2.06249999999999));
#5903=CARTESIAN_POINT('',(-9.1848509936052E-17,1.50000000000001,2.));
#5904=CARTESIAN_POINT('',(-1.83697019872104E-16,1.50000000000001,8.81000000000001));
#5905=CARTESIAN_POINT('Ctrl Pts',(0.,1.50000000000001,1.56249999999999));
#5906=CARTESIAN_POINT('Ctrl Pts',(-0.866025403784443,1.50000000000001,1.60416666666665));
#5907=CARTESIAN_POINT('Ctrl Pts',(-1.29903810567666,0.750000000000004,1.64583333333332));
#5908=CARTESIAN_POINT('Ctrl Pts',(-1.73205080756889,-1.29188608379983E-17,
1.68749999999999));
#5909=CARTESIAN_POINT('Ctrl Pts',(-1.29903810567667,-0.750000000000004,
1.72916666666665));
#5910=CARTESIAN_POINT('Ctrl Pts',(-0.866025403784444,-1.50000000000001,
1.77083333333332));
#5911=CARTESIAN_POINT('Ctrl Pts',(-1.83697019872104E-16,-1.50000000000001,
1.81249999999999));
#5912=CARTESIAN_POINT('Ctrl Pts',(0.866025403784443,-1.50000000000001,1.85416666666665));
#5913=CARTESIAN_POINT('Ctrl Pts',(1.29903810567666,-0.750000000000005,1.89583333333332));
#5914=CARTESIAN_POINT('Ctrl Pts',(1.73205080756889,-4.36925290414816E-16,
1.93749999999999));
#5915=CARTESIAN_POINT('Ctrl Pts',(1.29903810567667,0.750000000000003,1.97916666666665));
#5916=CARTESIAN_POINT('Ctrl Pts',(0.866025403784444,1.50000000000001,2.02083333333332));
#5917=CARTESIAN_POINT('Ctrl Pts',(0.,1.50000000000001,2.06249999999999));
#5918=CARTESIAN_POINT('Ctrl Pts',(0.,1.50000000000001,1.5));
#5919=CARTESIAN_POINT('Ctrl Pts',(-0.866025403784443,1.50000000000001,1.54166666666667));
#5920=CARTESIAN_POINT('Ctrl Pts',(-1.29903810567666,0.750000000000004,1.58333333333333));
#5921=CARTESIAN_POINT('Ctrl Pts',(-1.73205080756889,-1.29747773162852E-17,
1.625));
#5922=CARTESIAN_POINT('Ctrl Pts',(-1.29903810567667,-0.750000000000004,
1.66666666666667));
#5923=CARTESIAN_POINT('Ctrl Pts',(-0.866025403784444,-1.50000000000001,
1.70833333333333));
#5924=CARTESIAN_POINT('Ctrl Pts',(-1.83697019872104E-16,-1.50000000000001,
1.75));
#5925=CARTESIAN_POINT('Ctrl Pts',(0.866025403784443,-1.50000000000001,1.79166666666667));
#5926=CARTESIAN_POINT('Ctrl Pts',(1.29903810567666,-0.750000000000005,1.83333333333333));
#5927=CARTESIAN_POINT('Ctrl Pts',(1.73205080756889,-4.36981206893102E-16,
1.875));
#5928=CARTESIAN_POINT('Ctrl Pts',(1.29903810567667,0.750000000000003,1.91666666666667));
#5929=CARTESIAN_POINT('Ctrl Pts',(0.866025403784444,1.50000000000001,1.95833333333333));
#5930=CARTESIAN_POINT('Ctrl Pts',(0.,1.50000000000001,2.));
#5931=CARTESIAN_POINT('Origin',(0.,0.,8.81000000000001));
#5932=CARTESIAN_POINT('',(-9.1848509936052E-17,1.50000000000001,2.56249999999999));
#5933=CARTESIAN_POINT('',(-9.1848509936052E-17,1.50000000000001,2.5));
#5934=CARTESIAN_POINT('',(-1.83697019872104E-16,1.50000000000001,8.81000000000001));
#5935=CARTESIAN_POINT('Ctrl Pts',(0.,1.50000000000001,2.06249999999999));
#5936=CARTESIAN_POINT('Ctrl Pts',(-0.866025403784443,1.50000000000001,2.10416666666665));
#5937=CARTESIAN_POINT('Ctrl Pts',(-1.29903810567666,0.750000000000004,2.14583333333332));
#5938=CARTESIAN_POINT('Ctrl Pts',(-1.73205080756889,-1.24715290117027E-17,
2.18749999999999));
#5939=CARTESIAN_POINT('Ctrl Pts',(-1.29903810567667,-0.750000000000004,
2.22916666666666));
#5940=CARTESIAN_POINT('Ctrl Pts',(-0.866025403784444,-1.50000000000001,
2.27083333333332));
#5941=CARTESIAN_POINT('Ctrl Pts',(-1.83697019872104E-16,-1.50000000000001,
2.31249999999999));
#5942=CARTESIAN_POINT('Ctrl Pts',(0.866025403784443,-1.50000000000001,2.35416666666665));
#5943=CARTESIAN_POINT('Ctrl Pts',(1.29903810567666,-0.750000000000005,2.39583333333332));
#5944=CARTESIAN_POINT('Ctrl Pts',(1.73205080756889,-4.3647795858852E-16,
2.43749999999999));
#5945=CARTESIAN_POINT('Ctrl Pts',(1.29903810567667,0.750000000000003,2.47916666666665));
#5946=CARTESIAN_POINT('Ctrl Pts',(0.866025403784444,1.50000000000001,2.52083333333332));
#5947=CARTESIAN_POINT('Ctrl Pts',(0.,1.50000000000001,2.56249999999999));
#5948=CARTESIAN_POINT('Ctrl Pts',(0.,1.50000000000001,2.));
#5949=CARTESIAN_POINT('Ctrl Pts',(-0.866025403784443,1.50000000000001,2.04166666666667));
#5950=CARTESIAN_POINT('Ctrl Pts',(-1.29903810567666,0.750000000000004,2.08333333333333));
#5951=CARTESIAN_POINT('Ctrl Pts',(-1.73205080756889,-1.25274454899896E-17,
2.125));
#5952=CARTESIAN_POINT('Ctrl Pts',(-1.29903810567667,-0.750000000000004,
2.16666666666667));
#5953=CARTESIAN_POINT('Ctrl Pts',(-0.866025403784444,-1.50000000000001,
2.20833333333333));
#5954=CARTESIAN_POINT('Ctrl Pts',(-1.83697019872104E-16,-1.50000000000001,
2.25));
#5955=CARTESIAN_POINT('Ctrl Pts',(0.866025403784443,-1.50000000000001,2.29166666666667));
#5956=CARTESIAN_POINT('Ctrl Pts',(1.29903810567666,-0.750000000000005,2.33333333333333));
#5957=CARTESIAN_POINT('Ctrl Pts',(1.73205080756889,-4.36533875066807E-16,
2.375));
#5958=CARTESIAN_POINT('Ctrl Pts',(1.29903810567667,0.750000000000003,2.41666666666667));
#5959=CARTESIAN_POINT('Ctrl Pts',(0.866025403784444,1.50000000000001,2.45833333333333));
#5960=CARTESIAN_POINT('Ctrl Pts',(0.,1.50000000000001,2.5));
#5961=CARTESIAN_POINT('Origin',(0.,0.,8.81000000000001));
#5962=CARTESIAN_POINT('',(-9.1848509936052E-17,1.50000000000001,3.06249999999999));
#5963=CARTESIAN_POINT('',(-9.1848509936052E-17,1.50000000000001,3.));
#5964=CARTESIAN_POINT('',(-1.83697019872104E-16,1.50000000000001,8.81000000000001));
#5965=CARTESIAN_POINT('Ctrl Pts',(0.,1.50000000000001,2.56249999999999));
#5966=CARTESIAN_POINT('Ctrl Pts',(-0.866025403784443,1.50000000000001,2.60416666666666));
#5967=CARTESIAN_POINT('Ctrl Pts',(-1.29903810567666,0.750000000000004,2.64583333333332));
#5968=CARTESIAN_POINT('Ctrl Pts',(-1.73205080756889,-1.20241971854071E-17,
2.68749999999999));
#5969=CARTESIAN_POINT('Ctrl Pts',(-1.29903810567667,-0.750000000000004,
2.72916666666666));
#5970=CARTESIAN_POINT('Ctrl Pts',(-0.866025403784444,-1.50000000000001,
2.77083333333332));
#5971=CARTESIAN_POINT('Ctrl Pts',(-1.83697019872104E-16,-1.50000000000001,
2.81249999999999));
#5972=CARTESIAN_POINT('Ctrl Pts',(0.866025403784443,-1.50000000000001,2.85416666666666));
#5973=CARTESIAN_POINT('Ctrl Pts',(1.29903810567666,-0.750000000000005,2.89583333333332));
#5974=CARTESIAN_POINT('Ctrl Pts',(1.73205080756889,-4.36030626762224E-16,
2.93749999999999));
#5975=CARTESIAN_POINT('Ctrl Pts',(1.29903810567667,0.750000000000003,2.97916666666665));
#5976=CARTESIAN_POINT('Ctrl Pts',(0.866025403784444,1.50000000000001,3.02083333333332));
#5977=CARTESIAN_POINT('Ctrl Pts',(0.,1.50000000000001,3.06249999999999));
#5978=CARTESIAN_POINT('Ctrl Pts',(0.,1.50000000000001,2.5));
#5979=CARTESIAN_POINT('Ctrl Pts',(-0.866025403784443,1.50000000000001,2.54166666666667));
#5980=CARTESIAN_POINT('Ctrl Pts',(-1.29903810567666,0.750000000000004,2.58333333333333));
#5981=CARTESIAN_POINT('Ctrl Pts',(-1.73205080756889,-1.2080113663694E-17,
2.625));
#5982=CARTESIAN_POINT('Ctrl Pts',(-1.29903810567667,-0.750000000000004,
2.66666666666667));
#5983=CARTESIAN_POINT('Ctrl Pts',(-0.866025403784444,-1.50000000000001,
2.70833333333333));
#5984=CARTESIAN_POINT('Ctrl Pts',(-1.83697019872104E-16,-1.50000000000001,
2.75));
#5985=CARTESIAN_POINT('Ctrl Pts',(0.866025403784443,-1.50000000000001,2.79166666666667));
#5986=CARTESIAN_POINT('Ctrl Pts',(1.29903810567666,-0.750000000000005,2.83333333333333));
#5987=CARTESIAN_POINT('Ctrl Pts',(1.73205080756889,-4.36086543240511E-16,
2.875));
#5988=CARTESIAN_POINT('Ctrl Pts',(1.29903810567667,0.750000000000003,2.91666666666667));
#5989=CARTESIAN_POINT('Ctrl Pts',(0.866025403784444,1.50000000000001,2.95833333333333));
#5990=CARTESIAN_POINT('Ctrl Pts',(0.,1.50000000000001,3.));
#5991=CARTESIAN_POINT('Origin',(0.,0.,8.81000000000001));
#5992=CARTESIAN_POINT('',(-9.1848509936052E-17,1.50000000000001,3.56249999999999));
#5993=CARTESIAN_POINT('',(-9.1848509936052E-17,1.50000000000001,3.5));
#5994=CARTESIAN_POINT('',(-1.83697019872104E-16,1.50000000000001,8.81000000000001));
#5995=CARTESIAN_POINT('Ctrl Pts',(0.,1.50000000000001,3.06249999999999));
#5996=CARTESIAN_POINT('Ctrl Pts',(-0.866025403784443,1.50000000000001,3.10416666666665));
#5997=CARTESIAN_POINT('Ctrl Pts',(-1.29903810567666,0.750000000000004,3.14583333333332));
#5998=CARTESIAN_POINT('Ctrl Pts',(-1.73205080756889,-1.15768653591115E-17,
3.18749999999999));
#5999=CARTESIAN_POINT('Ctrl Pts',(-1.29903810567667,-0.750000000000004,
3.22916666666665));
#6000=CARTESIAN_POINT('Ctrl Pts',(-0.866025403784444,-1.50000000000001,
3.27083333333332));
#6001=CARTESIAN_POINT('Ctrl Pts',(-1.83697019872104E-16,-1.50000000000001,
3.31249999999999));
#6002=CARTESIAN_POINT('Ctrl Pts',(0.866025403784443,-1.50000000000001,3.35416666666665));
#6003=CARTESIAN_POINT('Ctrl Pts',(1.29903810567666,-0.750000000000005,3.39583333333332));
#6004=CARTESIAN_POINT('Ctrl Pts',(1.73205080756889,-4.35583294935929E-16,
3.43749999999999));
#6005=CARTESIAN_POINT('Ctrl Pts',(1.29903810567667,0.750000000000003,3.47916666666665));
#6006=CARTESIAN_POINT('Ctrl Pts',(0.866025403784444,1.50000000000001,3.52083333333332));
#6007=CARTESIAN_POINT('Ctrl Pts',(0.,1.50000000000001,3.56249999999999));
#6008=CARTESIAN_POINT('Ctrl Pts',(0.,1.50000000000001,3.));
#6009=CARTESIAN_POINT('Ctrl Pts',(-0.866025403784443,1.50000000000001,3.04166666666667));
#6010=CARTESIAN_POINT('Ctrl Pts',(-1.29903810567666,0.750000000000004,3.08333333333333));
#6011=CARTESIAN_POINT('Ctrl Pts',(-1.73205080756889,-1.16327818373984E-17,
3.125));
#6012=CARTESIAN_POINT('Ctrl Pts',(-1.29903810567667,-0.750000000000004,
3.16666666666667));
#6013=CARTESIAN_POINT('Ctrl Pts',(-0.866025403784444,-1.50000000000001,
3.20833333333333));
#6014=CARTESIAN_POINT('Ctrl Pts',(-1.83697019872104E-16,-1.50000000000001,
3.25));
#6015=CARTESIAN_POINT('Ctrl Pts',(0.866025403784443,-1.50000000000001,3.29166666666667));
#6016=CARTESIAN_POINT('Ctrl Pts',(1.29903810567666,-0.750000000000005,3.33333333333333));
#6017=CARTESIAN_POINT('Ctrl Pts',(1.73205080756889,-4.35639211414216E-16,
3.375));
#6018=CARTESIAN_POINT('Ctrl Pts',(1.29903810567667,0.750000000000003,3.41666666666667));
#6019=CARTESIAN_POINT('Ctrl Pts',(0.866025403784444,1.50000000000001,3.45833333333333));
#6020=CARTESIAN_POINT('Ctrl Pts',(0.,1.50000000000001,3.5));
#6021=CARTESIAN_POINT('Origin',(0.,0.,8.81000000000001));
#6022=CARTESIAN_POINT('',(-9.1848509936052E-17,1.50000000000001,4.06249999999999));
#6023=CARTESIAN_POINT('',(-9.1848509936052E-17,1.50000000000001,4.));
#6024=CARTESIAN_POINT('',(-1.83697019872104E-16,1.50000000000001,8.81000000000001));
#6025=CARTESIAN_POINT('Ctrl Pts',(0.,1.50000000000001,3.56249999999999));
#6026=CARTESIAN_POINT('Ctrl Pts',(-0.866025403784443,1.50000000000001,3.60416666666665));
#6027=CARTESIAN_POINT('Ctrl Pts',(-1.29903810567666,0.750000000000004,3.64583333333332));
#6028=CARTESIAN_POINT('Ctrl Pts',(-1.73205080756889,-1.11295335328159E-17,
3.68749999999999));
#6029=CARTESIAN_POINT('Ctrl Pts',(-1.29903810567667,-0.750000000000004,
3.72916666666665));
#6030=CARTESIAN_POINT('Ctrl Pts',(-0.866025403784444,-1.50000000000001,
3.77083333333332));
#6031=CARTESIAN_POINT('Ctrl Pts',(-1.83697019872104E-16,-1.50000000000001,
3.81249999999999));
#6032=CARTESIAN_POINT('Ctrl Pts',(0.866025403784443,-1.50000000000001,3.85416666666665));
#6033=CARTESIAN_POINT('Ctrl Pts',(1.29903810567666,-0.750000000000005,3.89583333333332));
#6034=CARTESIAN_POINT('Ctrl Pts',(1.73205080756889,-4.35135963109633E-16,
3.93749999999999));
#6035=CARTESIAN_POINT('Ctrl Pts',(1.29903810567667,0.750000000000003,3.97916666666665));
#6036=CARTESIAN_POINT('Ctrl Pts',(0.866025403784444,1.50000000000001,4.02083333333332));
#6037=CARTESIAN_POINT('Ctrl Pts',(0.,1.50000000000001,4.06249999999999));
#6038=CARTESIAN_POINT('Ctrl Pts',(0.,1.50000000000001,3.5));
#6039=CARTESIAN_POINT('Ctrl Pts',(-0.866025403784443,1.50000000000001,3.54166666666667));
#6040=CARTESIAN_POINT('Ctrl Pts',(-1.29903810567666,0.750000000000004,3.58333333333333));
#6041=CARTESIAN_POINT('Ctrl Pts',(-1.73205080756889,-1.11854500111028E-17,
3.625));
#6042=CARTESIAN_POINT('Ctrl Pts',(-1.29903810567667,-0.750000000000004,
3.66666666666667));
#6043=CARTESIAN_POINT('Ctrl Pts',(-0.866025403784444,-1.50000000000001,
3.70833333333333));
#6044=CARTESIAN_POINT('Ctrl Pts',(-1.83697019872104E-16,-1.50000000000001,
3.75));
#6045=CARTESIAN_POINT('Ctrl Pts',(0.866025403784443,-1.50000000000001,3.79166666666667));
#6046=CARTESIAN_POINT('Ctrl Pts',(1.29903810567666,-0.750000000000005,3.83333333333333));
#6047=CARTESIAN_POINT('Ctrl Pts',(1.73205080756889,-4.3519187958792E-16,
3.875));
#6048=CARTESIAN_POINT('Ctrl Pts',(1.29903810567667,0.750000000000003,3.91666666666667));
#6049=CARTESIAN_POINT('Ctrl Pts',(0.866025403784444,1.50000000000001,3.95833333333333));
#6050=CARTESIAN_POINT('Ctrl Pts',(0.,1.50000000000001,4.));
#6051=CARTESIAN_POINT('Origin',(0.,0.,8.81000000000001));
#6052=CARTESIAN_POINT('',(-9.1848509936052E-17,1.50000000000001,4.56249999999999));
#6053=CARTESIAN_POINT('',(-9.1848509936052E-17,1.50000000000001,4.5));
#6054=CARTESIAN_POINT('',(-1.83697019872104E-16,1.50000000000001,8.81000000000001));
#6055=CARTESIAN_POINT('Ctrl Pts',(0.,1.50000000000001,4.06249999999999));
#6056=CARTESIAN_POINT('Ctrl Pts',(-0.866025403784443,1.50000000000001,4.10416666666666));
#6057=CARTESIAN_POINT('Ctrl Pts',(-1.29903810567666,0.750000000000004,4.14583333333332));
#6058=CARTESIAN_POINT('Ctrl Pts',(-1.73205080756889,-1.06822017065203E-17,
4.18749999999999));
#6059=CARTESIAN_POINT('Ctrl Pts',(-1.29903810567667,-0.750000000000004,
4.22916666666666));
#6060=CARTESIAN_POINT('Ctrl Pts',(-0.866025403784444,-1.50000000000001,
4.27083333333332));
#6061=CARTESIAN_POINT('Ctrl Pts',(-1.83697019872104E-16,-1.50000000000001,
4.31249999999999));
#6062=CARTESIAN_POINT('Ctrl Pts',(0.866025403784443,-1.50000000000001,4.35416666666666));
#6063=CARTESIAN_POINT('Ctrl Pts',(1.29903810567666,-0.750000000000005,4.39583333333332));
#6064=CARTESIAN_POINT('Ctrl Pts',(1.73205080756889,-4.34688631283337E-16,
4.43749999999999));
#6065=CARTESIAN_POINT('Ctrl Pts',(1.29903810567667,0.750000000000003,4.47916666666666));
#6066=CARTESIAN_POINT('Ctrl Pts',(0.866025403784444,1.50000000000001,4.52083333333332));
#6067=CARTESIAN_POINT('Ctrl Pts',(0.,1.50000000000001,4.56249999999999));
#6068=CARTESIAN_POINT('Ctrl Pts',(0.,1.50000000000001,4.));
#6069=CARTESIAN_POINT('Ctrl Pts',(-0.866025403784443,1.50000000000001,4.04166666666667));
#6070=CARTESIAN_POINT('Ctrl Pts',(-1.29903810567666,0.750000000000004,4.08333333333333));
#6071=CARTESIAN_POINT('Ctrl Pts',(-1.73205080756889,-1.07381181848072E-17,
4.125));
#6072=CARTESIAN_POINT('Ctrl Pts',(-1.29903810567667,-0.750000000000004,
4.16666666666667));
#6073=CARTESIAN_POINT('Ctrl Pts',(-0.866025403784444,-1.50000000000001,
4.20833333333333));
#6074=CARTESIAN_POINT('Ctrl Pts',(-1.83697019872104E-16,-1.50000000000001,
4.25));
#6075=CARTESIAN_POINT('Ctrl Pts',(0.866025403784443,-1.50000000000001,4.29166666666667));
#6076=CARTESIAN_POINT('Ctrl Pts',(1.29903810567666,-0.750000000000005,4.33333333333333));
#6077=CARTESIAN_POINT('Ctrl Pts',(1.73205080756889,-4.34744547761624E-16,
4.375));
#6078=CARTESIAN_POINT('Ctrl Pts',(1.29903810567667,0.750000000000003,4.41666666666667));
#6079=CARTESIAN_POINT('Ctrl Pts',(0.866025403784444,1.50000000000001,4.45833333333333));
#6080=CARTESIAN_POINT('Ctrl Pts',(0.,1.50000000000001,4.5));
#6081=CARTESIAN_POINT('Origin',(0.,0.,8.81000000000001));
#6082=CARTESIAN_POINT('',(-9.1848509936052E-17,1.50000000000001,5.06249999999999));
#6083=CARTESIAN_POINT('',(-9.1848509936052E-17,1.50000000000001,5.));
#6084=CARTESIAN_POINT('',(-1.83697019872104E-16,1.50000000000001,8.81000000000001));
#6085=CARTESIAN_POINT('Ctrl Pts',(0.,1.50000000000001,4.56249999999999));
#6086=CARTESIAN_POINT('Ctrl Pts',(-0.866025403784443,1.50000000000001,4.60416666666665));
#6087=CARTESIAN_POINT('Ctrl Pts',(-1.29903810567666,0.750000000000004,4.64583333333332));
#6088=CARTESIAN_POINT('Ctrl Pts',(-1.73205080756889,-1.02348698802247E-17,
4.68749999999999));
#6089=CARTESIAN_POINT('Ctrl Pts',(-1.29903810567667,-0.750000000000004,
4.72916666666665));
#6090=CARTESIAN_POINT('Ctrl Pts',(-0.866025403784444,-1.50000000000001,
4.77083333333332));
#6091=CARTESIAN_POINT('Ctrl Pts',(-1.83697019872104E-16,-1.50000000000001,
4.81249999999999));
#6092=CARTESIAN_POINT('Ctrl Pts',(0.866025403784443,-1.50000000000001,4.85416666666666));
#6093=CARTESIAN_POINT('Ctrl Pts',(1.29903810567666,-0.750000000000005,4.89583333333332));
#6094=CARTESIAN_POINT('Ctrl Pts',(1.73205080756889,-4.34241299457042E-16,
4.93749999999999));
#6095=CARTESIAN_POINT('Ctrl Pts',(1.29903810567667,0.750000000000003,4.97916666666665));
#6096=CARTESIAN_POINT('Ctrl Pts',(0.866025403784444,1.50000000000001,5.02083333333332));
#6097=CARTESIAN_POINT('Ctrl Pts',(0.,1.50000000000001,5.06249999999999));
#6098=CARTESIAN_POINT('Ctrl Pts',(0.,1.50000000000001,4.5));
#6099=CARTESIAN_POINT('Ctrl Pts',(-0.866025403784443,1.50000000000001,4.54166666666667));
#6100=CARTESIAN_POINT('Ctrl Pts',(-1.29903810567666,0.750000000000004,4.58333333333333));
#6101=CARTESIAN_POINT('Ctrl Pts',(-1.73205080756889,-1.02907863585116E-17,
4.625));
#6102=CARTESIAN_POINT('Ctrl Pts',(-1.29903810567667,-0.750000000000004,
4.66666666666667));
#6103=CARTESIAN_POINT('Ctrl Pts',(-0.866025403784444,-1.50000000000001,
4.70833333333333));
#6104=CARTESIAN_POINT('Ctrl Pts',(-1.83697019872104E-16,-1.50000000000001,
4.75));
#6105=CARTESIAN_POINT('Ctrl Pts',(0.866025403784443,-1.50000000000001,4.79166666666667));
#6106=CARTESIAN_POINT('Ctrl Pts',(1.29903810567666,-0.750000000000005,4.83333333333333));
#6107=CARTESIAN_POINT('Ctrl Pts',(1.73205080756889,-4.34297215935329E-16,
4.875));
#6108=CARTESIAN_POINT('Ctrl Pts',(1.29903810567667,0.750000000000003,4.91666666666667));
#6109=CARTESIAN_POINT('Ctrl Pts',(0.866025403784444,1.50000000000001,4.95833333333333));
#6110=CARTESIAN_POINT('Ctrl Pts',(0.,1.50000000000001,5.));
#6111=CARTESIAN_POINT('Origin',(0.,0.,8.81000000000001));
#6112=CARTESIAN_POINT('',(-9.1848509936052E-17,1.50000000000001,5.56249999999999));
#6113=CARTESIAN_POINT('',(-9.1848509936052E-17,1.50000000000001,5.5));
#6114=CARTESIAN_POINT('',(-1.83697019872104E-16,1.50000000000001,8.81000000000001));
#6115=CARTESIAN_POINT('Ctrl Pts',(0.,1.50000000000001,5.06249999999999));
#6116=CARTESIAN_POINT('Ctrl Pts',(-0.866025403784443,1.50000000000001,5.10416666666665));
#6117=CARTESIAN_POINT('Ctrl Pts',(-1.29903810567666,0.750000000000004,5.14583333333332));
#6118=CARTESIAN_POINT('Ctrl Pts',(-1.73205080756889,-9.78753805392904E-18,
5.18749999999999));
#6119=CARTESIAN_POINT('Ctrl Pts',(-1.29903810567667,-0.750000000000004,
5.22916666666665));
#6120=CARTESIAN_POINT('Ctrl Pts',(-0.866025403784444,-1.50000000000001,
5.27083333333332));
#6121=CARTESIAN_POINT('Ctrl Pts',(-1.83697019872104E-16,-1.50000000000001,
5.31249999999999));
#6122=CARTESIAN_POINT('Ctrl Pts',(0.866025403784443,-1.50000000000001,5.35416666666665));
#6123=CARTESIAN_POINT('Ctrl Pts',(1.29903810567666,-0.750000000000005,5.39583333333332));
#6124=CARTESIAN_POINT('Ctrl Pts',(1.73205080756889,-4.33793967630746E-16,
5.43749999999999));
#6125=CARTESIAN_POINT('Ctrl Pts',(1.29903810567667,0.750000000000003,5.47916666666665));
#6126=CARTESIAN_POINT('Ctrl Pts',(0.866025403784444,1.50000000000001,5.52083333333332));
#6127=CARTESIAN_POINT('Ctrl Pts',(0.,1.50000000000001,5.56249999999999));
#6128=CARTESIAN_POINT('Ctrl Pts',(0.,1.50000000000001,5.));
#6129=CARTESIAN_POINT('Ctrl Pts',(-0.866025403784443,1.50000000000001,5.04166666666667));
#6130=CARTESIAN_POINT('Ctrl Pts',(-1.29903810567666,0.750000000000004,5.08333333333333));
#6131=CARTESIAN_POINT('Ctrl Pts',(-1.73205080756889,-9.84345453221597E-18,
5.125));
#6132=CARTESIAN_POINT('Ctrl Pts',(-1.29903810567667,-0.750000000000004,
5.16666666666667));
#6133=CARTESIAN_POINT('Ctrl Pts',(-0.866025403784444,-1.50000000000001,
5.20833333333333));
#6134=CARTESIAN_POINT('Ctrl Pts',(-1.83697019872104E-16,-1.50000000000001,
5.25));
#6135=CARTESIAN_POINT('Ctrl Pts',(0.866025403784443,-1.50000000000001,5.29166666666667));
#6136=CARTESIAN_POINT('Ctrl Pts',(1.29903810567666,-0.750000000000005,5.33333333333333));
#6137=CARTESIAN_POINT('Ctrl Pts',(1.73205080756889,-4.33849884109033E-16,
5.375));
#6138=CARTESIAN_POINT('Ctrl Pts',(1.29903810567667,0.750000000000003,5.41666666666667));
#6139=CARTESIAN_POINT('Ctrl Pts',(0.866025403784444,1.50000000000001,5.45833333333333));
#6140=CARTESIAN_POINT('Ctrl Pts',(0.,1.50000000000001,5.5));
#6141=CARTESIAN_POINT('Origin',(0.,0.,8.81000000000001));
#6142=CARTESIAN_POINT('',(-9.1848509936052E-17,1.50000000000001,6.06249999999999));
#6143=CARTESIAN_POINT('',(-9.1848509936052E-17,1.50000000000001,6.));
#6144=CARTESIAN_POINT('',(-1.83697019872104E-16,1.50000000000001,8.81000000000001));
#6145=CARTESIAN_POINT('Ctrl Pts',(0.,1.50000000000001,5.56249999999999));
#6146=CARTESIAN_POINT('Ctrl Pts',(-0.866025403784443,1.50000000000001,5.60416666666665));
#6147=CARTESIAN_POINT('Ctrl Pts',(-1.29903810567666,0.750000000000004,5.64583333333332));
#6148=CARTESIAN_POINT('Ctrl Pts',(-1.73205080756889,-9.34020622763343E-18,
5.68749999999999));
#6149=CARTESIAN_POINT('Ctrl Pts',(-1.29903810567667,-0.750000000000004,
5.72916666666666));
#6150=CARTESIAN_POINT('Ctrl Pts',(-0.866025403784444,-1.50000000000001,
5.77083333333332));
#6151=CARTESIAN_POINT('Ctrl Pts',(-1.83697019872104E-16,-1.50000000000001,
5.81249999999999));
#6152=CARTESIAN_POINT('Ctrl Pts',(0.866025403784443,-1.50000000000001,5.85416666666665));
#6153=CARTESIAN_POINT('Ctrl Pts',(1.29903810567666,-0.750000000000005,5.89583333333332));
#6154=CARTESIAN_POINT('Ctrl Pts',(1.73205080756889,-4.33346635804451E-16,
5.93749999999999));
#6155=CARTESIAN_POINT('Ctrl Pts',(1.29903810567667,0.750000000000003,5.97916666666666));
#6156=CARTESIAN_POINT('Ctrl Pts',(0.866025403784444,1.50000000000001,6.02083333333332));
#6157=CARTESIAN_POINT('Ctrl Pts',(0.,1.50000000000001,6.06249999999999));
#6158=CARTESIAN_POINT('Ctrl Pts',(0.,1.50000000000001,5.5));
#6159=CARTESIAN_POINT('Ctrl Pts',(-0.866025403784443,1.50000000000001,5.54166666666666));
#6160=CARTESIAN_POINT('Ctrl Pts',(-1.29903810567666,0.750000000000004,5.58333333333333));
#6161=CARTESIAN_POINT('Ctrl Pts',(-1.73205080756889,-9.39612270592036E-18,
5.625));
#6162=CARTESIAN_POINT('Ctrl Pts',(-1.29903810567667,-0.750000000000004,
5.66666666666667));
#6163=CARTESIAN_POINT('Ctrl Pts',(-0.866025403784444,-1.50000000000001,
5.70833333333333));
#6164=CARTESIAN_POINT('Ctrl Pts',(-1.83697019872104E-16,-1.50000000000001,
5.75));
#6165=CARTESIAN_POINT('Ctrl Pts',(0.866025403784443,-1.50000000000001,5.79166666666667));
#6166=CARTESIAN_POINT('Ctrl Pts',(1.29903810567666,-0.750000000000005,5.83333333333333));
#6167=CARTESIAN_POINT('Ctrl Pts',(1.73205080756889,-4.33402552282738E-16,
5.875));
#6168=CARTESIAN_POINT('Ctrl Pts',(1.29903810567667,0.750000000000003,5.91666666666667));
#6169=CARTESIAN_POINT('Ctrl Pts',(0.866025403784444,1.50000000000001,5.95833333333333));
#6170=CARTESIAN_POINT('Ctrl Pts',(0.,1.50000000000001,6.));
#6171=CARTESIAN_POINT('Origin',(0.,0.,8.81000000000001));
#6172=CARTESIAN_POINT('',(-9.1848509936052E-17,1.50000000000001,6.56249999999999));
#6173=CARTESIAN_POINT('',(-9.1848509936052E-17,1.50000000000001,6.5));
#6174=CARTESIAN_POINT('',(-1.83697019872104E-16,1.50000000000001,8.81000000000001));
#6175=CARTESIAN_POINT('Ctrl Pts',(0.,1.50000000000001,6.06249999999999));
#6176=CARTESIAN_POINT('Ctrl Pts',(-0.866025403784443,1.50000000000001,6.10416666666666));
#6177=CARTESIAN_POINT('Ctrl Pts',(-1.29903810567666,0.750000000000004,6.14583333333332));
#6178=CARTESIAN_POINT('Ctrl Pts',(-1.73205080756889,-8.89287440133782E-18,
6.18749999999999));
#6179=CARTESIAN_POINT('Ctrl Pts',(-1.29903810567667,-0.750000000000004,
6.22916666666665));
#6180=CARTESIAN_POINT('Ctrl Pts',(-0.866025403784444,-1.50000000000001,
6.27083333333332));
#6181=CARTESIAN_POINT('Ctrl Pts',(-1.83697019872104E-16,-1.50000000000001,
6.31249999999999));
#6182=CARTESIAN_POINT('Ctrl Pts',(0.866025403784443,-1.50000000000001,6.35416666666666));
#6183=CARTESIAN_POINT('Ctrl Pts',(1.29903810567666,-0.750000000000005,6.39583333333332));
#6184=CARTESIAN_POINT('Ctrl Pts',(1.73205080756889,-4.32899303978155E-16,
6.43749999999999));
#6185=CARTESIAN_POINT('Ctrl Pts',(1.29903810567667,0.750000000000003,6.47916666666666));
#6186=CARTESIAN_POINT('Ctrl Pts',(0.866025403784444,1.50000000000001,6.52083333333332));
#6187=CARTESIAN_POINT('Ctrl Pts',(0.,1.50000000000001,6.56249999999999));
#6188=CARTESIAN_POINT('Ctrl Pts',(0.,1.50000000000001,6.));
#6189=CARTESIAN_POINT('Ctrl Pts',(-0.866025403784443,1.50000000000001,6.04166666666667));
#6190=CARTESIAN_POINT('Ctrl Pts',(-1.29903810567666,0.750000000000004,6.08333333333333));
#6191=CARTESIAN_POINT('Ctrl Pts',(-1.73205080756889,-8.94879087962475E-18,
6.125));
#6192=CARTESIAN_POINT('Ctrl Pts',(-1.29903810567667,-0.750000000000004,
6.16666666666667));
#6193=CARTESIAN_POINT('Ctrl Pts',(-0.866025403784444,-1.50000000000001,
6.20833333333333));
#6194=CARTESIAN_POINT('Ctrl Pts',(-1.83697019872104E-16,-1.50000000000001,
6.25));
#6195=CARTESIAN_POINT('Ctrl Pts',(0.866025403784443,-1.50000000000001,6.29166666666667));
#6196=CARTESIAN_POINT('Ctrl Pts',(1.29903810567666,-0.750000000000005,6.33333333333333));
#6197=CARTESIAN_POINT('Ctrl Pts',(1.73205080756889,-4.32955220456442E-16,
6.375));
#6198=CARTESIAN_POINT('Ctrl Pts',(1.29903810567667,0.750000000000003,6.41666666666667));
#6199=CARTESIAN_POINT('Ctrl Pts',(0.866025403784444,1.50000000000001,6.45833333333333));
#6200=CARTESIAN_POINT('Ctrl Pts',(0.,1.50000000000001,6.5));
#6201=CARTESIAN_POINT('Origin',(0.,0.,8.81000000000001));
#6202=CARTESIAN_POINT('',(-9.1848509936052E-17,1.50000000000001,7.06249999999999));
#6203=CARTESIAN_POINT('',(-9.1848509936052E-17,1.50000000000001,7.));
#6204=CARTESIAN_POINT('',(-1.83697019872104E-16,1.50000000000001,8.81000000000001));
#6205=CARTESIAN_POINT('Ctrl Pts',(0.,1.50000000000001,6.56249999999999));
#6206=CARTESIAN_POINT('Ctrl Pts',(-0.866025403784443,1.50000000000001,6.60416666666666));
#6207=CARTESIAN_POINT('Ctrl Pts',(-1.29903810567666,0.750000000000004,6.64583333333332));
#6208=CARTESIAN_POINT('Ctrl Pts',(-1.73205080756889,-8.44554257504222E-18,
6.68749999999999));
#6209=CARTESIAN_POINT('Ctrl Pts',(-1.29903810567667,-0.750000000000004,
6.72916666666666));
#6210=CARTESIAN_POINT('Ctrl Pts',(-0.866025403784444,-1.50000000000001,
6.77083333333332));
#6211=CARTESIAN_POINT('Ctrl Pts',(-1.83697019872104E-16,-1.50000000000001,
6.81249999999999));
#6212=CARTESIAN_POINT('Ctrl Pts',(0.866025403784443,-1.50000000000001,6.85416666666666));
#6213=CARTESIAN_POINT('Ctrl Pts',(1.29903810567666,-0.750000000000005,6.89583333333332));
#6214=CARTESIAN_POINT('Ctrl Pts',(1.73205080756889,-4.3245197215186E-16,
6.93749999999999));
#6215=CARTESIAN_POINT('Ctrl Pts',(1.29903810567667,0.750000000000003,6.97916666666666));
#6216=CARTESIAN_POINT('Ctrl Pts',(0.866025403784444,1.50000000000001,7.02083333333332));
#6217=CARTESIAN_POINT('Ctrl Pts',(0.,1.50000000000001,7.06249999999999));
#6218=CARTESIAN_POINT('Ctrl Pts',(0.,1.50000000000001,6.5));
#6219=CARTESIAN_POINT('Ctrl Pts',(-0.866025403784443,1.50000000000001,6.54166666666667));
#6220=CARTESIAN_POINT('Ctrl Pts',(-1.29903810567666,0.750000000000004,6.58333333333333));
#6221=CARTESIAN_POINT('Ctrl Pts',(-1.73205080756889,-8.50145905332914E-18,
6.625));
#6222=CARTESIAN_POINT('Ctrl Pts',(-1.29903810567667,-0.750000000000004,
6.66666666666667));
#6223=CARTESIAN_POINT('Ctrl Pts',(-0.866025403784444,-1.50000000000001,
6.70833333333333));
#6224=CARTESIAN_POINT('Ctrl Pts',(-1.83697019872104E-16,-1.50000000000001,
6.75));
#6225=CARTESIAN_POINT('Ctrl Pts',(0.866025403784443,-1.50000000000001,6.79166666666667));
#6226=CARTESIAN_POINT('Ctrl Pts',(1.29903810567666,-0.750000000000005,6.83333333333333));
#6227=CARTESIAN_POINT('Ctrl Pts',(1.73205080756889,-4.32507888630146E-16,
6.875));
#6228=CARTESIAN_POINT('Ctrl Pts',(1.29903810567667,0.750000000000003,6.91666666666667));
#6229=CARTESIAN_POINT('Ctrl Pts',(0.866025403784444,1.50000000000001,6.95833333333333));
#6230=CARTESIAN_POINT('Ctrl Pts',(0.,1.50000000000001,7.));
#6231=CARTESIAN_POINT('Origin',(0.,0.,8.81000000000001));
#6232=CARTESIAN_POINT('',(-9.1848509936052E-17,1.50000000000001,7.56249999999999));
#6233=CARTESIAN_POINT('',(-9.1848509936052E-17,1.50000000000001,7.5));
#6234=CARTESIAN_POINT('',(-1.83697019872104E-16,1.50000000000001,8.81000000000001));
#6235=CARTESIAN_POINT('Ctrl Pts',(0.,1.50000000000001,7.06249999999999));
#6236=CARTESIAN_POINT('Ctrl Pts',(-0.866025403784443,1.50000000000001,7.10416666666666));
#6237=CARTESIAN_POINT('Ctrl Pts',(-1.29903810567666,0.750000000000004,7.14583333333332));
#6238=CARTESIAN_POINT('Ctrl Pts',(-1.73205080756889,-7.9982107487466E-18,
7.18749999999999));
#6239=CARTESIAN_POINT('Ctrl Pts',(-1.29903810567667,-0.750000000000004,
7.22916666666666));
#6240=CARTESIAN_POINT('Ctrl Pts',(-0.866025403784444,-1.50000000000001,
7.27083333333332));
#6241=CARTESIAN_POINT('Ctrl Pts',(-1.83697019872104E-16,-1.50000000000001,
7.31249999999999));
#6242=CARTESIAN_POINT('Ctrl Pts',(0.866025403784443,-1.50000000000001,7.35416666666666));
#6243=CARTESIAN_POINT('Ctrl Pts',(1.29903810567666,-0.750000000000005,7.39583333333332));
#6244=CARTESIAN_POINT('Ctrl Pts',(1.73205080756889,-4.32004640325564E-16,
7.43749999999999));
#6245=CARTESIAN_POINT('Ctrl Pts',(1.29903810567667,0.750000000000003,7.47916666666666));
#6246=CARTESIAN_POINT('Ctrl Pts',(0.866025403784444,1.50000000000001,7.52083333333332));
#6247=CARTESIAN_POINT('Ctrl Pts',(0.,1.50000000000001,7.56249999999999));
#6248=CARTESIAN_POINT('Ctrl Pts',(0.,1.50000000000001,7.));
#6249=CARTESIAN_POINT('Ctrl Pts',(-0.866025403784443,1.50000000000001,7.04166666666667));
#6250=CARTESIAN_POINT('Ctrl Pts',(-1.29903810567666,0.750000000000004,7.08333333333333));
#6251=CARTESIAN_POINT('Ctrl Pts',(-1.73205080756889,-8.05412722703353E-18,
7.125));
#6252=CARTESIAN_POINT('Ctrl Pts',(-1.29903810567667,-0.750000000000004,
7.16666666666667));
#6253=CARTESIAN_POINT('Ctrl Pts',(-0.866025403784444,-1.50000000000001,
7.20833333333333));
#6254=CARTESIAN_POINT('Ctrl Pts',(-1.83697019872104E-16,-1.50000000000001,
7.25));
#6255=CARTESIAN_POINT('Ctrl Pts',(0.866025403784443,-1.50000000000001,7.29166666666667));
#6256=CARTESIAN_POINT('Ctrl Pts',(1.29903810567666,-0.750000000000005,7.33333333333333));
#6257=CARTESIAN_POINT('Ctrl Pts',(1.73205080756889,-4.32060556803851E-16,
7.375));
#6258=CARTESIAN_POINT('Ctrl Pts',(1.29903810567667,0.750000000000003,7.41666666666667));
#6259=CARTESIAN_POINT('Ctrl Pts',(0.866025403784444,1.50000000000001,7.45833333333333));
#6260=CARTESIAN_POINT('Ctrl Pts',(0.,1.50000000000001,7.5));
#6261=CARTESIAN_POINT('Origin',(0.,0.,8.81000000000001));
#6262=CARTESIAN_POINT('',(-9.1848509936052E-17,1.50000000000001,8.06249999999999));
#6263=CARTESIAN_POINT('',(-9.1848509936052E-17,1.50000000000001,8.));
#6264=CARTESIAN_POINT('',(-1.83697019872104E-16,1.50000000000001,8.81000000000001));
#6265=CARTESIAN_POINT('Ctrl Pts',(0.,1.50000000000001,7.56249999999999));
#6266=CARTESIAN_POINT('Ctrl Pts',(-0.866025403784443,1.50000000000001,7.60416666666666));
#6267=CARTESIAN_POINT('Ctrl Pts',(-1.29903810567666,0.750000000000004,7.64583333333332));
#6268=CARTESIAN_POINT('Ctrl Pts',(-1.73205080756889,-7.55087892245099E-18,
7.68749999999999));
#6269=CARTESIAN_POINT('Ctrl Pts',(-1.29903810567667,-0.750000000000004,
7.72916666666666));
#6270=CARTESIAN_POINT('Ctrl Pts',(-0.866025403784444,-1.50000000000001,
7.77083333333332));
#6271=CARTESIAN_POINT('Ctrl Pts',(-1.83697019872104E-16,-1.50000000000001,
7.81249999999999));
#6272=CARTESIAN_POINT('Ctrl Pts',(0.866025403784443,-1.50000000000001,7.85416666666665));
#6273=CARTESIAN_POINT('Ctrl Pts',(1.29903810567666,-0.750000000000005,7.89583333333332));
#6274=CARTESIAN_POINT('Ctrl Pts',(1.73205080756889,-4.31557308499268E-16,
7.93749999999999));
#6275=CARTESIAN_POINT('Ctrl Pts',(1.29903810567667,0.750000000000003,7.97916666666665));
#6276=CARTESIAN_POINT('Ctrl Pts',(0.866025403784444,1.50000000000001,8.02083333333332));
#6277=CARTESIAN_POINT('Ctrl Pts',(0.,1.50000000000001,8.06249999999999));
#6278=CARTESIAN_POINT('Ctrl Pts',(0.,1.50000000000001,7.5));
#6279=CARTESIAN_POINT('Ctrl Pts',(-0.866025403784443,1.50000000000001,7.54166666666667));
#6280=CARTESIAN_POINT('Ctrl Pts',(-1.29903810567666,0.750000000000004,7.58333333333333));
#6281=CARTESIAN_POINT('Ctrl Pts',(-1.73205080756889,-7.60679540073792E-18,
7.625));
#6282=CARTESIAN_POINT('Ctrl Pts',(-1.29903810567667,-0.750000000000004,
7.66666666666667));
#6283=CARTESIAN_POINT('Ctrl Pts',(-0.866025403784444,-1.50000000000001,
7.70833333333333));
#6284=CARTESIAN_POINT('Ctrl Pts',(-1.83697019872104E-16,-1.50000000000001,
7.75));
#6285=CARTESIAN_POINT('Ctrl Pts',(0.866025403784443,-1.50000000000001,7.79166666666667));
#6286=CARTESIAN_POINT('Ctrl Pts',(1.29903810567666,-0.750000000000005,7.83333333333333));
#6287=CARTESIAN_POINT('Ctrl Pts',(1.73205080756889,-4.31613224977555E-16,
7.875));
#6288=CARTESIAN_POINT('Ctrl Pts',(1.29903810567667,0.750000000000003,7.91666666666667));
#6289=CARTESIAN_POINT('Ctrl Pts',(0.866025403784444,1.50000000000001,7.95833333333333));
#6290=CARTESIAN_POINT('Ctrl Pts',(0.,1.50000000000001,8.));
#6291=CARTESIAN_POINT('Origin',(-4.21744100226031E-30,1.20792311141428E-15,
10.));
#6292=CARTESIAN_POINT('',(-3.67394039744206E-16,3.,10.));
#6293=CARTESIAN_POINT('Origin',(0.,1.02673464470214E-16,10.));
#6294=CARTESIAN_POINT('',(-1.,0.577350269189623,10.));
#6295=CARTESIAN_POINT('',(-3.90312782094782E-15,1.15470053837925,10.));
#6296=CARTESIAN_POINT('Origin',(0.,6.03961555707142E-16,10.));
#6297=CARTESIAN_POINT('',(1.,0.577350269189625,10.));
#6298=CARTESIAN_POINT('Origin',(0.,6.03961555707142E-16,10.));
#6299=CARTESIAN_POINT('',(1.,-0.577350269189625,10.));
#6300=CARTESIAN_POINT('Origin',(0.,6.03961555707142E-16,10.));
#6301=CARTESIAN_POINT('',(-2.60208521396521E-15,-1.15470053837925,10.));
#6302=CARTESIAN_POINT('Origin',(0.,6.03961555707142E-16,10.));
#6303=CARTESIAN_POINT('',(-1.,-0.577350269189627,10.));
#6304=CARTESIAN_POINT('Origin',(0.,6.03961555707142E-16,10.));
#6305=CARTESIAN_POINT('Origin',(0.,6.03961555707142E-16,10.));
#6306=CARTESIAN_POINT('Origin',(0.,9.75397912467033E-17,9.915));
#6307=CARTESIAN_POINT('',(-3.67394039744206E-16,3.,9.915));
#6308=CARTESIAN_POINT('Origin',(0.,9.75397912467033E-17,9.915));
#6309=CARTESIAN_POINT('',(-1.69613581681909E-16,1.385,8.3));
#6310=CARTESIAN_POINT('',(-3.67394039744206E-16,3.,9.915));
#6311=CARTESIAN_POINT('',(-1.15539772338203,-0.763728420843191,8.3));
#6312=CARTESIAN_POINT('Origin',(0.,-1.20370621524202E-32,8.3));
#6313=CARTESIAN_POINT('',(1.44429048324784,-0.404999999999668,8.41500000000001));
#6314=CARTESIAN_POINT('Ctrl Pts',(1.44429048324784,-0.404999999999674,8.41500000000001));
#6315=CARTESIAN_POINT('Ctrl Pts',(1.39228723264547,-0.568869736047806,8.40917296210432));
#6316=CARTESIAN_POINT('Ctrl Pts',(1.30641585846664,-0.742910761663171,8.40343813694341));
#6317=CARTESIAN_POINT('Ctrl Pts',(1.0620594099937,-1.03974242463219,8.3907721365594));
#6318=CARTESIAN_POINT('Ctrl Pts',(0.926088201907079,-1.15456764284337,8.38454009850792));
#6319=CARTESIAN_POINT('Ctrl Pts',(0.61366082756862,-1.33365321001604,8.37155286222914));
#6320=CARTESIAN_POINT('Ctrl Pts',(0.438579069213669,-1.39410716352688,8.36490149491172));
#6321=CARTESIAN_POINT('Ctrl Pts',(0.120009354114788,-1.44045404329581,8.35381954246084));
#6322=CARTESIAN_POINT('Ctrl Pts',(-0.07856550128538,-1.44992825764363,8.34787164607702));
#6323=CARTESIAN_POINT('Ctrl Pts',(-0.476913308857752,-1.34727789913075,
8.33333700332815));
#6324=CARTESIAN_POINT('Ctrl Pts',(-0.637565026225597,-1.27181451359626,
8.32676728038678));
#6325=CARTESIAN_POINT('Ctrl Pts',(-0.93072386499199,-1.05981641442585,8.31320341198164));
#6326=CARTESIAN_POINT('Ctrl Pts',(-1.0582600653148,-0.922177583925959,8.30633898925602));
#6327=CARTESIAN_POINT('Ctrl Pts',(-1.15539772338203,-0.763728420843197,
8.3));
#6328=CARTESIAN_POINT('',(1.31590273197475,0.71999999998257,8.41499999999783));
#6329=CARTESIAN_POINT('Origin',(0.,6.94555789063237E-18,8.41500000000001));
#6330=CARTESIAN_POINT('',(1.3775968266401,-0.143010430467771,8.3));
#6331=CARTESIAN_POINT('Ctrl Pts',(1.37759682664699,-0.14301043047007,8.300000000004));
#6332=CARTESIAN_POINT('Ctrl Pts',(1.41310386915408,-0.000453072877470428,
8.32059725632553));
#6333=CARTESIAN_POINT('Ctrl Pts',(1.42581987913533,0.146856452256363,8.34093122824022));
#6334=CARTESIAN_POINT('Ctrl Pts',(1.40476564561395,0.439879532478384,8.37982531738693));
#6335=CARTESIAN_POINT('Ctrl Pts',(1.37123717161677,0.58377879209811,8.398156980413));
#6336=CARTESIAN_POINT('Ctrl Pts',(1.31590273197474,0.719999999982568,8.41499999999783));
#6337=CARTESIAN_POINT('Origin',(0.,-1.20370621524202E-32,8.3));
#6338=CARTESIAN_POINT('Origin',(0.,1.02673464470214E-16,10.));
#6339=CARTESIAN_POINT('',(-3.67394039744206E-16,3.,10.));
#6340=CARTESIAN_POINT('Origin',(-3.50047603187606E-30,1.00257618247386E-15,
8.3));
#6341=CARTESIAN_POINT('Ctrl Pts',(-1.15539772338203,-0.763728420843192,
8.3));
#6342=CARTESIAN_POINT('Ctrl Pts',(-1.2578109101557,-0.572234364374076,8.3));
#6343=CARTESIAN_POINT('Ctrl Pts',(-1.29370461341504,-0.402656625507489,
8.3));
#6344=CARTESIAN_POINT('Ctrl Pts',(-1.32198140893261,-0.115075238837467,
8.3));
#6345=CARTESIAN_POINT('Ctrl Pts',(-1.30931309107934,0.0410335758431583,
8.3));
#6346=CARTESIAN_POINT('Ctrl Pts',(-1.20774989114725,0.422436595966398,8.3));
#6347=CARTESIAN_POINT('Ctrl Pts',(-1.0993580655305,0.576200319143424,8.29999999998855));
#6348=CARTESIAN_POINT('Ctrl Pts',(-0.996471450587954,0.710273700415197,
8.29999999998855));
#6349=CARTESIAN_POINT('Ctrl Pts',(-0.93891388834472,0.770592956755541,8.3));
#6350=CARTESIAN_POINT('Ctrl Pts',(-0.816861518698424,0.873610891588501,
8.3));
#6351=CARTESIAN_POINT('Ctrl Pts',(-0.753579167475733,0.917064168915376,
8.3));
#6352=CARTESIAN_POINT('Ctrl Pts',(-0.686453563962631,0.953924355106384,
8.3));
#6353=CARTESIAN_POINT('Ctrl Pts',(0.194227243399059,1.15907978528835,8.3));
#6354=CARTESIAN_POINT('Ctrl Pts',(0.282661337660302,1.15452281547859,8.3));
#6355=CARTESIAN_POINT('Ctrl Pts',(0.370322765951292,1.14034217147123,8.3));
#6356=CARTESIAN_POINT('Ctrl Pts',(0.540635577776702,1.09331615745123,8.3));
#6357=CARTESIAN_POINT('Ctrl Pts',(0.622784108485438,1.06070311828868,8.3));
#6358=CARTESIAN_POINT('Ctrl Pts',(0.831352630367284,0.950431001428699,8.3));
#6359=CARTESIAN_POINT('Ctrl Pts',(0.948325686904163,0.8581649316226,8.30000000000005));
#6360=CARTESIAN_POINT('Ctrl Pts',(1.1610512521895,0.61668017343472,8.30000000000005));
#6361=CARTESIAN_POINT('Ctrl Pts',(1.24058788825327,0.470213397181916,8.3));
#6362=CARTESIAN_POINT('Ctrl Pts',(1.34845560039606,0.181423676249059,8.3));
#6363=CARTESIAN_POINT('Ctrl Pts',(1.37762160211821,0.0198842243736112,8.3));
#6364=CARTESIAN_POINT('Ctrl Pts',(1.3775968266401,-0.143010430467765,8.3));
#6365=CARTESIAN_POINT('Origin',(0.,6.03961555707142E-16,10.));
#6366=CARTESIAN_POINT('Ctrl Pts',(1.,-0.577350269189568,9.99999999999997));
#6367=CARTESIAN_POINT('Ctrl Pts',(1.,7.7715611723761E-16,9.71132486540521));
#6368=CARTESIAN_POINT('Ctrl Pts',(1.,0.577350269189569,9.99999999999997));
#6369=CARTESIAN_POINT('Origin',(0.,6.03961555707142E-16,10.));
#6370=CARTESIAN_POINT('Ctrl Pts',(4.72418674489601E-14,1.15470053837922,
9.99999999999997));
#6371=CARTESIAN_POINT('Ctrl Pts',(0.5,0.866025403784439,9.71132486540521));
#6372=CARTESIAN_POINT('Ctrl Pts',(0.999999999999954,0.577350269189653,9.99999999999998));
#6373=CARTESIAN_POINT('Origin',(0.,6.03961555707142E-16,10.));
#6374=CARTESIAN_POINT('Ctrl Pts',(-0.999999999999955,0.577350269189651,
9.99999999999997));
#6375=CARTESIAN_POINT('Ctrl Pts',(-0.500000000000001,0.866025403784438,
9.71132486540521));
#6376=CARTESIAN_POINT('Ctrl Pts',(-4.83034824478132E-14,1.15470053837922,
9.99999999999997));
#6377=CARTESIAN_POINT('Origin',(0.,6.03961555707142E-16,10.));
#6378=CARTESIAN_POINT('Ctrl Pts',(-1.,-0.57735026918957,9.99999999999997));
#6379=CARTESIAN_POINT('Ctrl Pts',(-1.,8.88178419700125E-16,9.71132486540521));
#6380=CARTESIAN_POINT('Ctrl Pts',(-1.,0.577350269189572,9.99999999999998));
#6381=CARTESIAN_POINT('Origin',(0.,6.03961555707142E-16,10.));
#6382=CARTESIAN_POINT('Ctrl Pts',(-5.18295608368608E-14,-1.15470053837922,
9.99999999999998));
#6383=CARTESIAN_POINT('Ctrl Pts',(-0.499999999999999,-0.866025403784442,
9.71132486540522));
#6384=CARTESIAN_POINT('Ctrl Pts',(-0.999999999999945,-0.577350269189661,
9.99999999999997));
#6385=CARTESIAN_POINT('Origin',(0.,6.03961555707142E-16,10.));
#6386=CARTESIAN_POINT('Ctrl Pts',(0.999999999999953,-0.577350269189655,
9.99999999999998));
#6387=CARTESIAN_POINT('Ctrl Pts',(0.500000000000003,-0.86602540378444,9.71132486540521));
#6388=CARTESIAN_POINT('Ctrl Pts',(5.26636869073882E-14,-1.15470053837922,
9.99999999999998));
#6389=CARTESIAN_POINT('Origin',(1.,-0.577350269189627,8.81));
#6390=CARTESIAN_POINT('',(1.85505239754504E-16,-1.15470053837925,8.81));
#6391=CARTESIAN_POINT('',(1.,-0.577350269189627,8.81));
#6392=CARTESIAN_POINT('',(1.85505239754504E-16,-1.15470053837925,8.81));
#6393=CARTESIAN_POINT('',(1.,0.577350269189625,8.81));
#6394=CARTESIAN_POINT('',(1.,-0.577350269189627,8.81));
#6395=CARTESIAN_POINT('',(4.34128039874029E-16,1.15470053837925,8.81));
#6396=CARTESIAN_POINT('',(1.,0.577350269189625,8.81));
#6397=CARTESIAN_POINT('',(-1.,0.577350269189625,8.81));
#6398=CARTESIAN_POINT('',(4.34128039874029E-16,1.15470053837925,8.81));
#6399=CARTESIAN_POINT('',(-1.,-0.577350269189628,8.81));
#6400=CARTESIAN_POINT('',(-1.,0.577350269189625,8.81));
#6401=CARTESIAN_POINT('',(-1.,-0.577350269189628,8.81));
#6402=CARTESIAN_POINT('Origin',(1.,-0.577350269189627,8.81));
#6403=CARTESIAN_POINT('',(1.,0.577350269189625,8.81));
#6404=CARTESIAN_POINT('',(1.,-0.577350269189627,8.81));
#6405=CARTESIAN_POINT('Origin',(1.,0.577350269189625,8.81));
#6406=CARTESIAN_POINT('',(4.34128039874029E-16,1.15470053837925,8.81));
#6407=CARTESIAN_POINT('Origin',(4.34128039874029E-16,1.15470053837925,8.81));
#6408=CARTESIAN_POINT('',(-1.,0.577350269189625,8.81));
#6409=CARTESIAN_POINT('Origin',(-1.,0.577350269189625,8.81));
#6410=CARTESIAN_POINT('',(-1.,-0.577350269189628,8.81));
#6411=CARTESIAN_POINT('Origin',(-1.,-0.577350269189628,8.81));
#6412=CARTESIAN_POINT('',(1.85505239754504E-16,-1.15470053837925,8.81));
#6413=CARTESIAN_POINT('Origin',(1.85505239754504E-16,-1.15470053837925,
8.81));
#6414=CARTESIAN_POINT('Origin',(0.,0.,8.81000000000001));
#6415=CARTESIAN_POINT('Ctrl Pts',(0.,1.50000000000001,8.));
#6416=CARTESIAN_POINT('Ctrl Pts',(-0.866025403784443,1.50000000000001,8.04166666666667));
#6417=CARTESIAN_POINT('Ctrl Pts',(-1.29903810567666,0.750000000000004,8.08333333333333));
#6418=CARTESIAN_POINT('Ctrl Pts',(-1.73205080756889,-7.15946357444231E-18,
8.125));
#6419=CARTESIAN_POINT('Ctrl Pts',(-1.29903810567667,-0.750000000000004,
8.16666666666667));
#6420=CARTESIAN_POINT('Ctrl Pts',(-0.866025403784444,-1.50000000000001,
8.20833333333333));
#6421=CARTESIAN_POINT('Ctrl Pts',(-1.83697019872104E-16,-1.50000000000001,
8.25));
#6422=CARTESIAN_POINT('Ctrl Pts',(0.866025403784443,-1.50000000000001,8.29166666666666));
#6423=CARTESIAN_POINT('Ctrl Pts',(1.29903810567666,-0.750000000000005,8.33333333333333));
#6424=CARTESIAN_POINT('Ctrl Pts',(1.72065376294437,-0.0197402603457976,
8.37390331886968));
#6425=CARTESIAN_POINT('Ctrl Pts',(1.31590273197909,0.719999999979168,8.41499999999884));
#6426=CARTESIAN_POINT('Ctrl Pts',(0.,1.50000000000001,8.06249999999999));
#6427=CARTESIAN_POINT('Ctrl Pts',(-0.866025403784443,1.50000000000001,8.10416666666665));
#6428=CARTESIAN_POINT('Ctrl Pts',(-1.29903810567666,0.750000000000004,8.14583333333332));
#6429=CARTESIAN_POINT('Ctrl Pts',(-1.73205080756889,-7.10354709615538E-18,
8.18749999999999));
#6430=CARTESIAN_POINT('Ctrl Pts',(-1.29903810567667,-0.750000000000004,
8.22916666666665));
#6431=CARTESIAN_POINT('Ctrl Pts',(-0.866025403784444,-1.50000000000001,
8.27083333333332));
#6432=CARTESIAN_POINT('Ctrl Pts',(-1.83697019872104E-16,-1.50000000000001,
8.31249999999999));
#6433=CARTESIAN_POINT('Ctrl Pts',(0.866025403784443,-1.50000000000001,8.35416666666665));
#6434=CARTESIAN_POINT('Ctrl Pts',(1.29903810567666,-0.750000000000005,8.39583333333332));
#6435=CARTESIAN_POINT('Ctrl Pts',(1.39335783137226,-0.586633442939268,8.40490925317003));
#6436=CARTESIAN_POINT('Ctrl Pts',(1.44429048324784,-0.404999999999668,8.41500000000001));
#6437=CARTESIAN_POINT('Origin',(0.,-1.00626545322083E-16,-9.62500000000001));
#6438=CARTESIAN_POINT('',(1.67945755776267E-13,1.30188293868263,-9.82311706131738));
#6439=CARTESIAN_POINT('Ctrl Pts',(1.05094390383317,-1.07028823734353,-9.625));
#6440=CARTESIAN_POINT('Ctrl Pts',(0.925210946889827,-1.18559958708719,-9.63081460223179));
#6441=CARTESIAN_POINT('Ctrl Pts',(0.780570104738551,-1.27839233719953,-9.63687680602909));
#6442=CARTESIAN_POINT('Ctrl Pts',(0.455252120920118,-1.41540202231849,-9.64940162978783));
#6443=CARTESIAN_POINT('Ctrl Pts',(0.275543032163714,-1.45464530351259,-9.65575668688149));
#6444=CARTESIAN_POINT('Ctrl Pts',(-0.114957671517026,-1.46691215149955,
-9.66839000681058));
#6445=CARTESIAN_POINT('Ctrl Pts',(-0.303199633728382,-1.42912167333401,
-9.67454892644986));
#6446=CARTESIAN_POINT('Ctrl Pts',(-0.640009853480196,-1.30050285637486,
-9.68748047529327));
#6447=CARTESIAN_POINT('Ctrl Pts',(-0.79900129393206,-1.20113286046087,-9.69438197469905));
#6448=CARTESIAN_POINT('Ctrl Pts',(-1.0802577309874,-0.9378397573717,-9.70840380178408));
#6449=CARTESIAN_POINT('Ctrl Pts',(-1.17738321875409,-0.789864255396998,
-9.71427453192479));
#6450=CARTESIAN_POINT('Ctrl Pts',(-1.32048761322359,-0.499524851376938,
-9.72499392554506));
#6451=CARTESIAN_POINT('Ctrl Pts',(-1.36790031826835,-0.321677230016755,
-9.73163917847462));
#6452=CARTESIAN_POINT('Ctrl Pts',(-1.39047797943601,0.0356976764342519,
-9.7452049171251));
#6453=CARTESIAN_POINT('Ctrl Pts',(-1.36793176876443,0.211677756588621,-9.75198419352278));
#6454=CARTESIAN_POINT('Ctrl Pts',(-1.26470867451807,0.525331668965813,-9.76424202207298));
#6455=CARTESIAN_POINT('Ctrl Pts',(-1.1838630620578,0.688387479643823,-9.77010592054476));
#6456=CARTESIAN_POINT('Ctrl Pts',(-0.94744939380912,0.963930322743655,-9.7833435907822));
#6457=CARTESIAN_POINT('Ctrl Pts',(-0.818750722711335,1.06740603228634,-9.78973163589637));
#6458=CARTESIAN_POINT('Ctrl Pts',(-0.519476129628296,1.22806203851312,-9.80322561680005));
#6459=CARTESIAN_POINT('Ctrl Pts',(-0.349454592942153,1.27962916015547,-9.81021729214341));
#6460=CARTESIAN_POINT('Ctrl Pts',(-0.120615156196923,1.30173747147989,-9.81879881856149));
#6461=CARTESIAN_POINT('Ctrl Pts',(-0.062164915119099,1.30406765298007,-9.82093234701994));
#6462=CARTESIAN_POINT('Ctrl Pts',(3.36050946229906E-13,1.30188293868263,
-9.82311706131738));
#6463=CARTESIAN_POINT('',(-1.37772764904077E-16,1.125,-10.));
#6464=CARTESIAN_POINT('',(-1.83697019872104E-16,1.50000000000001,-9.62500000000001));
#6465=CARTESIAN_POINT('Origin',(0.,-1.02673464470213E-16,-10.));
#6466=CARTESIAN_POINT('Ctrl Pts',(3.36050946229906E-13,1.30188293868263,
-9.82311706131738));
#6467=CARTESIAN_POINT('Ctrl Pts',(0.1022882536606,1.29828813589391,-9.8267118641061));
#6468=CARTESIAN_POINT('Ctrl Pts',(0.214602620660144,1.28207793327181,-9.83093098591329));
#6469=CARTESIAN_POINT('Ctrl Pts',(0.485697907871646,1.19813746850445,-9.84215251461189));
#6470=CARTESIAN_POINT('Ctrl Pts',(0.628714221870687,1.12209806732446,-9.8488123747632));
#6471=CARTESIAN_POINT('Ctrl Pts',(0.885208832007692,0.915914491179426,-9.86240951404302));
#6472=CARTESIAN_POINT('Ctrl Pts',(0.994334517358883,0.785292869981694,-9.86921067058468));
#6473=CARTESIAN_POINT('Ctrl Pts',(1.16983782134671,0.462718331671469,-9.88273597966034));
#6474=CARTESIAN_POINT('Ctrl Pts',(1.20155838756197,0.308444097328386,-9.88916132873457));
#6475=CARTESIAN_POINT('Ctrl Pts',(1.23377694091163,0.0459013001499737,-9.90034781164453));
#6476=CARTESIAN_POINT('Ctrl Pts',(1.22273595152701,-0.111944966624915,-9.9071837474625));
#6477=CARTESIAN_POINT('Ctrl Pts',(1.1437294151556,-0.406827941008112,-9.92016997812564));
#6478=CARTESIAN_POINT('Ctrl Pts',(1.07923922965788,-0.542918454007386,-9.92594584637581));
#6479=CARTESIAN_POINT('Ctrl Pts',(0.909611310925642,-0.776422560600515,
-9.93739526407236));
#6480=CARTESIAN_POINT('Ctrl Pts',(0.806891768002704,-0.874499114173958,
-9.94346709247543));
#6481=CARTESIAN_POINT('Ctrl Pts',(0.689217670445555,-0.951929185122749,
-9.94975952641902));
#6482=CARTESIAN_POINT('',(-0.190653686692447,-1.1596729463487,-9.94975952641918));
#6483=CARTESIAN_POINT('Origin',(9.71445146547012E-16,5.55111512312578E-16,
-9.94975952641918));
#6484=CARTESIAN_POINT('Ctrl Pts',(-0.190653686692432,-1.1596729463487,-9.94975952641918));
#6485=CARTESIAN_POINT('Ctrl Pts',(-0.0690809835406483,-1.19977884700496,
-9.9299070413768));
#6486=CARTESIAN_POINT('Ctrl Pts',(0.0468217241576518,-1.21408309770514,
-9.91423475753494));
#6487=CARTESIAN_POINT('Ctrl Pts',(0.261602937288633,-1.21946769948387,-9.88276874425764));
#6488=CARTESIAN_POINT('Ctrl Pts',(0.373942445799269,-1.20755511084489,-9.86577045340181));
#6489=CARTESIAN_POINT('Ctrl Pts',(0.640907009438513,-1.14322117605227,-9.82421758597332));
#6490=CARTESIAN_POINT('Ctrl Pts',(0.789981650553667,-1.07580681607043,-9.80001152440503));
#6491=CARTESIAN_POINT('Ctrl Pts',(1.09880532535401,-0.858743664891328,-9.74679149098893));
#6492=CARTESIAN_POINT('Ctrl Pts',(1.21185094627516,-0.714231423294894,-9.72539104002484));
#6493=CARTESIAN_POINT('Ctrl Pts',(1.34366187487503,-0.503052265441276,-9.69419613905718));
#6494=CARTESIAN_POINT('Ctrl Pts',(1.39038249993484,-0.406403897951491,-9.68032995957248));
#6495=CARTESIAN_POINT('Ctrl Pts',(1.46160995730863,-0.206620312150377,-9.65253857563708));
#6496=CARTESIAN_POINT('Ctrl Pts',(1.48630376863471,-0.104196752993902,-9.6386962313653));
#6497=CARTESIAN_POINT('Ctrl Pts',(1.50000000000001,-8.14279199623513E-14,
-9.62500000000001));
#6498=CARTESIAN_POINT('Origin',(1.04744440165294E-14,-1.5,-10.));
#6499=CARTESIAN_POINT('Ctrl Pts',(0.,1.17523446375518,-10.2499965302255));
#6500=CARTESIAN_POINT('Ctrl Pts',(-0.678521934009979,1.17523446375518,-10.2083298635589));
#6501=CARTESIAN_POINT('Ctrl Pts',(-1.01778290101497,0.58761723187759,-10.1666631968922));
#6502=CARTESIAN_POINT('Ctrl Pts',(-1.35704386801996,-4.6449624538783E-17,
-10.1249965302255));
#6503=CARTESIAN_POINT('Ctrl Pts',(-1.01778290101497,-0.58761723187759,-10.0833298635589));
#6504=CARTESIAN_POINT('Ctrl Pts',(-0.678521934009979,-1.17523446375518,
-10.0416631968922));
#6505=CARTESIAN_POINT('Ctrl Pts',(-1.43924712428544E-16,-1.17523446375518,
-9.99999653022554));
#6506=CARTESIAN_POINT('Ctrl Pts',(0.678521934009979,-1.17523446375518,-9.95832986355887));
#6507=CARTESIAN_POINT('Ctrl Pts',(1.01778290101497,-0.587617231877591,-9.91666319689221));
#6508=CARTESIAN_POINT('Ctrl Pts',(1.35704386801996,-3.78605844480272E-16,
-9.87499653022554));
#6509=CARTESIAN_POINT('Ctrl Pts',(1.01778290101497,0.587617231877589,-9.83332986355888));
#6510=CARTESIAN_POINT('Ctrl Pts',(0.67852193400998,1.17523446375518,-9.79166319689221));
#6511=CARTESIAN_POINT('Ctrl Pts',(0.,1.17523446375518,-9.74999653022554));
#6512=CARTESIAN_POINT('Ctrl Pts',(-0.678521934009979,1.17523446375518,-9.70832986355887));
#6513=CARTESIAN_POINT('Ctrl Pts',(-1.01778290101497,0.58761723187759,-9.66666319689221));
#6514=CARTESIAN_POINT('Ctrl Pts',(-1.35704386801996,-4.60022927124874E-17,
-9.62499653022554));
#6515=CARTESIAN_POINT('Ctrl Pts',(-1.01778290101497,-0.58761723187759,-9.58332986355888));
#6516=CARTESIAN_POINT('Ctrl Pts',(-0.678521934009979,-1.17523446375518,
-9.54166319689221));
#6517=CARTESIAN_POINT('Ctrl Pts',(-1.43924712428544E-16,-1.17523446375518,
-9.49999653022554));
#6518=CARTESIAN_POINT('Ctrl Pts',(0.678521934009979,-1.17523446375518,-9.45832986355887));
#6519=CARTESIAN_POINT('Ctrl Pts',(1.01778290101497,-0.587617231877591,-9.41666319689221));
#6520=CARTESIAN_POINT('Ctrl Pts',(1.35704386801996,-3.78158512653977E-16,
-9.37499653022554));
#6521=CARTESIAN_POINT('Ctrl Pts',(1.01778290101497,0.587617231877589,-9.33332986355888));
#6522=CARTESIAN_POINT('Ctrl Pts',(0.67852193400998,1.17523446375518,-9.29166319689221));
#6523=CARTESIAN_POINT('Ctrl Pts',(0.,1.17523446375518,-9.24999653022554));
#6524=CARTESIAN_POINT('Ctrl Pts',(-0.678521934009979,1.17523446375518,-9.20832986355887));
#6525=CARTESIAN_POINT('Ctrl Pts',(-1.01778290101497,0.58761723187759,-9.16666319689221));
#6526=CARTESIAN_POINT('Ctrl Pts',(-1.35704386801996,-4.55549608861918E-17,
-9.12499653022554));
#6527=CARTESIAN_POINT('Ctrl Pts',(-1.01778290101497,-0.58761723187759,-9.08332986355888));
#6528=CARTESIAN_POINT('Ctrl Pts',(-0.678521934009979,-1.17523446375518,
-9.04166319689221));
#6529=CARTESIAN_POINT('Ctrl Pts',(-1.43924712428544E-16,-1.17523446375518,
-8.99999653022554));
#6530=CARTESIAN_POINT('Ctrl Pts',(0.678521934009979,-1.17523446375518,-8.95832986355887));
#6531=CARTESIAN_POINT('Ctrl Pts',(1.01778290101497,-0.587617231877591,-8.91666319689221));
#6532=CARTESIAN_POINT('Ctrl Pts',(1.35704386801996,-3.77711180827681E-16,
-8.87499653022554));
#6533=CARTESIAN_POINT('Ctrl Pts',(1.01778290101497,0.587617231877589,-8.83332986355887));
#6534=CARTESIAN_POINT('Ctrl Pts',(0.67852193400998,1.17523446375518,-8.79166319689221));
#6535=CARTESIAN_POINT('Ctrl Pts',(0.,1.17523446375518,-8.74999653022554));
#6536=CARTESIAN_POINT('Ctrl Pts',(-0.678521934009979,1.17523446375518,-8.70832986355887));
#6537=CARTESIAN_POINT('Ctrl Pts',(-1.01778290101497,0.58761723187759,-8.66666319689221));
#6538=CARTESIAN_POINT('Ctrl Pts',(-1.35704386801996,-4.51076290598962E-17,
-8.62499653022554));
#6539=CARTESIAN_POINT('Ctrl Pts',(-1.01778290101497,-0.58761723187759,-8.58332986355887));
#6540=CARTESIAN_POINT('Ctrl Pts',(-0.678521934009979,-1.17523446375518,
-8.54166319689221));
#6541=CARTESIAN_POINT('Ctrl Pts',(-1.43924712428544E-16,-1.17523446375518,
-8.49999653022554));
#6542=CARTESIAN_POINT('Ctrl Pts',(0.678521934009979,-1.17523446375518,-8.45832986355887));
#6543=CARTESIAN_POINT('Ctrl Pts',(1.01778290101497,-0.587617231877591,-8.41666319689221));
#6544=CARTESIAN_POINT('Ctrl Pts',(1.35704386801996,-3.77263849001385E-16,
-8.37499653022554));
#6545=CARTESIAN_POINT('Ctrl Pts',(1.01778290101497,0.587617231877589,-8.33332986355887));
#6546=CARTESIAN_POINT('Ctrl Pts',(0.67852193400998,1.17523446375518,-8.29166319689221));
#6547=CARTESIAN_POINT('Ctrl Pts',(0.,1.17523446375518,-8.24999653022554));
#6548=CARTESIAN_POINT('Ctrl Pts',(-0.678521934009979,1.17523446375518,-8.20832986355887));
#6549=CARTESIAN_POINT('Ctrl Pts',(-1.01778290101497,0.58761723187759,-8.16666319689221));
#6550=CARTESIAN_POINT('Ctrl Pts',(-1.35704386801996,-4.46602972336006E-17,
-8.12499653022554));
#6551=CARTESIAN_POINT('Ctrl Pts',(-1.01778290101497,-0.58761723187759,-8.08332986355887));
#6552=CARTESIAN_POINT('Ctrl Pts',(-0.678521934009979,-1.17523446375518,
-8.04166319689221));
#6553=CARTESIAN_POINT('Ctrl Pts',(-1.43924712428544E-16,-1.17523446375518,
-7.99999653022554));
#6554=CARTESIAN_POINT('Ctrl Pts',(0.678521934009979,-1.17523446375518,-7.95832986355887));
#6555=CARTESIAN_POINT('Ctrl Pts',(1.01778290101497,-0.587617231877591,-7.91666319689221));
#6556=CARTESIAN_POINT('Ctrl Pts',(1.35704386801996,-3.7681651717509E-16,
-7.87499653022554));
#6557=CARTESIAN_POINT('Ctrl Pts',(1.01778290101497,0.587617231877589,-7.83332986355887));
#6558=CARTESIAN_POINT('Ctrl Pts',(0.67852193400998,1.17523446375518,-7.79166319689221));
#6559=CARTESIAN_POINT('Ctrl Pts',(0.,1.17523446375518,-7.74999653022554));
#6560=CARTESIAN_POINT('Ctrl Pts',(-0.678521934009979,1.17523446375518,-7.70832986355887));
#6561=CARTESIAN_POINT('Ctrl Pts',(-1.01778290101497,0.58761723187759,-7.66666319689221));
#6562=CARTESIAN_POINT('Ctrl Pts',(-1.35704386801996,-4.42129654073049E-17,
-7.62499653022554));
#6563=CARTESIAN_POINT('Ctrl Pts',(-1.01778290101497,-0.58761723187759,-7.58332986355888));
#6564=CARTESIAN_POINT('Ctrl Pts',(-0.678521934009979,-1.17523446375518,
-7.54166319689221));
#6565=CARTESIAN_POINT('Ctrl Pts',(-1.43924712428544E-16,-1.17523446375518,
-7.49999653022554));
#6566=CARTESIAN_POINT('Ctrl Pts',(0.678521934009979,-1.17523446375518,-7.45832986355887));
#6567=CARTESIAN_POINT('Ctrl Pts',(1.01778290101497,-0.587617231877591,-7.41666319689221));
#6568=CARTESIAN_POINT('Ctrl Pts',(1.35704386801996,-3.76369185348794E-16,
-7.37499653022554));
#6569=CARTESIAN_POINT('Ctrl Pts',(1.01778290101497,0.587617231877589,-7.33332986355887));
#6570=CARTESIAN_POINT('Ctrl Pts',(0.67852193400998,1.17523446375518,-7.29166319689221));
#6571=CARTESIAN_POINT('Ctrl Pts',(0.,1.17523446375518,-7.24999653022554));
#6572=CARTESIAN_POINT('Ctrl Pts',(-0.678521934009979,1.17523446375518,-7.20832986355887));
#6573=CARTESIAN_POINT('Ctrl Pts',(-1.01778290101497,0.58761723187759,-7.16666319689221));
#6574=CARTESIAN_POINT('Ctrl Pts',(-1.35704386801996,-4.37656335810093E-17,
-7.12499653022554));
#6575=CARTESIAN_POINT('Ctrl Pts',(-1.01778290101497,-0.58761723187759,-7.08332986355888));
#6576=CARTESIAN_POINT('Ctrl Pts',(-0.678521934009979,-1.17523446375518,
-7.04166319689221));
#6577=CARTESIAN_POINT('Ctrl Pts',(-1.43924712428544E-16,-1.17523446375518,
-6.99999653022554));
#6578=CARTESIAN_POINT('Ctrl Pts',(0.678521934009979,-1.17523446375518,-6.95832986355887));
#6579=CARTESIAN_POINT('Ctrl Pts',(1.01778290101497,-0.587617231877591,-6.91666319689221));
#6580=CARTESIAN_POINT('Ctrl Pts',(1.35704386801996,-3.75921853522498E-16,
-6.87499653022554));
#6581=CARTESIAN_POINT('Ctrl Pts',(1.01778290101497,0.587617231877589,-6.83332986355887));
#6582=CARTESIAN_POINT('Ctrl Pts',(0.67852193400998,1.17523446375518,-6.79166319689221));
#6583=CARTESIAN_POINT('Ctrl Pts',(0.,1.17523446375518,-6.74999653022554));
#6584=CARTESIAN_POINT('Ctrl Pts',(-0.678521934009979,1.17523446375518,-6.70832986355888));
#6585=CARTESIAN_POINT('Ctrl Pts',(-1.01778290101497,0.58761723187759,-6.66666319689221));
#6586=CARTESIAN_POINT('Ctrl Pts',(-1.35704386801996,-4.33183017547137E-17,
-6.62499653022554));
#6587=CARTESIAN_POINT('Ctrl Pts',(-1.01778290101497,-0.58761723187759,-6.58332986355887));
#6588=CARTESIAN_POINT('Ctrl Pts',(-0.678521934009979,-1.17523446375518,
-6.54166319689221));
#6589=CARTESIAN_POINT('Ctrl Pts',(-1.43924712428544E-16,-1.17523446375518,
-6.49999653022554));
#6590=CARTESIAN_POINT('Ctrl Pts',(0.678521934009979,-1.17523446375518,-6.45832986355888));
#6591=CARTESIAN_POINT('Ctrl Pts',(1.01778290101497,-0.587617231877591,-6.41666319689221));
#6592=CARTESIAN_POINT('Ctrl Pts',(1.35704386801996,-3.75474521696203E-16,
-6.37499653022554));
#6593=CARTESIAN_POINT('Ctrl Pts',(1.01778290101497,0.587617231877589,-6.33332986355887));
#6594=CARTESIAN_POINT('Ctrl Pts',(0.67852193400998,1.17523446375518,-6.29166319689221));
#6595=CARTESIAN_POINT('Ctrl Pts',(0.,1.17523446375518,-6.24999653022554));
#6596=CARTESIAN_POINT('Ctrl Pts',(-0.678521934009979,1.17523446375518,-6.20832986355888));
#6597=CARTESIAN_POINT('Ctrl Pts',(-1.01778290101497,0.58761723187759,-6.16666319689221));
#6598=CARTESIAN_POINT('Ctrl Pts',(-1.35704386801996,-4.28709699284181E-17,
-6.12499653022554));
#6599=CARTESIAN_POINT('Ctrl Pts',(-1.01778290101497,-0.58761723187759,-6.08332986355888));
#6600=CARTESIAN_POINT('Ctrl Pts',(-0.678521934009979,-1.17523446375518,
-6.04166319689221));
#6601=CARTESIAN_POINT('Ctrl Pts',(-1.43924712428544E-16,-1.17523446375518,
-5.99999653022554));
#6602=CARTESIAN_POINT('Ctrl Pts',(0.678521934009979,-1.17523446375518,-5.95832986355887));
#6603=CARTESIAN_POINT('Ctrl Pts',(1.01778290101497,-0.587617231877591,-5.91666319689221));
#6604=CARTESIAN_POINT('Ctrl Pts',(1.35704386801996,-3.75027189869907E-16,
-5.87499653022554));
#6605=CARTESIAN_POINT('Ctrl Pts',(1.01778290101497,0.587617231877589,-5.83332986355887));
#6606=CARTESIAN_POINT('Ctrl Pts',(0.67852193400998,1.17523446375518,-5.79166319689221));
#6607=CARTESIAN_POINT('Ctrl Pts',(0.,1.17523446375518,-5.74999653022554));
#6608=CARTESIAN_POINT('Ctrl Pts',(-0.678521934009979,1.17523446375518,-5.70832986355887));
#6609=CARTESIAN_POINT('Ctrl Pts',(-1.01778290101497,0.58761723187759,-5.66666319689221));
#6610=CARTESIAN_POINT('Ctrl Pts',(-1.35704386801996,-4.24236381021225E-17,
-5.62499653022554));
#6611=CARTESIAN_POINT('Ctrl Pts',(-1.01778290101497,-0.58761723187759,-5.58332986355888));
#6612=CARTESIAN_POINT('Ctrl Pts',(-0.678521934009979,-1.17523446375518,
-5.54166319689221));
#6613=CARTESIAN_POINT('Ctrl Pts',(-1.43924712428544E-16,-1.17523446375518,
-5.49999653022554));
#6614=CARTESIAN_POINT('Ctrl Pts',(0.678521934009979,-1.17523446375518,-5.45832986355887));
#6615=CARTESIAN_POINT('Ctrl Pts',(1.01778290101497,-0.587617231877591,-5.41666319689221));
#6616=CARTESIAN_POINT('Ctrl Pts',(1.35704386801996,-3.74579858043612E-16,
-5.37499653022554));
#6617=CARTESIAN_POINT('Ctrl Pts',(1.01778290101497,0.587617231877589,-5.33332986355887));
#6618=CARTESIAN_POINT('Ctrl Pts',(0.67852193400998,1.17523446375518,-5.29166319689221));
#6619=CARTESIAN_POINT('Ctrl Pts',(0.,1.17523446375518,-5.24999653022554));
#6620=CARTESIAN_POINT('Ctrl Pts',(-0.678521934009979,1.17523446375518,-5.20832986355887));
#6621=CARTESIAN_POINT('Ctrl Pts',(-1.01778290101497,0.58761723187759,-5.16666319689221));
#6622=CARTESIAN_POINT('Ctrl Pts',(-1.35704386801996,-4.19763062758269E-17,
-5.12499653022554));
#6623=CARTESIAN_POINT('Ctrl Pts',(-1.01778290101497,-0.58761723187759,-5.08332986355888));
#6624=CARTESIAN_POINT('Ctrl Pts',(-0.678521934009979,-1.17523446375518,
-5.04166319689221));
#6625=CARTESIAN_POINT('Ctrl Pts',(-1.43924712428544E-16,-1.17523446375518,
-4.99999653022554));
#6626=CARTESIAN_POINT('Ctrl Pts',(0.678521934009979,-1.17523446375518,-4.95832986355887));
#6627=CARTESIAN_POINT('Ctrl Pts',(1.01778290101497,-0.587617231877591,-4.91666319689221));
#6628=CARTESIAN_POINT('Ctrl Pts',(1.35704386801996,-3.74132526217316E-16,
-4.87499653022554));
#6629=CARTESIAN_POINT('Ctrl Pts',(1.01778290101497,0.587617231877589,-4.83332986355887));
#6630=CARTESIAN_POINT('Ctrl Pts',(0.67852193400998,1.17523446375518,-4.79166319689221));
#6631=CARTESIAN_POINT('Ctrl Pts',(0.,1.17523446375518,-4.74999653022554));
#6632=CARTESIAN_POINT('Ctrl Pts',(-0.678521934009979,1.17523446375518,-4.70832986355887));
#6633=CARTESIAN_POINT('Ctrl Pts',(-1.01778290101497,0.58761723187759,-4.66666319689221));
#6634=CARTESIAN_POINT('Ctrl Pts',(-1.35704386801996,-4.15289744495313E-17,
-4.62499653022554));
#6635=CARTESIAN_POINT('Ctrl Pts',(-1.01778290101497,-0.58761723187759,-4.58332986355888));
#6636=CARTESIAN_POINT('Ctrl Pts',(-0.678521934009979,-1.17523446375518,
-4.54166319689221));
#6637=CARTESIAN_POINT('Ctrl Pts',(-1.43924712428544E-16,-1.17523446375518,
-4.49999653022554));
#6638=CARTESIAN_POINT('Ctrl Pts',(0.678521934009979,-1.17523446375518,-4.45832986355887));
#6639=CARTESIAN_POINT('Ctrl Pts',(1.01778290101497,-0.587617231877591,-4.41666319689221));
#6640=CARTESIAN_POINT('Ctrl Pts',(1.35704386801996,-3.7368519439102E-16,
-4.37499653022554));
#6641=CARTESIAN_POINT('Ctrl Pts',(1.01778290101497,0.587617231877589,-4.33332986355888));
#6642=CARTESIAN_POINT('Ctrl Pts',(0.67852193400998,1.17523446375518,-4.29166319689221));
#6643=CARTESIAN_POINT('Ctrl Pts',(0.,1.17523446375518,-4.24999653022554));
#6644=CARTESIAN_POINT('Ctrl Pts',(-0.678521934009979,1.17523446375518,-4.20832986355887));
#6645=CARTESIAN_POINT('Ctrl Pts',(-1.01778290101497,0.58761723187759,-4.16666319689221));
#6646=CARTESIAN_POINT('Ctrl Pts',(-1.35704386801996,-4.10816426232357E-17,
-4.12499653022554));
#6647=CARTESIAN_POINT('Ctrl Pts',(-1.01778290101497,-0.58761723187759,-4.08332986355887));
#6648=CARTESIAN_POINT('Ctrl Pts',(-0.678521934009979,-1.17523446375518,
-4.04166319689221));
#6649=CARTESIAN_POINT('Ctrl Pts',(-1.43924712428544E-16,-1.17523446375518,
-3.99999653022554));
#6650=CARTESIAN_POINT('Ctrl Pts',(0.678521934009979,-1.17523446375518,-3.95832986355887));
#6651=CARTESIAN_POINT('Ctrl Pts',(1.01778290101497,-0.587617231877591,-3.91666319689221));
#6652=CARTESIAN_POINT('Ctrl Pts',(1.35704386801996,-3.73237862564725E-16,
-3.87499653022554));
#6653=CARTESIAN_POINT('Ctrl Pts',(1.01778290101497,0.587617231877589,-3.83332986355887));
#6654=CARTESIAN_POINT('Ctrl Pts',(0.67852193400998,1.17523446375518,-3.79166319689221));
#6655=CARTESIAN_POINT('Ctrl Pts',(0.,1.17523446375518,-3.74999653022554));
#6656=CARTESIAN_POINT('Ctrl Pts',(-0.678521934009979,1.17523446375518,-3.70832986355887));
#6657=CARTESIAN_POINT('Ctrl Pts',(-1.01778290101497,0.58761723187759,-3.66666319689221));
#6658=CARTESIAN_POINT('Ctrl Pts',(-1.35704386801996,-4.06343107969401E-17,
-3.62499653022554));
#6659=CARTESIAN_POINT('Ctrl Pts',(-1.01778290101497,-0.58761723187759,-3.58332986355888));
#6660=CARTESIAN_POINT('Ctrl Pts',(-0.678521934009979,-1.17523446375518,
-3.54166319689221));
#6661=CARTESIAN_POINT('Ctrl Pts',(-1.43924712428544E-16,-1.17523446375518,
-3.49999653022554));
#6662=CARTESIAN_POINT('Ctrl Pts',(0.678521934009979,-1.17523446375518,-3.45832986355887));
#6663=CARTESIAN_POINT('Ctrl Pts',(1.01778290101497,-0.587617231877591,-3.41666319689221));
#6664=CARTESIAN_POINT('Ctrl Pts',(1.35704386801996,-3.72790530738429E-16,
-3.37499653022554));
#6665=CARTESIAN_POINT('Ctrl Pts',(1.01778290101497,0.587617231877589,-3.33332986355888));
#6666=CARTESIAN_POINT('Ctrl Pts',(0.67852193400998,1.17523446375518,-3.29166319689221));
#6667=CARTESIAN_POINT('Ctrl Pts',(0.,1.17523446375518,-3.24999653022554));
#6668=CARTESIAN_POINT('Ctrl Pts',(-0.678521934009979,1.17523446375518,-3.20832986355887));
#6669=CARTESIAN_POINT('Ctrl Pts',(-1.01778290101497,0.58761723187759,-3.16666319689221));
#6670=CARTESIAN_POINT('Ctrl Pts',(-1.35704386801996,-4.01869789706445E-17,
-3.12499653022554));
#6671=CARTESIAN_POINT('Ctrl Pts',(-1.01778290101497,-0.58761723187759,-3.08332986355887));
#6672=CARTESIAN_POINT('Ctrl Pts',(-0.678521934009979,-1.17523446375518,
-3.04166319689221));
#6673=CARTESIAN_POINT('Ctrl Pts',(-1.43924712428544E-16,-1.17523446375518,
-2.99999653022554));
#6674=CARTESIAN_POINT('Ctrl Pts',(0.678521934009979,-1.17523446375518,-2.95832986355887));
#6675=CARTESIAN_POINT('Ctrl Pts',(1.01778290101497,-0.587617231877591,-2.91666319689221));
#6676=CARTESIAN_POINT('Ctrl Pts',(1.35704386801996,-3.72343198912134E-16,
-2.87499653022554));
#6677=CARTESIAN_POINT('Ctrl Pts',(1.01778290101497,0.587617231877589,-2.83332986355888));
#6678=CARTESIAN_POINT('Ctrl Pts',(0.67852193400998,1.17523446375518,-2.79166319689221));
#6679=CARTESIAN_POINT('Ctrl Pts',(0.,1.17523446375518,-2.74999653022554));
#6680=CARTESIAN_POINT('Ctrl Pts',(-0.678521934009979,1.17523446375518,-2.70832986355887));
#6681=CARTESIAN_POINT('Ctrl Pts',(-1.01778290101497,0.58761723187759,-2.66666319689221));
#6682=CARTESIAN_POINT('Ctrl Pts',(-1.35704386801996,-3.97396471443489E-17,
-2.62499653022554));
#6683=CARTESIAN_POINT('Ctrl Pts',(-1.01778290101497,-0.58761723187759,-2.58332986355888));
#6684=CARTESIAN_POINT('Ctrl Pts',(-0.678521934009979,-1.17523446375518,
-2.54166319689221));
#6685=CARTESIAN_POINT('Ctrl Pts',(-1.43924712428544E-16,-1.17523446375518,
-2.49999653022554));
#6686=CARTESIAN_POINT('Ctrl Pts',(0.678521934009979,-1.17523446375518,-2.45832986355887));
#6687=CARTESIAN_POINT('Ctrl Pts',(1.01778290101497,-0.587617231877591,-2.41666319689221));
#6688=CARTESIAN_POINT('Ctrl Pts',(1.35704386801996,-3.71895867085838E-16,
-2.37499653022554));
#6689=CARTESIAN_POINT('Ctrl Pts',(1.01778290101497,0.587617231877589,-2.33332986355887));
#6690=CARTESIAN_POINT('Ctrl Pts',(0.67852193400998,1.17523446375518,-2.29166319689221));
#6691=CARTESIAN_POINT('Ctrl Pts',(0.,1.17523446375518,-2.24999653022554));
#6692=CARTESIAN_POINT('Ctrl Pts',(-0.678521934009979,1.17523446375518,-2.20832986355887));
#6693=CARTESIAN_POINT('Ctrl Pts',(-1.01778290101497,0.58761723187759,-2.16666319689221));
#6694=CARTESIAN_POINT('Ctrl Pts',(-1.35704386801996,-3.92923153180532E-17,
-2.12499653022554));
#6695=CARTESIAN_POINT('Ctrl Pts',(-1.01778290101497,-0.58761723187759,-2.08332986355887));
#6696=CARTESIAN_POINT('Ctrl Pts',(-0.678521934009979,-1.17523446375518,
-2.04166319689221));
#6697=CARTESIAN_POINT('Ctrl Pts',(-1.43924712428544E-16,-1.17523446375518,
-1.99999653022554));
#6698=CARTESIAN_POINT('Ctrl Pts',(0.678521934009979,-1.17523446375518,-1.95832986355887));
#6699=CARTESIAN_POINT('Ctrl Pts',(1.01778290101497,-0.587617231877591,-1.91666319689221));
#6700=CARTESIAN_POINT('Ctrl Pts',(1.35704386801996,-3.71448535259542E-16,
-1.87499653022554));
#6701=CARTESIAN_POINT('Ctrl Pts',(1.01778290101497,0.587617231877589,-1.83332986355887));
#6702=CARTESIAN_POINT('Ctrl Pts',(0.67852193400998,1.17523446375518,-1.79166319689221));
#6703=CARTESIAN_POINT('Ctrl Pts',(0.,1.17523446375518,-1.74999653022554));
#6704=CARTESIAN_POINT('Ctrl Pts',(-0.678521934009979,1.17523446375518,-1.70832986355887));
#6705=CARTESIAN_POINT('Ctrl Pts',(-1.01778290101497,0.58761723187759,-1.66666319689221));
#6706=CARTESIAN_POINT('Ctrl Pts',(-1.35704386801996,-3.88449834917576E-17,
-1.62499653022554));
#6707=CARTESIAN_POINT('Ctrl Pts',(-1.01778290101497,-0.58761723187759,-1.58332986355887));
#6708=CARTESIAN_POINT('Ctrl Pts',(-0.678521934009979,-1.17523446375518,
-1.54166319689221));
#6709=CARTESIAN_POINT('Ctrl Pts',(-1.43924712428544E-16,-1.17523446375518,
-1.49999653022554));
#6710=CARTESIAN_POINT('Ctrl Pts',(0.678521934009979,-1.17523446375518,-1.45832986355887));
#6711=CARTESIAN_POINT('Ctrl Pts',(1.01778290101497,-0.587617231877591,-1.41666319689221));
#6712=CARTESIAN_POINT('Ctrl Pts',(1.35704386801996,-3.71001203433247E-16,
-1.37499653022554));
#6713=CARTESIAN_POINT('Ctrl Pts',(1.01778290101497,0.587617231877589,-1.33332986355887));
#6714=CARTESIAN_POINT('Ctrl Pts',(0.67852193400998,1.17523446375518,-1.29166319689221));
#6715=CARTESIAN_POINT('Ctrl Pts',(0.,1.17523446375518,-1.24999653022554));
#6716=CARTESIAN_POINT('Ctrl Pts',(-0.678521934009979,1.17523446375518,-1.20832986355887));
#6717=CARTESIAN_POINT('Ctrl Pts',(-1.01778290101497,0.58761723187759,-1.16666319689221));
#6718=CARTESIAN_POINT('Ctrl Pts',(-1.35704386801996,-3.8397651665462E-17,
-1.12499653022554));
#6719=CARTESIAN_POINT('Ctrl Pts',(-1.01778290101497,-0.58761723187759,-1.08332986355887));
#6720=CARTESIAN_POINT('Ctrl Pts',(-0.678521934009979,-1.17523446375518,
-1.04166319689221));
#6721=CARTESIAN_POINT('Ctrl Pts',(-1.43924712428544E-16,-1.17523446375518,
-0.999996530225541));
#6722=CARTESIAN_POINT('Ctrl Pts',(0.678521934009979,-1.17523446375518,-0.958329863558874));
#6723=CARTESIAN_POINT('Ctrl Pts',(1.01778290101497,-0.587617231877591,-0.916663196892208));
#6724=CARTESIAN_POINT('Ctrl Pts',(1.35704386801996,-3.70553871606951E-16,
-0.874996530225541));
#6725=CARTESIAN_POINT('Ctrl Pts',(1.01778290101497,0.587617231877589,-0.833329863558874));
#6726=CARTESIAN_POINT('Ctrl Pts',(0.67852193400998,1.17523446375518,-0.791663196892208));
#6727=CARTESIAN_POINT('Ctrl Pts',(0.,1.17523446375518,-0.749996530225541));
#6728=CARTESIAN_POINT('Ctrl Pts',(-0.678521934009979,1.17523446375518,-0.708329863558874));
#6729=CARTESIAN_POINT('Ctrl Pts',(-1.01778290101497,0.58761723187759,-0.666663196892208));
#6730=CARTESIAN_POINT('Ctrl Pts',(-1.35704386801996,-3.79503198391664E-17,
-0.624996530225541));
#6731=CARTESIAN_POINT('Ctrl Pts',(-1.01778290101497,-0.58761723187759,-0.583329863558873));
#6732=CARTESIAN_POINT('Ctrl Pts',(-0.678521934009979,-1.17523446375518,
-0.541663196892208));
#6733=CARTESIAN_POINT('Ctrl Pts',(-1.43924712428544E-16,-1.17523446375518,
-0.499996530225541));
#6734=CARTESIAN_POINT('Ctrl Pts',(0.678521934009979,-1.17523446375518,-0.458329863558875));
#6735=CARTESIAN_POINT('Ctrl Pts',(1.01778290101497,-0.587617231877591,-0.416663196892208));
#6736=CARTESIAN_POINT('Ctrl Pts',(1.35704386801996,-3.70106539780655E-16,
-0.37499653022554));
#6737=CARTESIAN_POINT('Ctrl Pts',(1.01778290101497,0.587617231877589,-0.333329863558875));
#6738=CARTESIAN_POINT('Ctrl Pts',(0.67852193400998,1.17523446375518,-0.291663196892208));
#6739=CARTESIAN_POINT('Ctrl Pts',(0.,1.17523446375518,-0.24999653022554));
#6740=CARTESIAN_POINT('Ctrl Pts',(-0.678521934009979,1.17523446375518,-0.208329863558875));
#6741=CARTESIAN_POINT('Ctrl Pts',(-1.01778290101497,0.58761723187759,-0.166663196892208));
#6742=CARTESIAN_POINT('Ctrl Pts',(-1.35704386801996,-3.75029880128708E-17,
-0.12499653022554));
#6743=CARTESIAN_POINT('Ctrl Pts',(-1.01778290101497,-0.58761723187759,-0.0833298635588747));
#6744=CARTESIAN_POINT('Ctrl Pts',(-0.678521934009979,-1.17523446375518,
-0.0416631968922075));
#6745=CARTESIAN_POINT('Ctrl Pts',(-1.43924712428544E-16,-1.17523446375518,
3.46977445981538E-6));
#6746=CARTESIAN_POINT('Ctrl Pts',(0.678521934009979,-1.17523446375518,0.0416701364411254));
#6747=CARTESIAN_POINT('Ctrl Pts',(1.01778290101497,-0.587617231877591,0.0833368031077927));
#6748=CARTESIAN_POINT('Ctrl Pts',(1.35704386801996,-3.6965920795436E-16,
0.125003469774458));
#6749=CARTESIAN_POINT('Ctrl Pts',(1.01778290101497,0.587617231877589,0.166670136441125));
#6750=CARTESIAN_POINT('Ctrl Pts',(0.67852193400998,1.17523446375518,0.208336803107793));
#6751=CARTESIAN_POINT('Ctrl Pts',(0.,1.17523446375518,0.250003469774458));
#6752=CARTESIAN_POINT('Ctrl Pts',(-0.678521934009979,1.17523446375518,0.291670136441126));
#6753=CARTESIAN_POINT('Ctrl Pts',(-1.01778290101497,0.58761723187759,0.333336803107793));
#6754=CARTESIAN_POINT('Ctrl Pts',(-1.35704386801996,-3.70556561865752E-17,
0.375003469774458));
#6755=CARTESIAN_POINT('Ctrl Pts',(-1.01778290101497,-0.58761723187759,0.416670136441126));
#6756=CARTESIAN_POINT('Ctrl Pts',(-0.678521934009979,-1.17523446375518,
0.458336803107793));
#6757=CARTESIAN_POINT('Ctrl Pts',(-1.43924712428544E-16,-1.17523446375518,
0.500003469774459));
#6758=CARTESIAN_POINT('Ctrl Pts',(0.678521934009979,-1.17523446375518,0.541670136441126));
#6759=CARTESIAN_POINT('Ctrl Pts',(1.01778290101497,-0.587617231877591,0.583336803107793));
#6760=CARTESIAN_POINT('Ctrl Pts',(1.35704386801996,-3.69211876128064E-16,
0.625003469774458));
#6761=CARTESIAN_POINT('Ctrl Pts',(1.01778290101497,0.587617231877589,0.666670136441126));
#6762=CARTESIAN_POINT('Ctrl Pts',(0.67852193400998,1.17523446375518,0.708336803107793));
#6763=CARTESIAN_POINT('Ctrl Pts',(0.,1.17523446375518,0.750003469774459));
#6764=CARTESIAN_POINT('Ctrl Pts',(-0.678521934009979,1.17523446375518,0.791670136441126));
#6765=CARTESIAN_POINT('Ctrl Pts',(-1.01778290101497,0.58761723187759,0.833336803107792));
#6766=CARTESIAN_POINT('Ctrl Pts',(-1.35704386801996,-3.66083243602796E-17,
0.875003469774459));
#6767=CARTESIAN_POINT('Ctrl Pts',(-1.01778290101497,-0.58761723187759,0.916670136441126));
#6768=CARTESIAN_POINT('Ctrl Pts',(-0.678521934009979,-1.17523446375518,
0.958336803107792));
#6769=CARTESIAN_POINT('Ctrl Pts',(-1.43924712428544E-16,-1.17523446375518,
1.00000346977446));
#6770=CARTESIAN_POINT('Ctrl Pts',(0.678521934009979,-1.17523446375518,1.04167013644113));
#6771=CARTESIAN_POINT('Ctrl Pts',(1.01778290101497,-0.587617231877591,1.08333680310779));
#6772=CARTESIAN_POINT('Ctrl Pts',(1.35704386801996,-3.68764544301769E-16,
1.12500346977446));
#6773=CARTESIAN_POINT('Ctrl Pts',(1.01778290101497,0.587617231877589,1.16667013644113));
#6774=CARTESIAN_POINT('Ctrl Pts',(0.67852193400998,1.17523446375518,1.20833680310779));
#6775=CARTESIAN_POINT('Ctrl Pts',(0.,1.17523446375518,1.25000346977446));
#6776=CARTESIAN_POINT('Ctrl Pts',(-0.678521934009979,1.17523446375518,1.29167013644113));
#6777=CARTESIAN_POINT('Ctrl Pts',(-1.01778290101497,0.58761723187759,1.33333680310779));
#6778=CARTESIAN_POINT('Ctrl Pts',(-1.35704386801996,-3.6160992533984E-17,
1.37500346977446));
#6779=CARTESIAN_POINT('Ctrl Pts',(-1.01778290101497,-0.58761723187759,1.41667013644113));
#6780=CARTESIAN_POINT('Ctrl Pts',(-0.678521934009979,-1.17523446375518,
1.45833680310779));
#6781=CARTESIAN_POINT('Ctrl Pts',(-1.43924712428544E-16,-1.17523446375518,
1.50000346977446));
#6782=CARTESIAN_POINT('Ctrl Pts',(0.678521934009979,-1.17523446375518,1.54167013644112));
#6783=CARTESIAN_POINT('Ctrl Pts',(1.01778290101497,-0.587617231877591,1.58333680310779));
#6784=CARTESIAN_POINT('Ctrl Pts',(1.35704386801996,-3.68317212475473E-16,
1.62500346977446));
#6785=CARTESIAN_POINT('Ctrl Pts',(1.01778290101497,0.587617231877589,1.66667013644113));
#6786=CARTESIAN_POINT('Ctrl Pts',(0.67852193400998,1.17523446375518,1.70833680310779));
#6787=CARTESIAN_POINT('Ctrl Pts',(0.,1.17523446375518,1.75000346977446));
#6788=CARTESIAN_POINT('Ctrl Pts',(-0.678521934009979,1.17523446375518,1.79167013644112));
#6789=CARTESIAN_POINT('Ctrl Pts',(-1.01778290101497,0.58761723187759,1.83333680310779));
#6790=CARTESIAN_POINT('Ctrl Pts',(-1.35704386801996,-3.57136607076884E-17,
1.87500346977446));
#6791=CARTESIAN_POINT('Ctrl Pts',(-1.01778290101497,-0.58761723187759,1.91667013644113));
#6792=CARTESIAN_POINT('Ctrl Pts',(-0.678521934009979,-1.17523446375518,
1.95833680310779));
#6793=CARTESIAN_POINT('Ctrl Pts',(-1.43924712428544E-16,-1.17523446375518,
2.00000346977446));
#6794=CARTESIAN_POINT('Ctrl Pts',(0.678521934009979,-1.17523446375518,2.04167013644113));
#6795=CARTESIAN_POINT('Ctrl Pts',(1.01778290101497,-0.587617231877591,2.08333680310779));
#6796=CARTESIAN_POINT('Ctrl Pts',(1.35704386801996,-3.67869880649177E-16,
2.12500346977446));
#6797=CARTESIAN_POINT('Ctrl Pts',(1.01778290101497,0.587617231877589,2.16667013644113));
#6798=CARTESIAN_POINT('Ctrl Pts',(0.67852193400998,1.17523446375518,2.20833680310779));
#6799=CARTESIAN_POINT('Ctrl Pts',(0.,1.17523446375518,2.25000346977446));
#6800=CARTESIAN_POINT('Ctrl Pts',(-0.678521934009979,1.17523446375518,2.29167013644113));
#6801=CARTESIAN_POINT('Ctrl Pts',(-1.01778290101497,0.58761723187759,2.33333680310779));
#6802=CARTESIAN_POINT('Ctrl Pts',(-1.35704386801996,-3.52663288813928E-17,
2.37500346977446));
#6803=CARTESIAN_POINT('Ctrl Pts',(-1.01778290101497,-0.58761723187759,2.41667013644113));
#6804=CARTESIAN_POINT('Ctrl Pts',(-0.678521934009979,-1.17523446375518,
2.45833680310779));
#6805=CARTESIAN_POINT('Ctrl Pts',(-1.43924712428544E-16,-1.17523446375518,
2.50000346977446));
#6806=CARTESIAN_POINT('Ctrl Pts',(0.678521934009979,-1.17523446375518,2.54167013644113));
#6807=CARTESIAN_POINT('Ctrl Pts',(1.01778290101497,-0.587617231877591,2.58333680310779));
#6808=CARTESIAN_POINT('Ctrl Pts',(1.35704386801996,-3.67422548822882E-16,
2.62500346977446));
#6809=CARTESIAN_POINT('Ctrl Pts',(1.01778290101497,0.587617231877589,2.66667013644113));
#6810=CARTESIAN_POINT('Ctrl Pts',(0.67852193400998,1.17523446375518,2.70833680310779));
#6811=CARTESIAN_POINT('Ctrl Pts',(0.,1.17523446375518,2.75000346977446));
#6812=CARTESIAN_POINT('Ctrl Pts',(-0.678521934009979,1.17523446375518,2.79167013644113));
#6813=CARTESIAN_POINT('Ctrl Pts',(-1.01778290101497,0.58761723187759,2.83333680310779));
#6814=CARTESIAN_POINT('Ctrl Pts',(-1.35704386801996,-3.48189970550971E-17,
2.87500346977446));
#6815=CARTESIAN_POINT('Ctrl Pts',(-1.01778290101497,-0.58761723187759,2.91667013644113));
#6816=CARTESIAN_POINT('Ctrl Pts',(-0.678521934009979,-1.17523446375518,
2.95833680310779));
#6817=CARTESIAN_POINT('Ctrl Pts',(-1.43924712428544E-16,-1.17523446375518,
3.00000346977446));
#6818=CARTESIAN_POINT('Ctrl Pts',(0.678521934009979,-1.17523446375518,3.04167013644113));
#6819=CARTESIAN_POINT('Ctrl Pts',(1.01778290101497,-0.587617231877591,3.08333680310779));
#6820=CARTESIAN_POINT('Ctrl Pts',(1.35704386801996,-3.66975216996586E-16,
3.12500346977446));
#6821=CARTESIAN_POINT('Ctrl Pts',(1.01778290101497,0.587617231877589,3.16667013644113));
#6822=CARTESIAN_POINT('Ctrl Pts',(0.67852193400998,1.17523446375518,3.20833680310779));
#6823=CARTESIAN_POINT('Ctrl Pts',(0.,1.17523446375518,3.25000346977446));
#6824=CARTESIAN_POINT('Ctrl Pts',(-0.678521934009979,1.17523446375518,3.29167013644112));
#6825=CARTESIAN_POINT('Ctrl Pts',(-1.01778290101497,0.58761723187759,3.33333680310779));
#6826=CARTESIAN_POINT('Ctrl Pts',(-1.35704386801996,-3.43716652288015E-17,
3.37500346977446));
#6827=CARTESIAN_POINT('Ctrl Pts',(-1.01778290101497,-0.58761723187759,3.41667013644112));
#6828=CARTESIAN_POINT('Ctrl Pts',(-0.678521934009979,-1.17523446375518,
3.45833680310779));
#6829=CARTESIAN_POINT('Ctrl Pts',(-1.43924712428544E-16,-1.17523446375518,
3.50000346977446));
#6830=CARTESIAN_POINT('Ctrl Pts',(0.678521934009979,-1.17523446375518,3.54167013644112));
#6831=CARTESIAN_POINT('Ctrl Pts',(1.01778290101497,-0.587617231877591,3.58333680310779));
#6832=CARTESIAN_POINT('Ctrl Pts',(1.35704386801996,-3.66527885170291E-16,
3.62500346977446));
#6833=CARTESIAN_POINT('Ctrl Pts',(1.01778290101497,0.587617231877589,3.66667013644113));
#6834=CARTESIAN_POINT('Ctrl Pts',(0.67852193400998,1.17523446375518,3.70833680310779));
#6835=CARTESIAN_POINT('Ctrl Pts',(0.,1.17523446375518,3.75000346977446));
#6836=CARTESIAN_POINT('Ctrl Pts',(-0.678521934009979,1.17523446375518,3.79167013644112));
#6837=CARTESIAN_POINT('Ctrl Pts',(-1.01778290101497,0.58761723187759,3.83333680310779));
#6838=CARTESIAN_POINT('Ctrl Pts',(-1.35704386801996,-3.39243334025059E-17,
3.87500346977446));
#6839=CARTESIAN_POINT('Ctrl Pts',(-1.01778290101497,-0.58761723187759,3.91667013644113));
#6840=CARTESIAN_POINT('Ctrl Pts',(-0.678521934009979,-1.17523446375518,
3.95833680310779));
#6841=CARTESIAN_POINT('Ctrl Pts',(-1.43924712428544E-16,-1.17523446375518,
4.00000346977446));
#6842=CARTESIAN_POINT('Ctrl Pts',(0.678521934009979,-1.17523446375518,4.04167013644112));
#6843=CARTESIAN_POINT('Ctrl Pts',(1.01778290101497,-0.587617231877591,4.08333680310779));
#6844=CARTESIAN_POINT('Ctrl Pts',(1.35704386801996,-3.66080553343995E-16,
4.12500346977446));
#6845=CARTESIAN_POINT('Ctrl Pts',(1.01778290101497,0.587617231877589,4.16667013644112));
#6846=CARTESIAN_POINT('Ctrl Pts',(0.67852193400998,1.17523446375518,4.20833680310779));
#6847=CARTESIAN_POINT('Ctrl Pts',(0.,1.17523446375518,4.25000346977446));
#6848=CARTESIAN_POINT('Ctrl Pts',(-0.678521934009979,1.17523446375518,4.29167013644112));
#6849=CARTESIAN_POINT('Ctrl Pts',(-1.01778290101497,0.58761723187759,4.33333680310779));
#6850=CARTESIAN_POINT('Ctrl Pts',(-1.35704386801996,-3.34770015762103E-17,
4.37500346977446));
#6851=CARTESIAN_POINT('Ctrl Pts',(-1.01778290101497,-0.58761723187759,4.41667013644112));
#6852=CARTESIAN_POINT('Ctrl Pts',(-0.678521934009979,-1.17523446375518,
4.45833680310779));
#6853=CARTESIAN_POINT('Ctrl Pts',(-1.43924712428544E-16,-1.17523446375518,
4.50000346977446));
#6854=CARTESIAN_POINT('Ctrl Pts',(0.678521934009979,-1.17523446375518,4.54167013644113));
#6855=CARTESIAN_POINT('Ctrl Pts',(1.01778290101497,-0.587617231877591,4.58333680310779));
#6856=CARTESIAN_POINT('Ctrl Pts',(1.35704386801996,-3.65633221517699E-16,
4.62500346977446));
#6857=CARTESIAN_POINT('Ctrl Pts',(1.01778290101497,0.587617231877589,4.66667013644113));
#6858=CARTESIAN_POINT('Ctrl Pts',(0.67852193400998,1.17523446375518,4.70833680310779));
#6859=CARTESIAN_POINT('Ctrl Pts',(0.,1.17523446375518,4.75000346977446));
#6860=CARTESIAN_POINT('Ctrl Pts',(-0.678521934009979,1.17523446375518,4.79167013644112));
#6861=CARTESIAN_POINT('Ctrl Pts',(-1.01778290101497,0.58761723187759,4.83333680310779));
#6862=CARTESIAN_POINT('Ctrl Pts',(-1.35704386801996,-3.30296697499147E-17,
4.87500346977446));
#6863=CARTESIAN_POINT('Ctrl Pts',(-1.01778290101497,-0.58761723187759,4.91667013644113));
#6864=CARTESIAN_POINT('Ctrl Pts',(-0.678521934009979,-1.17523446375518,
4.95833680310779));
#6865=CARTESIAN_POINT('Ctrl Pts',(-1.43924712428544E-16,-1.17523446375518,
5.00000346977446));
#6866=CARTESIAN_POINT('Ctrl Pts',(0.678521934009979,-1.17523446375518,5.04167013644113));
#6867=CARTESIAN_POINT('Ctrl Pts',(1.01778290101497,-0.587617231877591,5.08333680310779));
#6868=CARTESIAN_POINT('Ctrl Pts',(1.35704386801996,-3.65185889691404E-16,
5.12500346977446));
#6869=CARTESIAN_POINT('Ctrl Pts',(1.01778290101497,0.587617231877589,5.16667013644113));
#6870=CARTESIAN_POINT('Ctrl Pts',(0.67852193400998,1.17523446375518,5.20833680310779));
#6871=CARTESIAN_POINT('Ctrl Pts',(0.,1.17523446375518,5.25000346977446));
#6872=CARTESIAN_POINT('Ctrl Pts',(-0.678521934009979,1.17523446375518,5.29167013644112));
#6873=CARTESIAN_POINT('Ctrl Pts',(-1.01778290101497,0.58761723187759,5.33333680310779));
#6874=CARTESIAN_POINT('Ctrl Pts',(-1.35704386801996,-3.25823379236191E-17,
5.37500346977446));
#6875=CARTESIAN_POINT('Ctrl Pts',(-1.01778290101497,-0.58761723187759,5.41667013644113));
#6876=CARTESIAN_POINT('Ctrl Pts',(-0.678521934009979,-1.17523446375518,
5.45833680310779));
#6877=CARTESIAN_POINT('Ctrl Pts',(-1.43924712428544E-16,-1.17523446375518,
5.50000346977446));
#6878=CARTESIAN_POINT('Ctrl Pts',(0.678521934009979,-1.17523446375518,5.54167013644112));
#6879=CARTESIAN_POINT('Ctrl Pts',(1.01778290101497,-0.587617231877591,5.58333680310779));
#6880=CARTESIAN_POINT('Ctrl Pts',(1.35704386801996,-3.64738557865108E-16,
5.62500346977446));
#6881=CARTESIAN_POINT('Ctrl Pts',(1.01778290101497,0.587617231877589,5.66667013644113));
#6882=CARTESIAN_POINT('Ctrl Pts',(0.67852193400998,1.17523446375518,5.70833680310779));
#6883=CARTESIAN_POINT('Ctrl Pts',(0.,1.17523446375518,5.75000346977446));
#6884=CARTESIAN_POINT('Ctrl Pts',(-0.678521934009979,1.17523446375518,5.79167013644112));
#6885=CARTESIAN_POINT('Ctrl Pts',(-1.01778290101497,0.58761723187759,5.83333680310779));
#6886=CARTESIAN_POINT('Ctrl Pts',(-1.35704386801996,-3.21350060973235E-17,
5.87500346977446));
#6887=CARTESIAN_POINT('Ctrl Pts',(-1.01778290101497,-0.58761723187759,5.91667013644113));
#6888=CARTESIAN_POINT('Ctrl Pts',(-0.678521934009979,-1.17523446375518,
5.95833680310779));
#6889=CARTESIAN_POINT('Ctrl Pts',(-1.43924712428544E-16,-1.17523446375518,
6.00000346977446));
#6890=CARTESIAN_POINT('Ctrl Pts',(0.678521934009979,-1.17523446375518,6.04167013644112));
#6891=CARTESIAN_POINT('Ctrl Pts',(1.01778290101497,-0.587617231877591,6.08333680310779));
#6892=CARTESIAN_POINT('Ctrl Pts',(1.35704386801996,-3.64291226038813E-16,
6.12500346977446));
#6893=CARTESIAN_POINT('Ctrl Pts',(1.01778290101497,0.587617231877589,6.16667013644113));
#6894=CARTESIAN_POINT('Ctrl Pts',(0.67852193400998,1.17523446375518,6.20833680310779));
#6895=CARTESIAN_POINT('Ctrl Pts',(0.,1.17523446375518,6.25000346977446));
#6896=CARTESIAN_POINT('Ctrl Pts',(-0.678521934009979,1.17523446375518,6.29167013644112));
#6897=CARTESIAN_POINT('Ctrl Pts',(-1.01778290101497,0.58761723187759,6.33333680310779));
#6898=CARTESIAN_POINT('Ctrl Pts',(-1.35704386801996,-3.16876742710279E-17,
6.37500346977446));
#6899=CARTESIAN_POINT('Ctrl Pts',(-1.01778290101497,-0.58761723187759,6.41667013644113));
#6900=CARTESIAN_POINT('Ctrl Pts',(-0.678521934009979,-1.17523446375518,
6.45833680310779));
#6901=CARTESIAN_POINT('Ctrl Pts',(-1.43924712428544E-16,-1.17523446375518,
6.50000346977446));
#6902=CARTESIAN_POINT('Ctrl Pts',(0.678521934009979,-1.17523446375518,6.54167013644113));
#6903=CARTESIAN_POINT('Ctrl Pts',(1.01778290101497,-0.587617231877591,6.58333680310779));
#6904=CARTESIAN_POINT('Ctrl Pts',(1.35704386801996,-3.63843894212517E-16,
6.62500346977446));
#6905=CARTESIAN_POINT('Ctrl Pts',(1.01778290101497,0.587617231877589,6.66667013644113));
#6906=CARTESIAN_POINT('Ctrl Pts',(0.67852193400998,1.17523446375518,6.70833680310779));
#6907=CARTESIAN_POINT('Ctrl Pts',(0.,1.17523446375518,6.75000346977446));
#6908=CARTESIAN_POINT('Ctrl Pts',(-0.678521934009979,1.17523446375518,6.79167013644113));
#6909=CARTESIAN_POINT('Ctrl Pts',(-1.01778290101497,0.58761723187759,6.83333680310779));
#6910=CARTESIAN_POINT('Ctrl Pts',(-1.35704386801996,-3.12403424447323E-17,
6.87500346977446));
#6911=CARTESIAN_POINT('Ctrl Pts',(-1.01778290101497,-0.58761723187759,6.91667013644113));
#6912=CARTESIAN_POINT('Ctrl Pts',(-0.678521934009979,-1.17523446375518,
6.95833680310779));
#6913=CARTESIAN_POINT('Ctrl Pts',(-1.43924712428544E-16,-1.17523446375518,
7.00000346977446));
#6914=CARTESIAN_POINT('Ctrl Pts',(0.678521934009979,-1.17523446375518,7.04167013644113));
#6915=CARTESIAN_POINT('Ctrl Pts',(1.01778290101497,-0.587617231877591,7.08333680310779));
#6916=CARTESIAN_POINT('Ctrl Pts',(1.35704386801996,-3.63396562386221E-16,
7.12500346977446));
#6917=CARTESIAN_POINT('Ctrl Pts',(1.01778290101497,0.587617231877589,7.16667013644113));
#6918=CARTESIAN_POINT('Ctrl Pts',(0.67852193400998,1.17523446375518,7.20833680310779));
#6919=CARTESIAN_POINT('Ctrl Pts',(0.,1.17523446375518,7.25000346977446));
#6920=CARTESIAN_POINT('Ctrl Pts',(-0.678521934009979,1.17523446375518,7.29167013644113));
#6921=CARTESIAN_POINT('Ctrl Pts',(-1.01778290101497,0.58761723187759,7.33333680310779));
#6922=CARTESIAN_POINT('Ctrl Pts',(-1.35704386801996,-3.07930106184367E-17,
7.37500346977446));
#6923=CARTESIAN_POINT('Ctrl Pts',(-1.01778290101497,-0.58761723187759,7.41667013644113));
#6924=CARTESIAN_POINT('Ctrl Pts',(-0.678521934009979,-1.17523446375518,
7.45833680310779));
#6925=CARTESIAN_POINT('Ctrl Pts',(-1.43924712428544E-16,-1.17523446375518,
7.50000346977446));
#6926=CARTESIAN_POINT('Ctrl Pts',(0.678521934009979,-1.17523446375518,7.54167013644112));
#6927=CARTESIAN_POINT('Ctrl Pts',(1.01778290101497,-0.587617231877591,7.58333680310779));
#6928=CARTESIAN_POINT('Ctrl Pts',(1.35704386801996,-3.62949230559926E-16,
7.62500346977446));
#6929=CARTESIAN_POINT('Ctrl Pts',(1.01778290101497,0.587617231877589,7.66667013644113));
#6930=CARTESIAN_POINT('Ctrl Pts',(0.67852193400998,1.17523446375518,7.70833680310779));
#6931=CARTESIAN_POINT('Ctrl Pts',(0.,1.17523446375518,7.75000346977446));
#6932=CARTESIAN_POINT('Ctrl Pts',(-0.678521934009979,1.17523446375518,7.79167013644113));
#6933=CARTESIAN_POINT('Ctrl Pts',(-1.01778290101497,0.58761723187759,7.83333680310779));
#6934=CARTESIAN_POINT('Ctrl Pts',(-1.35704386801996,-3.03456787921411E-17,
7.87500346977446));
#6935=CARTESIAN_POINT('Ctrl Pts',(-1.01778290101497,-0.58761723187759,7.91667013644113));
#6936=CARTESIAN_POINT('Ctrl Pts',(-0.678521934009979,-1.17523446375518,
7.95833680310779));
#6937=CARTESIAN_POINT('Ctrl Pts',(-1.43924712428544E-16,-1.17523446375518,
8.00000346977446));
#6938=CARTESIAN_POINT('Ctrl Pts',(0.678521934009979,-1.17523446375518,8.04167013644112));
#6939=CARTESIAN_POINT('Ctrl Pts',(1.01778290101497,-0.587617231877591,8.08333680310779));
#6940=CARTESIAN_POINT('Ctrl Pts',(1.35704386801996,-3.6250189873363E-16,
8.12500346977446));
#6941=CARTESIAN_POINT('Ctrl Pts',(1.01778290101497,0.587617231877589,8.16667013644112));
#6942=CARTESIAN_POINT('Ctrl Pts',(0.67852193400998,1.17523446375518,8.20833680310779));
#6943=CARTESIAN_POINT('Ctrl Pts',(0.,1.17523446375518,8.25000346977446));
#6944=CARTESIAN_POINT('Ctrl Pts',(-0.678521934009979,1.17523446375518,8.29167013644112));
#6945=CARTESIAN_POINT('Ctrl Pts',(-1.01778290101497,0.58761723187759,8.33333680310779));
#6946=CARTESIAN_POINT('Ctrl Pts',(-1.35704386801996,-2.98983469658454E-17,
8.37500346977446));
#6947=CARTESIAN_POINT('Ctrl Pts',(-1.01778290101497,-0.58761723187759,8.41667013644112));
#6948=CARTESIAN_POINT('Ctrl Pts',(-0.678521934009979,-1.17523446375518,
8.45833680310779));
#6949=CARTESIAN_POINT('Ctrl Pts',(-1.43924712428544E-16,-1.17523446375518,
8.50000346977446));
#6950=CARTESIAN_POINT('Ctrl Pts',(0.678521934009979,-1.17523446375518,8.54167013644112));
#6951=CARTESIAN_POINT('Ctrl Pts',(1.01778290101497,-0.587617231877591,8.58333680310779));
#6952=CARTESIAN_POINT('Ctrl Pts',(1.35704386801996,-3.62054566907335E-16,
8.62500346977446));
#6953=CARTESIAN_POINT('Ctrl Pts',(1.01778290101497,0.587617231877589,8.66667013644112));
#6954=CARTESIAN_POINT('Ctrl Pts',(0.67852193400998,1.17523446375518,8.70833680310779));
#6955=CARTESIAN_POINT('Ctrl Pts',(0.,1.17523446375518,8.75000346977446));
#6956=CARTESIAN_POINT('Ctrl Pts',(-0.678521934009979,1.17523446375518,8.79167013644112));
#6957=CARTESIAN_POINT('Ctrl Pts',(-1.01778290101497,0.58761723187759,8.83333680310779));
#6958=CARTESIAN_POINT('Ctrl Pts',(-1.35704386801996,-2.94510151395498E-17,
8.87500346977446));
#6959=CARTESIAN_POINT('Ctrl Pts',(-1.01778290101497,-0.58761723187759,8.91667013644112));
#6960=CARTESIAN_POINT('Ctrl Pts',(-0.678521934009979,-1.17523446375518,
8.95833680310779));
#6961=CARTESIAN_POINT('Ctrl Pts',(-1.43924712428544E-16,-1.17523446375518,
9.00000346977446));
#6962=CARTESIAN_POINT('Ctrl Pts',(0.678521934009979,-1.17523446375518,9.04167013644112));
#6963=CARTESIAN_POINT('Ctrl Pts',(1.01778290101497,-0.587617231877591,9.08333680310779));
#6964=CARTESIAN_POINT('Ctrl Pts',(1.35704386801996,-3.61607235081039E-16,
9.12500346977446));
#6965=CARTESIAN_POINT('Ctrl Pts',(1.01778290101497,0.587617231877589,9.16667013644112));
#6966=CARTESIAN_POINT('Ctrl Pts',(0.67852193400998,1.17523446375518,9.20833680310779));
#6967=CARTESIAN_POINT('Ctrl Pts',(0.,1.17523446375518,9.25000346977446));
#6968=CARTESIAN_POINT('Ctrl Pts',(-0.678521934009979,1.17523446375518,9.29167013644112));
#6969=CARTESIAN_POINT('Ctrl Pts',(-1.01778290101497,0.58761723187759,9.33333680310779));
#6970=CARTESIAN_POINT('Ctrl Pts',(-1.35704386801996,-2.90036833132542E-17,
9.37500346977446));
#6971=CARTESIAN_POINT('Ctrl Pts',(-1.01778290101497,-0.58761723187759,9.41667013644112));
#6972=CARTESIAN_POINT('Ctrl Pts',(-0.678521934009979,-1.17523446375518,
9.45833680310779));
#6973=CARTESIAN_POINT('Ctrl Pts',(-1.43924712428544E-16,-1.17523446375518,
9.50000346977446));
#6974=CARTESIAN_POINT('Ctrl Pts',(0.678521934009979,-1.17523446375518,9.54167013644112));
#6975=CARTESIAN_POINT('Ctrl Pts',(1.01778290101497,-0.587617231877591,9.58333680310779));
#6976=CARTESIAN_POINT('Ctrl Pts',(1.35704386801996,-3.61159903254743E-16,
9.62500346977446));
#6977=CARTESIAN_POINT('Ctrl Pts',(1.01778290101497,0.587617231877589,9.66667013644112));
#6978=CARTESIAN_POINT('Ctrl Pts',(0.67852193400998,1.17523446375518,9.70833680310779));
#6979=CARTESIAN_POINT('Ctrl Pts',(0.,1.17523446375518,9.75000346977446));
#6980=CARTESIAN_POINT('Ctrl Pts',(0.,1.52706329386826,-10.453125));
#6981=CARTESIAN_POINT('Ctrl Pts',(-0.881650403784439,1.52706329386826,-10.4114583333333));
#6982=CARTESIAN_POINT('Ctrl Pts',(-1.32247560567666,0.763531646934132,-10.3697916666667));
#6983=CARTESIAN_POINT('Ctrl Pts',(-1.76330080756888,-2.17552931649975E-17,
-10.328125));
#6984=CARTESIAN_POINT('Ctrl Pts',(-1.32247560567666,-0.763531646934132,
-10.2864583333333));
#6985=CARTESIAN_POINT('Ctrl Pts',(-0.881650403784439,-1.52706329386826,
-10.2447916666667));
#6986=CARTESIAN_POINT('Ctrl Pts',(-1.87011317493118E-16,-1.52706329386826,
-10.203125));
#6987=CARTESIAN_POINT('Ctrl Pts',(0.881650403784438,-1.52706329386826,-10.1614583333333));
#6988=CARTESIAN_POINT('Ctrl Pts',(1.32247560567666,-0.763531646934133,-10.1197916666667));
#6989=CARTESIAN_POINT('Ctrl Pts',(1.76330080756888,-4.53415765236483E-16,
-10.078125));
#6990=CARTESIAN_POINT('Ctrl Pts',(1.32247560567666,0.763531646934131,-10.0364583333333));
#6991=CARTESIAN_POINT('Ctrl Pts',(0.88165040378444,1.52706329386826,-9.99479166666667));
#6992=CARTESIAN_POINT('Ctrl Pts',(0.,1.52706329386826,-9.95312500000001));
#6993=CARTESIAN_POINT('Ctrl Pts',(-0.881650403784439,1.52706329386826,-9.91145833333334));
#6994=CARTESIAN_POINT('Ctrl Pts',(-1.32247560567666,0.763531646934132,-9.86979166666667));
#6995=CARTESIAN_POINT('Ctrl Pts',(-1.76330080756888,-2.13079613387019E-17,
-9.82812500000001));
#6996=CARTESIAN_POINT('Ctrl Pts',(-1.32247560567666,-0.763531646934132,
-9.78645833333334));
#6997=CARTESIAN_POINT('Ctrl Pts',(-0.881650403784439,-1.52706329386826,
-9.74479166666667));
#6998=CARTESIAN_POINT('Ctrl Pts',(-1.87011317493118E-16,-1.52706329386826,
-9.70312500000001));
#6999=CARTESIAN_POINT('Ctrl Pts',(0.881650403784438,-1.52706329386826,-9.66145833333334));
#7000=CARTESIAN_POINT('Ctrl Pts',(1.32247560567666,-0.763531646934133,-9.61979166666667));
#7001=CARTESIAN_POINT('Ctrl Pts',(1.76330080756888,-4.52968433410188E-16,
-9.57812500000001));
#7002=CARTESIAN_POINT('Ctrl Pts',(1.32247560567666,0.763531646934131,-9.53645833333334));
#7003=CARTESIAN_POINT('Ctrl Pts',(0.88165040378444,1.52706329386826,-9.49479166666667));
#7004=CARTESIAN_POINT('Ctrl Pts',(0.,1.52706329386826,-9.45312500000001));
#7005=CARTESIAN_POINT('Ctrl Pts',(-0.881650403784439,1.52706329386826,-9.41145833333334));
#7006=CARTESIAN_POINT('Ctrl Pts',(-1.32247560567666,0.763531646934132,-9.36979166666667));
#7007=CARTESIAN_POINT('Ctrl Pts',(-1.76330080756888,-2.08606295124063E-17,
-9.32812500000001));
#7008=CARTESIAN_POINT('Ctrl Pts',(-1.32247560567666,-0.763531646934132,
-9.28645833333334));
#7009=CARTESIAN_POINT('Ctrl Pts',(-0.881650403784439,-1.52706329386826,
-9.24479166666667));
#7010=CARTESIAN_POINT('Ctrl Pts',(-1.87011317493118E-16,-1.52706329386826,
-9.20312500000001));
#7011=CARTESIAN_POINT('Ctrl Pts',(0.881650403784438,-1.52706329386826,-9.16145833333334));
#7012=CARTESIAN_POINT('Ctrl Pts',(1.32247560567666,-0.763531646934133,-9.11979166666667));
#7013=CARTESIAN_POINT('Ctrl Pts',(1.76330080756888,-4.52521101583892E-16,
-9.07812500000001));
#7014=CARTESIAN_POINT('Ctrl Pts',(1.32247560567666,0.763531646934131,-9.03645833333334));
#7015=CARTESIAN_POINT('Ctrl Pts',(0.88165040378444,1.52706329386826,-8.99479166666667));
#7016=CARTESIAN_POINT('Ctrl Pts',(0.,1.52706329386826,-8.95312500000001));
#7017=CARTESIAN_POINT('Ctrl Pts',(-0.881650403784439,1.52706329386826,-8.91145833333334));
#7018=CARTESIAN_POINT('Ctrl Pts',(-1.32247560567666,0.763531646934132,-8.86979166666667));
#7019=CARTESIAN_POINT('Ctrl Pts',(-1.76330080756888,-2.04132976861106E-17,
-8.82812500000001));
#7020=CARTESIAN_POINT('Ctrl Pts',(-1.32247560567666,-0.763531646934132,
-8.78645833333334));
#7021=CARTESIAN_POINT('Ctrl Pts',(-0.881650403784439,-1.52706329386826,
-8.74479166666667));
#7022=CARTESIAN_POINT('Ctrl Pts',(-1.87011317493118E-16,-1.52706329386826,
-8.70312500000001));
#7023=CARTESIAN_POINT('Ctrl Pts',(0.881650403784438,-1.52706329386826,-8.66145833333334));
#7024=CARTESIAN_POINT('Ctrl Pts',(1.32247560567666,-0.763531646934133,-8.61979166666667));
#7025=CARTESIAN_POINT('Ctrl Pts',(1.76330080756888,-4.52073769757597E-16,
-8.57812500000001));
#7026=CARTESIAN_POINT('Ctrl Pts',(1.32247560567666,0.763531646934131,-8.53645833333334));
#7027=CARTESIAN_POINT('Ctrl Pts',(0.88165040378444,1.52706329386826,-8.49479166666667));
#7028=CARTESIAN_POINT('Ctrl Pts',(0.,1.52706329386826,-8.45312500000001));
#7029=CARTESIAN_POINT('Ctrl Pts',(-0.881650403784439,1.52706329386826,-8.41145833333334));
#7030=CARTESIAN_POINT('Ctrl Pts',(-1.32247560567666,0.763531646934132,-8.36979166666667));
#7031=CARTESIAN_POINT('Ctrl Pts',(-1.76330080756888,-1.9965965859815E-17,
-8.32812500000001));
#7032=CARTESIAN_POINT('Ctrl Pts',(-1.32247560567666,-0.763531646934132,
-8.28645833333334));
#7033=CARTESIAN_POINT('Ctrl Pts',(-0.881650403784439,-1.52706329386826,
-8.24479166666667));
#7034=CARTESIAN_POINT('Ctrl Pts',(-1.87011317493118E-16,-1.52706329386826,
-8.20312500000001));
#7035=CARTESIAN_POINT('Ctrl Pts',(0.881650403784438,-1.52706329386826,-8.16145833333334));
#7036=CARTESIAN_POINT('Ctrl Pts',(1.32247560567666,-0.763531646934133,-8.11979166666667));
#7037=CARTESIAN_POINT('Ctrl Pts',(1.76330080756888,-4.51626437931301E-16,
-8.07812500000001));
#7038=CARTESIAN_POINT('Ctrl Pts',(1.32247560567666,0.763531646934131,-8.03645833333334));
#7039=CARTESIAN_POINT('Ctrl Pts',(0.88165040378444,1.52706329386826,-7.99479166666667));
#7040=CARTESIAN_POINT('Ctrl Pts',(0.,1.52706329386826,-7.95312500000001));
#7041=CARTESIAN_POINT('Ctrl Pts',(-0.881650403784439,1.52706329386826,-7.91145833333334));
#7042=CARTESIAN_POINT('Ctrl Pts',(-1.32247560567666,0.763531646934132,-7.86979166666667));
#7043=CARTESIAN_POINT('Ctrl Pts',(-1.76330080756888,-1.95186340335194E-17,
-7.82812500000001));
#7044=CARTESIAN_POINT('Ctrl Pts',(-1.32247560567666,-0.763531646934132,
-7.78645833333334));
#7045=CARTESIAN_POINT('Ctrl Pts',(-0.881650403784439,-1.52706329386826,
-7.74479166666667));
#7046=CARTESIAN_POINT('Ctrl Pts',(-1.87011317493118E-16,-1.52706329386826,
-7.70312500000001));
#7047=CARTESIAN_POINT('Ctrl Pts',(0.881650403784438,-1.52706329386826,-7.66145833333334));
#7048=CARTESIAN_POINT('Ctrl Pts',(1.32247560567666,-0.763531646934133,-7.61979166666667));
#7049=CARTESIAN_POINT('Ctrl Pts',(1.76330080756888,-4.51179106105005E-16,
-7.57812500000001));
#7050=CARTESIAN_POINT('Ctrl Pts',(1.32247560567666,0.763531646934131,-7.53645833333334));
#7051=CARTESIAN_POINT('Ctrl Pts',(0.88165040378444,1.52706329386826,-7.49479166666667));
#7052=CARTESIAN_POINT('Ctrl Pts',(0.,1.52706329386826,-7.45312500000001));
#7053=CARTESIAN_POINT('Ctrl Pts',(-0.881650403784439,1.52706329386826,-7.41145833333334));
#7054=CARTESIAN_POINT('Ctrl Pts',(-1.32247560567666,0.763531646934132,-7.36979166666667));
#7055=CARTESIAN_POINT('Ctrl Pts',(-1.76330080756888,-1.90713022072238E-17,
-7.32812500000001));
#7056=CARTESIAN_POINT('Ctrl Pts',(-1.32247560567666,-0.763531646934132,
-7.28645833333334));
#7057=CARTESIAN_POINT('Ctrl Pts',(-0.881650403784439,-1.52706329386826,
-7.24479166666667));
#7058=CARTESIAN_POINT('Ctrl Pts',(-1.87011317493118E-16,-1.52706329386826,
-7.20312500000001));
#7059=CARTESIAN_POINT('Ctrl Pts',(0.881650403784438,-1.52706329386826,-7.16145833333334));
#7060=CARTESIAN_POINT('Ctrl Pts',(1.32247560567666,-0.763531646934133,-7.11979166666667));
#7061=CARTESIAN_POINT('Ctrl Pts',(1.76330080756888,-4.5073177427871E-16,
-7.07812500000001));
#7062=CARTESIAN_POINT('Ctrl Pts',(1.32247560567666,0.763531646934131,-7.03645833333334));
#7063=CARTESIAN_POINT('Ctrl Pts',(0.88165040378444,1.52706329386826,-6.99479166666667));
#7064=CARTESIAN_POINT('Ctrl Pts',(0.,1.52706329386826,-6.95312500000001));
#7065=CARTESIAN_POINT('Ctrl Pts',(-0.881650403784439,1.52706329386826,-6.91145833333334));
#7066=CARTESIAN_POINT('Ctrl Pts',(-1.32247560567666,0.763531646934132,-6.86979166666667));
#7067=CARTESIAN_POINT('Ctrl Pts',(-1.76330080756888,-1.86239703809282E-17,
-6.82812500000001));
#7068=CARTESIAN_POINT('Ctrl Pts',(-1.32247560567666,-0.763531646934132,
-6.78645833333334));
#7069=CARTESIAN_POINT('Ctrl Pts',(-0.881650403784439,-1.52706329386826,
-6.74479166666667));
#7070=CARTESIAN_POINT('Ctrl Pts',(-1.87011317493118E-16,-1.52706329386826,
-6.70312500000001));
#7071=CARTESIAN_POINT('Ctrl Pts',(0.881650403784438,-1.52706329386826,-6.66145833333334));
#7072=CARTESIAN_POINT('Ctrl Pts',(1.32247560567666,-0.763531646934133,-6.61979166666667));
#7073=CARTESIAN_POINT('Ctrl Pts',(1.76330080756888,-4.50284442452414E-16,
-6.57812500000001));
#7074=CARTESIAN_POINT('Ctrl Pts',(1.32247560567666,0.763531646934131,-6.53645833333334));
#7075=CARTESIAN_POINT('Ctrl Pts',(0.88165040378444,1.52706329386826,-6.49479166666667));
#7076=CARTESIAN_POINT('Ctrl Pts',(0.,1.52706329386826,-6.45312500000001));
#7077=CARTESIAN_POINT('Ctrl Pts',(-0.881650403784439,1.52706329386826,-6.41145833333334));
#7078=CARTESIAN_POINT('Ctrl Pts',(-1.32247560567666,0.763531646934132,-6.36979166666667));
#7079=CARTESIAN_POINT('Ctrl Pts',(-1.76330080756888,-1.81766385546326E-17,
-6.32812500000001));
#7080=CARTESIAN_POINT('Ctrl Pts',(-1.32247560567666,-0.763531646934132,
-6.28645833333334));
#7081=CARTESIAN_POINT('Ctrl Pts',(-0.881650403784439,-1.52706329386826,
-6.24479166666667));
#7082=CARTESIAN_POINT('Ctrl Pts',(-1.87011317493118E-16,-1.52706329386826,
-6.20312500000001));
#7083=CARTESIAN_POINT('Ctrl Pts',(0.881650403784438,-1.52706329386826,-6.16145833333334));
#7084=CARTESIAN_POINT('Ctrl Pts',(1.32247560567666,-0.763531646934133,-6.11979166666667));
#7085=CARTESIAN_POINT('Ctrl Pts',(1.76330080756888,-4.49837110626119E-16,
-6.07812500000001));
#7086=CARTESIAN_POINT('Ctrl Pts',(1.32247560567666,0.763531646934131,-6.03645833333334));
#7087=CARTESIAN_POINT('Ctrl Pts',(0.88165040378444,1.52706329386826,-5.99479166666667));
#7088=CARTESIAN_POINT('Ctrl Pts',(0.,1.52706329386826,-5.95312500000001));
#7089=CARTESIAN_POINT('Ctrl Pts',(-0.881650403784439,1.52706329386826,-5.91145833333334));
#7090=CARTESIAN_POINT('Ctrl Pts',(-1.32247560567666,0.763531646934132,-5.86979166666667));
#7091=CARTESIAN_POINT('Ctrl Pts',(-1.76330080756888,-1.7729306728337E-17,
-5.82812500000001));
#7092=CARTESIAN_POINT('Ctrl Pts',(-1.32247560567666,-0.763531646934132,
-5.78645833333334));
#7093=CARTESIAN_POINT('Ctrl Pts',(-0.881650403784439,-1.52706329386826,
-5.74479166666667));
#7094=CARTESIAN_POINT('Ctrl Pts',(-1.87011317493118E-16,-1.52706329386826,
-5.70312500000001));
#7095=CARTESIAN_POINT('Ctrl Pts',(0.881650403784438,-1.52706329386826,-5.66145833333334));
#7096=CARTESIAN_POINT('Ctrl Pts',(1.32247560567666,-0.763531646934133,-5.61979166666667));
#7097=CARTESIAN_POINT('Ctrl Pts',(1.76330080756888,-4.49389778799823E-16,
-5.57812500000001));
#7098=CARTESIAN_POINT('Ctrl Pts',(1.32247560567666,0.763531646934131,-5.53645833333334));
#7099=CARTESIAN_POINT('Ctrl Pts',(0.88165040378444,1.52706329386826,-5.49479166666667));
#7100=CARTESIAN_POINT('Ctrl Pts',(0.,1.52706329386826,-5.45312500000001));
#7101=CARTESIAN_POINT('Ctrl Pts',(-0.881650403784439,1.52706329386826,-5.41145833333334));
#7102=CARTESIAN_POINT('Ctrl Pts',(-1.32247560567666,0.763531646934132,-5.36979166666667));
#7103=CARTESIAN_POINT('Ctrl Pts',(-1.76330080756888,-1.72819749020414E-17,
-5.32812500000001));
#7104=CARTESIAN_POINT('Ctrl Pts',(-1.32247560567666,-0.763531646934132,
-5.28645833333334));
#7105=CARTESIAN_POINT('Ctrl Pts',(-0.881650403784439,-1.52706329386826,
-5.24479166666667));
#7106=CARTESIAN_POINT('Ctrl Pts',(-1.87011317493118E-16,-1.52706329386826,
-5.20312500000001));
#7107=CARTESIAN_POINT('Ctrl Pts',(0.881650403784438,-1.52706329386826,-5.16145833333334));
#7108=CARTESIAN_POINT('Ctrl Pts',(1.32247560567666,-0.763531646934133,-5.11979166666667));
#7109=CARTESIAN_POINT('Ctrl Pts',(1.76330080756888,-4.48942446973527E-16,
-5.07812500000001));
#7110=CARTESIAN_POINT('Ctrl Pts',(1.32247560567666,0.763531646934131,-5.03645833333334));
#7111=CARTESIAN_POINT('Ctrl Pts',(0.88165040378444,1.52706329386826,-4.99479166666667));
#7112=CARTESIAN_POINT('Ctrl Pts',(0.,1.52706329386826,-4.95312500000001));
#7113=CARTESIAN_POINT('Ctrl Pts',(-0.881650403784439,1.52706329386826,-4.91145833333334));
#7114=CARTESIAN_POINT('Ctrl Pts',(-1.32247560567666,0.763531646934132,-4.86979166666667));
#7115=CARTESIAN_POINT('Ctrl Pts',(-1.76330080756888,-1.68346430757458E-17,
-4.82812500000001));
#7116=CARTESIAN_POINT('Ctrl Pts',(-1.32247560567666,-0.763531646934132,
-4.78645833333334));
#7117=CARTESIAN_POINT('Ctrl Pts',(-0.881650403784439,-1.52706329386826,
-4.74479166666667));
#7118=CARTESIAN_POINT('Ctrl Pts',(-1.87011317493118E-16,-1.52706329386826,
-4.70312500000001));
#7119=CARTESIAN_POINT('Ctrl Pts',(0.881650403784438,-1.52706329386826,-4.66145833333334));
#7120=CARTESIAN_POINT('Ctrl Pts',(1.32247560567666,-0.763531646934133,-4.61979166666667));
#7121=CARTESIAN_POINT('Ctrl Pts',(1.76330080756888,-4.48495115147232E-16,
-4.57812500000001));
#7122=CARTESIAN_POINT('Ctrl Pts',(1.32247560567666,0.763531646934131,-4.53645833333334));
#7123=CARTESIAN_POINT('Ctrl Pts',(0.88165040378444,1.52706329386826,-4.49479166666667));
#7124=CARTESIAN_POINT('Ctrl Pts',(0.,1.52706329386826,-4.45312500000001));
#7125=CARTESIAN_POINT('Ctrl Pts',(-0.881650403784439,1.52706329386826,-4.41145833333334));
#7126=CARTESIAN_POINT('Ctrl Pts',(-1.32247560567666,0.763531646934132,-4.36979166666667));
#7127=CARTESIAN_POINT('Ctrl Pts',(-1.76330080756888,-1.63873112494502E-17,
-4.32812500000001));
#7128=CARTESIAN_POINT('Ctrl Pts',(-1.32247560567666,-0.763531646934132,
-4.28645833333334));
#7129=CARTESIAN_POINT('Ctrl Pts',(-0.881650403784439,-1.52706329386826,
-4.24479166666667));
#7130=CARTESIAN_POINT('Ctrl Pts',(-1.87011317493118E-16,-1.52706329386826,
-4.20312500000001));
#7131=CARTESIAN_POINT('Ctrl Pts',(0.881650403784438,-1.52706329386826,-4.16145833333334));
#7132=CARTESIAN_POINT('Ctrl Pts',(1.32247560567666,-0.763531646934133,-4.11979166666667));
#7133=CARTESIAN_POINT('Ctrl Pts',(1.76330080756888,-4.48047783320936E-16,
-4.07812500000001));
#7134=CARTESIAN_POINT('Ctrl Pts',(1.32247560567666,0.763531646934131,-4.03645833333334));
#7135=CARTESIAN_POINT('Ctrl Pts',(0.88165040378444,1.52706329386826,-3.99479166666667));
#7136=CARTESIAN_POINT('Ctrl Pts',(0.,1.52706329386826,-3.95312500000001));
#7137=CARTESIAN_POINT('Ctrl Pts',(-0.881650403784439,1.52706329386826,-3.91145833333334));
#7138=CARTESIAN_POINT('Ctrl Pts',(-1.32247560567666,0.763531646934132,-3.86979166666667));
#7139=CARTESIAN_POINT('Ctrl Pts',(-1.76330080756888,-1.59399794231546E-17,
-3.82812500000001));
#7140=CARTESIAN_POINT('Ctrl Pts',(-1.32247560567666,-0.763531646934132,
-3.78645833333334));
#7141=CARTESIAN_POINT('Ctrl Pts',(-0.881650403784439,-1.52706329386826,
-3.74479166666667));
#7142=CARTESIAN_POINT('Ctrl Pts',(-1.87011317493118E-16,-1.52706329386826,
-3.70312500000001));
#7143=CARTESIAN_POINT('Ctrl Pts',(0.881650403784438,-1.52706329386826,-3.66145833333334));
#7144=CARTESIAN_POINT('Ctrl Pts',(1.32247560567666,-0.763531646934133,-3.61979166666667));
#7145=CARTESIAN_POINT('Ctrl Pts',(1.76330080756888,-4.47600451494641E-16,
-3.57812500000001));
#7146=CARTESIAN_POINT('Ctrl Pts',(1.32247560567666,0.763531646934131,-3.53645833333334));
#7147=CARTESIAN_POINT('Ctrl Pts',(0.88165040378444,1.52706329386826,-3.49479166666667));
#7148=CARTESIAN_POINT('Ctrl Pts',(0.,1.52706329386826,-3.45312500000001));
#7149=CARTESIAN_POINT('Ctrl Pts',(-0.881650403784439,1.52706329386826,-3.41145833333334));
#7150=CARTESIAN_POINT('Ctrl Pts',(-1.32247560567666,0.763531646934132,-3.36979166666667));
#7151=CARTESIAN_POINT('Ctrl Pts',(-1.76330080756888,-1.54926475968589E-17,
-3.32812500000001));
#7152=CARTESIAN_POINT('Ctrl Pts',(-1.32247560567666,-0.763531646934132,
-3.28645833333334));
#7153=CARTESIAN_POINT('Ctrl Pts',(-0.881650403784439,-1.52706329386826,
-3.24479166666667));
#7154=CARTESIAN_POINT('Ctrl Pts',(-1.87011317493118E-16,-1.52706329386826,
-3.20312500000001));
#7155=CARTESIAN_POINT('Ctrl Pts',(0.881650403784438,-1.52706329386826,-3.16145833333334));
#7156=CARTESIAN_POINT('Ctrl Pts',(1.32247560567666,-0.763531646934133,-3.11979166666667));
#7157=CARTESIAN_POINT('Ctrl Pts',(1.76330080756888,-4.47153119668345E-16,
-3.07812500000001));
#7158=CARTESIAN_POINT('Ctrl Pts',(1.32247560567666,0.763531646934131,-3.03645833333334));
#7159=CARTESIAN_POINT('Ctrl Pts',(0.88165040378444,1.52706329386826,-2.99479166666667));
#7160=CARTESIAN_POINT('Ctrl Pts',(0.,1.52706329386826,-2.95312500000001));
#7161=CARTESIAN_POINT('Ctrl Pts',(-0.881650403784439,1.52706329386826,-2.91145833333334));
#7162=CARTESIAN_POINT('Ctrl Pts',(-1.32247560567666,0.763531646934132,-2.86979166666667));
#7163=CARTESIAN_POINT('Ctrl Pts',(-1.76330080756888,-1.50453157705633E-17,
-2.82812500000001));
#7164=CARTESIAN_POINT('Ctrl Pts',(-1.32247560567666,-0.763531646934132,
-2.78645833333334));
#7165=CARTESIAN_POINT('Ctrl Pts',(-0.881650403784439,-1.52706329386826,
-2.74479166666667));
#7166=CARTESIAN_POINT('Ctrl Pts',(-1.87011317493118E-16,-1.52706329386826,
-2.70312500000001));
#7167=CARTESIAN_POINT('Ctrl Pts',(0.881650403784438,-1.52706329386826,-2.66145833333334));
#7168=CARTESIAN_POINT('Ctrl Pts',(1.32247560567666,-0.763531646934133,-2.61979166666667));
#7169=CARTESIAN_POINT('Ctrl Pts',(1.76330080756888,-4.46705787842049E-16,
-2.57812500000001));
#7170=CARTESIAN_POINT('Ctrl Pts',(1.32247560567666,0.763531646934131,-2.53645833333334));
#7171=CARTESIAN_POINT('Ctrl Pts',(0.88165040378444,1.52706329386826,-2.49479166666667));
#7172=CARTESIAN_POINT('Ctrl Pts',(0.,1.52706329386826,-2.45312500000001));
#7173=CARTESIAN_POINT('Ctrl Pts',(-0.881650403784439,1.52706329386826,-2.41145833333334));
#7174=CARTESIAN_POINT('Ctrl Pts',(-1.32247560567666,0.763531646934132,-2.36979166666667));
#7175=CARTESIAN_POINT('Ctrl Pts',(-1.76330080756888,-1.45979839442677E-17,
-2.32812500000001));
#7176=CARTESIAN_POINT('Ctrl Pts',(-1.32247560567666,-0.763531646934132,
-2.28645833333334));
#7177=CARTESIAN_POINT('Ctrl Pts',(-0.881650403784439,-1.52706329386826,
-2.24479166666667));
#7178=CARTESIAN_POINT('Ctrl Pts',(-1.87011317493118E-16,-1.52706329386826,
-2.20312500000001));
#7179=CARTESIAN_POINT('Ctrl Pts',(0.881650403784438,-1.52706329386826,-2.16145833333334));
#7180=CARTESIAN_POINT('Ctrl Pts',(1.32247560567666,-0.763531646934133,-2.11979166666667));
#7181=CARTESIAN_POINT('Ctrl Pts',(1.76330080756888,-4.46258456015754E-16,
-2.07812500000001));
#7182=CARTESIAN_POINT('Ctrl Pts',(1.32247560567666,0.763531646934131,-2.03645833333334));
#7183=CARTESIAN_POINT('Ctrl Pts',(0.88165040378444,1.52706329386826,-1.99479166666667));
#7184=CARTESIAN_POINT('Ctrl Pts',(0.,1.52706329386826,-1.95312500000001));
#7185=CARTESIAN_POINT('Ctrl Pts',(-0.881650403784439,1.52706329386826,-1.91145833333334));
#7186=CARTESIAN_POINT('Ctrl Pts',(-1.32247560567666,0.763531646934132,-1.86979166666667));
#7187=CARTESIAN_POINT('Ctrl Pts',(-1.76330080756888,-1.41506521179721E-17,
-1.82812500000001));
#7188=CARTESIAN_POINT('Ctrl Pts',(-1.32247560567666,-0.763531646934132,
-1.78645833333334));
#7189=CARTESIAN_POINT('Ctrl Pts',(-0.881650403784439,-1.52706329386826,
-1.74479166666667));
#7190=CARTESIAN_POINT('Ctrl Pts',(-1.87011317493118E-16,-1.52706329386826,
-1.70312500000001));
#7191=CARTESIAN_POINT('Ctrl Pts',(0.881650403784438,-1.52706329386826,-1.66145833333334));
#7192=CARTESIAN_POINT('Ctrl Pts',(1.32247560567666,-0.763531646934133,-1.61979166666667));
#7193=CARTESIAN_POINT('Ctrl Pts',(1.76330080756888,-4.45811124189458E-16,
-1.57812500000001));
#7194=CARTESIAN_POINT('Ctrl Pts',(1.32247560567666,0.763531646934131,-1.53645833333334));
#7195=CARTESIAN_POINT('Ctrl Pts',(0.88165040378444,1.52706329386826,-1.49479166666667));
#7196=CARTESIAN_POINT('Ctrl Pts',(0.,1.52706329386826,-1.45312500000001));
#7197=CARTESIAN_POINT('Ctrl Pts',(-0.881650403784439,1.52706329386826,-1.41145833333334));
#7198=CARTESIAN_POINT('Ctrl Pts',(-1.32247560567666,0.763531646934132,-1.36979166666667));
#7199=CARTESIAN_POINT('Ctrl Pts',(-1.76330080756888,-1.37033202916765E-17,
-1.32812500000001));
#7200=CARTESIAN_POINT('Ctrl Pts',(-1.32247560567666,-0.763531646934132,
-1.28645833333334));
#7201=CARTESIAN_POINT('Ctrl Pts',(-0.881650403784439,-1.52706329386826,
-1.24479166666668));
#7202=CARTESIAN_POINT('Ctrl Pts',(-1.87011317493118E-16,-1.52706329386826,
-1.20312500000001));
#7203=CARTESIAN_POINT('Ctrl Pts',(0.881650403784438,-1.52706329386826,-1.16145833333334));
#7204=CARTESIAN_POINT('Ctrl Pts',(1.32247560567666,-0.763531646934133,-1.11979166666668));
#7205=CARTESIAN_POINT('Ctrl Pts',(1.76330080756888,-4.45363792363163E-16,
-1.07812500000001));
#7206=CARTESIAN_POINT('Ctrl Pts',(1.32247560567666,0.763531646934131,-1.03645833333334));
#7207=CARTESIAN_POINT('Ctrl Pts',(0.88165040378444,1.52706329386826,-0.994791666666675));
#7208=CARTESIAN_POINT('Ctrl Pts',(0.,1.52706329386826,-0.953125000000008));
#7209=CARTESIAN_POINT('Ctrl Pts',(-0.881650403784439,1.52706329386826,-0.91145833333334));
#7210=CARTESIAN_POINT('Ctrl Pts',(-1.32247560567666,0.763531646934132,-0.869791666666675));
#7211=CARTESIAN_POINT('Ctrl Pts',(-1.76330080756888,-1.32559884653809E-17,
-0.828125000000008));
#7212=CARTESIAN_POINT('Ctrl Pts',(-1.32247560567666,-0.763531646934132,
-0.78645833333334));
#7213=CARTESIAN_POINT('Ctrl Pts',(-0.881650403784439,-1.52706329386826,
-0.744791666666675));
#7214=CARTESIAN_POINT('Ctrl Pts',(-1.87011317493118E-16,-1.52706329386826,
-0.703125000000008));
#7215=CARTESIAN_POINT('Ctrl Pts',(0.881650403784438,-1.52706329386826,-0.661458333333342));
#7216=CARTESIAN_POINT('Ctrl Pts',(1.32247560567666,-0.763531646934133,-0.619791666666675));
#7217=CARTESIAN_POINT('Ctrl Pts',(1.76330080756888,-4.44916460536867E-16,
-0.578125000000007));
#7218=CARTESIAN_POINT('Ctrl Pts',(1.32247560567666,0.763531646934131,-0.536458333333342));
#7219=CARTESIAN_POINT('Ctrl Pts',(0.88165040378444,1.52706329386826,-0.494791666666675));
#7220=CARTESIAN_POINT('Ctrl Pts',(0.,1.52706329386826,-0.453125000000007));
#7221=CARTESIAN_POINT('Ctrl Pts',(-0.881650403784439,1.52706329386826,-0.411458333333342));
#7222=CARTESIAN_POINT('Ctrl Pts',(-1.32247560567666,0.763531646934132,-0.369791666666675));
#7223=CARTESIAN_POINT('Ctrl Pts',(-1.76330080756888,-1.28086566390853E-17,
-0.328125000000007));
#7224=CARTESIAN_POINT('Ctrl Pts',(-1.32247560567666,-0.763531646934132,
-0.286458333333342));
#7225=CARTESIAN_POINT('Ctrl Pts',(-0.881650403784439,-1.52706329386826,
-0.244791666666674));
#7226=CARTESIAN_POINT('Ctrl Pts',(-1.87011317493118E-16,-1.52706329386826,
-0.203125000000007));
#7227=CARTESIAN_POINT('Ctrl Pts',(0.881650403784438,-1.52706329386826,-0.161458333333342));
#7228=CARTESIAN_POINT('Ctrl Pts',(1.32247560567666,-0.763531646934133,-0.119791666666674));
#7229=CARTESIAN_POINT('Ctrl Pts',(1.76330080756888,-4.44469128710571E-16,
-0.0781250000000087));
#7230=CARTESIAN_POINT('Ctrl Pts',(1.32247560567666,0.763531646934131,-0.0364583333333415));
#7231=CARTESIAN_POINT('Ctrl Pts',(0.88165040378444,1.52706329386826,0.00520833333332582));
#7232=CARTESIAN_POINT('Ctrl Pts',(0.,1.52706329386826,0.0468749999999914));
#7233=CARTESIAN_POINT('Ctrl Pts',(-0.881650403784439,1.52706329386826,0.0885416666666587));
#7234=CARTESIAN_POINT('Ctrl Pts',(-1.32247560567666,0.763531646934132,0.130208333333326));
#7235=CARTESIAN_POINT('Ctrl Pts',(-1.76330080756888,-1.23613248127897E-17,
0.171874999999991));
#7236=CARTESIAN_POINT('Ctrl Pts',(-1.32247560567666,-0.763531646934132,
0.213541666666659));
#7237=CARTESIAN_POINT('Ctrl Pts',(-0.881650403784439,-1.52706329386826,
0.255208333333326));
#7238=CARTESIAN_POINT('Ctrl Pts',(-1.87011317493118E-16,-1.52706329386826,
0.296874999999992));
#7239=CARTESIAN_POINT('Ctrl Pts',(0.881650403784438,-1.52706329386826,0.338541666666659));
#7240=CARTESIAN_POINT('Ctrl Pts',(1.32247560567666,-0.763531646934133,0.380208333333326));
#7241=CARTESIAN_POINT('Ctrl Pts',(1.76330080756888,-4.44021796884276E-16,
0.421874999999992));
#7242=CARTESIAN_POINT('Ctrl Pts',(1.32247560567666,0.763531646934131,0.463541666666659));
#7243=CARTESIAN_POINT('Ctrl Pts',(0.88165040378444,1.52706329386826,0.505208333333326));
#7244=CARTESIAN_POINT('Ctrl Pts',(0.,1.52706329386826,0.546874999999992));
#7245=CARTESIAN_POINT('Ctrl Pts',(-0.881650403784439,1.52706329386826,0.588541666666659));
#7246=CARTESIAN_POINT('Ctrl Pts',(-1.32247560567666,0.763531646934132,0.630208333333325));
#7247=CARTESIAN_POINT('Ctrl Pts',(-1.76330080756888,-1.19139929864941E-17,
0.671874999999992));
#7248=CARTESIAN_POINT('Ctrl Pts',(-1.32247560567666,-0.763531646934132,
0.713541666666659));
#7249=CARTESIAN_POINT('Ctrl Pts',(-0.881650403784439,-1.52706329386826,
0.755208333333325));
#7250=CARTESIAN_POINT('Ctrl Pts',(-1.87011317493118E-16,-1.52706329386826,
0.796874999999992));
#7251=CARTESIAN_POINT('Ctrl Pts',(0.881650403784438,-1.52706329386826,0.838541666666659));
#7252=CARTESIAN_POINT('Ctrl Pts',(1.32247560567666,-0.763531646934133,0.880208333333325));
#7253=CARTESIAN_POINT('Ctrl Pts',(1.76330080756888,-4.4357446505798E-16,
0.921874999999992));
#7254=CARTESIAN_POINT('Ctrl Pts',(1.32247560567666,0.763531646934131,0.963541666666659));
#7255=CARTESIAN_POINT('Ctrl Pts',(0.88165040378444,1.52706329386826,1.00520833333333));
#7256=CARTESIAN_POINT('Ctrl Pts',(0.,1.52706329386826,1.04687499999999));
#7257=CARTESIAN_POINT('Ctrl Pts',(-0.881650403784439,1.52706329386826,1.08854166666666));
#7258=CARTESIAN_POINT('Ctrl Pts',(-1.32247560567666,0.763531646934132,1.13020833333333));
#7259=CARTESIAN_POINT('Ctrl Pts',(-1.76330080756888,-1.14666611601985E-17,
1.17187499999999));
#7260=CARTESIAN_POINT('Ctrl Pts',(-1.32247560567666,-0.763531646934132,
1.21354166666666));
#7261=CARTESIAN_POINT('Ctrl Pts',(-0.881650403784439,-1.52706329386826,
1.25520833333333));
#7262=CARTESIAN_POINT('Ctrl Pts',(-1.87011317493118E-16,-1.52706329386826,
1.29687499999999));
#7263=CARTESIAN_POINT('Ctrl Pts',(0.881650403784438,-1.52706329386826,1.33854166666666));
#7264=CARTESIAN_POINT('Ctrl Pts',(1.32247560567666,-0.763531646934133,1.38020833333333));
#7265=CARTESIAN_POINT('Ctrl Pts',(1.76330080756888,-4.43127133231684E-16,
1.42187499999999));
#7266=CARTESIAN_POINT('Ctrl Pts',(1.32247560567666,0.763531646934131,1.46354166666666));
#7267=CARTESIAN_POINT('Ctrl Pts',(0.88165040378444,1.52706329386826,1.50520833333333));
#7268=CARTESIAN_POINT('Ctrl Pts',(0.,1.52706329386826,1.54687499999999));
#7269=CARTESIAN_POINT('Ctrl Pts',(-0.881650403784439,1.52706329386826,1.58854166666666));
#7270=CARTESIAN_POINT('Ctrl Pts',(-1.32247560567666,0.763531646934132,1.63020833333333));
#7271=CARTESIAN_POINT('Ctrl Pts',(-1.76330080756888,-1.10193293339028E-17,
1.67187499999999));
#7272=CARTESIAN_POINT('Ctrl Pts',(-1.32247560567666,-0.763531646934132,
1.71354166666666));
#7273=CARTESIAN_POINT('Ctrl Pts',(-0.881650403784439,-1.52706329386826,
1.75520833333333));
#7274=CARTESIAN_POINT('Ctrl Pts',(-1.87011317493118E-16,-1.52706329386826,
1.79687499999999));
#7275=CARTESIAN_POINT('Ctrl Pts',(0.881650403784438,-1.52706329386826,1.83854166666666));
#7276=CARTESIAN_POINT('Ctrl Pts',(1.32247560567666,-0.763531646934133,1.88020833333333));
#7277=CARTESIAN_POINT('Ctrl Pts',(1.76330080756888,-4.42679801405389E-16,
1.92187499999999));
#7278=CARTESIAN_POINT('Ctrl Pts',(1.32247560567666,0.763531646934131,1.96354166666666));
#7279=CARTESIAN_POINT('Ctrl Pts',(0.88165040378444,1.52706329386826,2.00520833333333));
#7280=CARTESIAN_POINT('Ctrl Pts',(0.,1.52706329386826,2.04687499999999));
#7281=CARTESIAN_POINT('Ctrl Pts',(-0.881650403784439,1.52706329386826,2.08854166666666));
#7282=CARTESIAN_POINT('Ctrl Pts',(-1.32247560567666,0.763531646934132,2.13020833333333));
#7283=CARTESIAN_POINT('Ctrl Pts',(-1.76330080756888,-1.05719975076072E-17,
2.17187499999999));
#7284=CARTESIAN_POINT('Ctrl Pts',(-1.32247560567666,-0.763531646934132,
2.21354166666666));
#7285=CARTESIAN_POINT('Ctrl Pts',(-0.881650403784439,-1.52706329386826,
2.25520833333333));
#7286=CARTESIAN_POINT('Ctrl Pts',(-1.87011317493118E-16,-1.52706329386826,
2.29687499999999));
#7287=CARTESIAN_POINT('Ctrl Pts',(0.881650403784438,-1.52706329386826,2.33854166666666));
#7288=CARTESIAN_POINT('Ctrl Pts',(1.32247560567666,-0.763531646934133,2.38020833333333));
#7289=CARTESIAN_POINT('Ctrl Pts',(1.76330080756888,-4.42232469579093E-16,
2.42187499999999));
#7290=CARTESIAN_POINT('Ctrl Pts',(1.32247560567666,0.763531646934131,2.46354166666666));
#7291=CARTESIAN_POINT('Ctrl Pts',(0.88165040378444,1.52706329386826,2.50520833333332));
#7292=CARTESIAN_POINT('Ctrl Pts',(0.,1.52706329386826,2.54687499999999));
#7293=CARTESIAN_POINT('Ctrl Pts',(-0.881650403784439,1.52706329386826,2.58854166666666));
#7294=CARTESIAN_POINT('Ctrl Pts',(-1.32247560567666,0.763531646934132,2.63020833333333));
#7295=CARTESIAN_POINT('Ctrl Pts',(-1.76330080756888,-1.01246656813116E-17,
2.67187499999999));
#7296=CARTESIAN_POINT('Ctrl Pts',(-1.32247560567666,-0.763531646934132,
2.71354166666666));
#7297=CARTESIAN_POINT('Ctrl Pts',(-0.881650403784439,-1.52706329386826,
2.75520833333333));
#7298=CARTESIAN_POINT('Ctrl Pts',(-1.87011317493118E-16,-1.52706329386826,
2.79687499999999));
#7299=CARTESIAN_POINT('Ctrl Pts',(0.881650403784438,-1.52706329386826,2.83854166666666));
#7300=CARTESIAN_POINT('Ctrl Pts',(1.32247560567666,-0.763531646934133,2.88020833333333));
#7301=CARTESIAN_POINT('Ctrl Pts',(1.76330080756888,-4.41785137752798E-16,
2.92187499999999));
#7302=CARTESIAN_POINT('Ctrl Pts',(1.32247560567666,0.763531646934131,2.96354166666666));
#7303=CARTESIAN_POINT('Ctrl Pts',(0.88165040378444,1.52706329386826,3.00520833333333));
#7304=CARTESIAN_POINT('Ctrl Pts',(0.,1.52706329386826,3.04687499999999));
#7305=CARTESIAN_POINT('Ctrl Pts',(-0.881650403784439,1.52706329386826,3.08854166666666));
#7306=CARTESIAN_POINT('Ctrl Pts',(-1.32247560567666,0.763531646934132,3.13020833333333));
#7307=CARTESIAN_POINT('Ctrl Pts',(-1.76330080756888,-9.67733385501602E-18,
3.17187499999999));
#7308=CARTESIAN_POINT('Ctrl Pts',(-1.32247560567666,-0.763531646934132,
3.21354166666666));
#7309=CARTESIAN_POINT('Ctrl Pts',(-0.881650403784439,-1.52706329386826,
3.25520833333333));
#7310=CARTESIAN_POINT('Ctrl Pts',(-1.87011317493118E-16,-1.52706329386826,
3.29687499999999));
#7311=CARTESIAN_POINT('Ctrl Pts',(0.881650403784438,-1.52706329386826,3.33854166666666));
#7312=CARTESIAN_POINT('Ctrl Pts',(1.32247560567666,-0.763531646934133,3.38020833333333));
#7313=CARTESIAN_POINT('Ctrl Pts',(1.76330080756888,-4.41337805926502E-16,
3.42187499999999));
#7314=CARTESIAN_POINT('Ctrl Pts',(1.32247560567666,0.763531646934131,3.46354166666666));
#7315=CARTESIAN_POINT('Ctrl Pts',(0.88165040378444,1.52706329386826,3.50520833333333));
#7316=CARTESIAN_POINT('Ctrl Pts',(0.,1.52706329386826,3.54687499999999));
#7317=CARTESIAN_POINT('Ctrl Pts',(-0.881650403784439,1.52706329386826,3.58854166666666));
#7318=CARTESIAN_POINT('Ctrl Pts',(-1.32247560567666,0.763531646934132,3.63020833333333));
#7319=CARTESIAN_POINT('Ctrl Pts',(-1.76330080756888,-9.23000202872041E-18,
3.67187499999999));
#7320=CARTESIAN_POINT('Ctrl Pts',(-1.32247560567666,-0.763531646934132,
3.71354166666666));
#7321=CARTESIAN_POINT('Ctrl Pts',(-0.881650403784439,-1.52706329386826,
3.75520833333333));
#7322=CARTESIAN_POINT('Ctrl Pts',(-1.87011317493118E-16,-1.52706329386826,
3.79687499999999));
#7323=CARTESIAN_POINT('Ctrl Pts',(0.881650403784438,-1.52706329386826,3.83854166666666));
#7324=CARTESIAN_POINT('Ctrl Pts',(1.32247560567666,-0.763531646934133,3.88020833333333));
#7325=CARTESIAN_POINT('Ctrl Pts',(1.76330080756888,-4.40890474100206E-16,
3.92187499999999));
#7326=CARTESIAN_POINT('Ctrl Pts',(1.32247560567666,0.763531646934131,3.96354166666666));
#7327=CARTESIAN_POINT('Ctrl Pts',(0.88165040378444,1.52706329386826,4.00520833333333));
#7328=CARTESIAN_POINT('Ctrl Pts',(0.,1.52706329386826,4.04687499999999));
#7329=CARTESIAN_POINT('Ctrl Pts',(-0.881650403784439,1.52706329386826,4.08854166666666));
#7330=CARTESIAN_POINT('Ctrl Pts',(-1.32247560567666,0.763531646934132,4.13020833333333));
#7331=CARTESIAN_POINT('Ctrl Pts',(-1.76330080756888,-8.7826702024248E-18,
4.17187499999999));
#7332=CARTESIAN_POINT('Ctrl Pts',(-1.32247560567666,-0.763531646934132,
4.21354166666666));
#7333=CARTESIAN_POINT('Ctrl Pts',(-0.881650403784439,-1.52706329386826,
4.25520833333333));
#7334=CARTESIAN_POINT('Ctrl Pts',(-1.87011317493118E-16,-1.52706329386826,
4.29687499999999));
#7335=CARTESIAN_POINT('Ctrl Pts',(0.881650403784438,-1.52706329386826,4.33854166666666));
#7336=CARTESIAN_POINT('Ctrl Pts',(1.32247560567666,-0.763531646934133,4.38020833333333));
#7337=CARTESIAN_POINT('Ctrl Pts',(1.76330080756888,-4.40443142273911E-16,
4.42187499999999));
#7338=CARTESIAN_POINT('Ctrl Pts',(1.32247560567666,0.763531646934131,4.46354166666666));
#7339=CARTESIAN_POINT('Ctrl Pts',(0.88165040378444,1.52706329386826,4.50520833333332));
#7340=CARTESIAN_POINT('Ctrl Pts',(0.,1.52706329386826,4.54687499999999));
#7341=CARTESIAN_POINT('Ctrl Pts',(-0.881650403784439,1.52706329386826,4.58854166666666));
#7342=CARTESIAN_POINT('Ctrl Pts',(-1.32247560567666,0.763531646934132,4.63020833333333));
#7343=CARTESIAN_POINT('Ctrl Pts',(-1.76330080756888,-8.33533837612919E-18,
4.67187499999999));
#7344=CARTESIAN_POINT('Ctrl Pts',(-1.32247560567666,-0.763531646934132,
4.71354166666666));
#7345=CARTESIAN_POINT('Ctrl Pts',(-0.881650403784439,-1.52706329386826,
4.75520833333333));
#7346=CARTESIAN_POINT('Ctrl Pts',(-1.87011317493118E-16,-1.52706329386826,
4.79687499999999));
#7347=CARTESIAN_POINT('Ctrl Pts',(0.881650403784438,-1.52706329386826,4.83854166666666));
#7348=CARTESIAN_POINT('Ctrl Pts',(1.32247560567666,-0.763531646934133,4.88020833333333));
#7349=CARTESIAN_POINT('Ctrl Pts',(1.76330080756888,-4.39995810447615E-16,
4.92187499999999));
#7350=CARTESIAN_POINT('Ctrl Pts',(1.32247560567666,0.763531646934131,4.96354166666666));
#7351=CARTESIAN_POINT('Ctrl Pts',(0.88165040378444,1.52706329386826,5.00520833333333));
#7352=CARTESIAN_POINT('Ctrl Pts',(0.,1.52706329386826,5.04687499999999));
#7353=CARTESIAN_POINT('Ctrl Pts',(-0.881650403784439,1.52706329386826,5.08854166666666));
#7354=CARTESIAN_POINT('Ctrl Pts',(-1.32247560567666,0.763531646934132,5.13020833333333));
#7355=CARTESIAN_POINT('Ctrl Pts',(-1.76330080756888,-7.88800654983358E-18,
5.17187499999999));
#7356=CARTESIAN_POINT('Ctrl Pts',(-1.32247560567666,-0.763531646934132,
5.21354166666666));
#7357=CARTESIAN_POINT('Ctrl Pts',(-0.881650403784439,-1.52706329386826,
5.25520833333332));
#7358=CARTESIAN_POINT('Ctrl Pts',(-1.87011317493118E-16,-1.52706329386826,
5.29687499999999));
#7359=CARTESIAN_POINT('Ctrl Pts',(0.881650403784438,-1.52706329386826,5.33854166666666));
#7360=CARTESIAN_POINT('Ctrl Pts',(1.32247560567666,-0.763531646934133,5.38020833333332));
#7361=CARTESIAN_POINT('Ctrl Pts',(1.76330080756888,-4.3954847862132E-16,
5.42187499999999));
#7362=CARTESIAN_POINT('Ctrl Pts',(1.32247560567666,0.763531646934131,5.46354166666666));
#7363=CARTESIAN_POINT('Ctrl Pts',(0.88165040378444,1.52706329386826,5.50520833333332));
#7364=CARTESIAN_POINT('Ctrl Pts',(0.,1.52706329386826,5.54687499999999));
#7365=CARTESIAN_POINT('Ctrl Pts',(-0.881650403784439,1.52706329386826,5.58854166666666));
#7366=CARTESIAN_POINT('Ctrl Pts',(-1.32247560567666,0.763531646934132,5.63020833333332));
#7367=CARTESIAN_POINT('Ctrl Pts',(-1.76330080756888,-7.44067472353797E-18,
5.67187499999999));
#7368=CARTESIAN_POINT('Ctrl Pts',(-1.32247560567666,-0.763531646934132,
5.71354166666666));
#7369=CARTESIAN_POINT('Ctrl Pts',(-0.881650403784439,-1.52706329386826,
5.75520833333332));
#7370=CARTESIAN_POINT('Ctrl Pts',(-1.87011317493118E-16,-1.52706329386826,
5.79687499999999));
#7371=CARTESIAN_POINT('Ctrl Pts',(0.881650403784438,-1.52706329386826,5.83854166666666));
#7372=CARTESIAN_POINT('Ctrl Pts',(1.32247560567666,-0.763531646934133,5.88020833333332));
#7373=CARTESIAN_POINT('Ctrl Pts',(1.76330080756888,-4.39101146795024E-16,
5.92187499999999));
#7374=CARTESIAN_POINT('Ctrl Pts',(1.32247560567666,0.763531646934131,5.96354166666666));
#7375=CARTESIAN_POINT('Ctrl Pts',(0.88165040378444,1.52706329386826,6.00520833333332));
#7376=CARTESIAN_POINT('Ctrl Pts',(0.,1.52706329386826,6.04687499999999));
#7377=CARTESIAN_POINT('Ctrl Pts',(-0.881650403784439,1.52706329386826,6.08854166666666));
#7378=CARTESIAN_POINT('Ctrl Pts',(-1.32247560567666,0.763531646934132,6.13020833333333));
#7379=CARTESIAN_POINT('Ctrl Pts',(-1.76330080756888,-6.99334289724236E-18,
6.17187499999999));
#7380=CARTESIAN_POINT('Ctrl Pts',(-1.32247560567666,-0.763531646934132,
6.21354166666666));
#7381=CARTESIAN_POINT('Ctrl Pts',(-0.881650403784439,-1.52706329386826,
6.25520833333332));
#7382=CARTESIAN_POINT('Ctrl Pts',(-1.87011317493118E-16,-1.52706329386826,
6.29687499999999));
#7383=CARTESIAN_POINT('Ctrl Pts',(0.881650403784438,-1.52706329386826,6.33854166666666));
#7384=CARTESIAN_POINT('Ctrl Pts',(1.32247560567666,-0.763531646934133,6.38020833333333));
#7385=CARTESIAN_POINT('Ctrl Pts',(1.76330080756888,-4.38653814968728E-16,
6.42187499999999));
#7386=CARTESIAN_POINT('Ctrl Pts',(1.32247560567666,0.763531646934131,6.46354166666666));
#7387=CARTESIAN_POINT('Ctrl Pts',(0.88165040378444,1.52706329386826,6.50520833333332));
#7388=CARTESIAN_POINT('Ctrl Pts',(0.,1.52706329386826,6.54687499999999));
#7389=CARTESIAN_POINT('Ctrl Pts',(-0.881650403784439,1.52706329386826,6.58854166666666));
#7390=CARTESIAN_POINT('Ctrl Pts',(-1.32247560567666,0.763531646934132,6.63020833333333));
#7391=CARTESIAN_POINT('Ctrl Pts',(-1.76330080756888,-6.54601107094675E-18,
6.67187499999999));
#7392=CARTESIAN_POINT('Ctrl Pts',(-1.32247560567666,-0.763531646934132,
6.71354166666666));
#7393=CARTESIAN_POINT('Ctrl Pts',(-0.881650403784439,-1.52706329386826,
6.75520833333333));
#7394=CARTESIAN_POINT('Ctrl Pts',(-1.87011317493118E-16,-1.52706329386826,
6.79687499999999));
#7395=CARTESIAN_POINT('Ctrl Pts',(0.881650403784438,-1.52706329386826,6.83854166666666));
#7396=CARTESIAN_POINT('Ctrl Pts',(1.32247560567666,-0.763531646934133,6.88020833333333));
#7397=CARTESIAN_POINT('Ctrl Pts',(1.76330080756888,-4.38206483142433E-16,
6.92187499999999));
#7398=CARTESIAN_POINT('Ctrl Pts',(1.32247560567666,0.763531646934131,6.96354166666666));
#7399=CARTESIAN_POINT('Ctrl Pts',(0.88165040378444,1.52706329386826,7.00520833333332));
#7400=CARTESIAN_POINT('Ctrl Pts',(0.,1.52706329386826,7.04687499999999));
#7401=CARTESIAN_POINT('Ctrl Pts',(-0.881650403784439,1.52706329386826,7.08854166666666));
#7402=CARTESIAN_POINT('Ctrl Pts',(-1.32247560567666,0.763531646934132,7.13020833333333));
#7403=CARTESIAN_POINT('Ctrl Pts',(-1.76330080756888,-6.09867924465114E-18,
7.17187499999999));
#7404=CARTESIAN_POINT('Ctrl Pts',(-1.32247560567666,-0.763531646934132,
7.21354166666666));
#7405=CARTESIAN_POINT('Ctrl Pts',(-0.881650403784439,-1.52706329386826,
7.25520833333333));
#7406=CARTESIAN_POINT('Ctrl Pts',(-1.87011317493118E-16,-1.52706329386826,
7.29687499999999));
#7407=CARTESIAN_POINT('Ctrl Pts',(0.881650403784438,-1.52706329386826,7.33854166666666));
#7408=CARTESIAN_POINT('Ctrl Pts',(1.32247560567666,-0.763531646934133,7.38020833333333));
#7409=CARTESIAN_POINT('Ctrl Pts',(1.76330080756888,-4.37759151316137E-16,
7.42187499999999));
#7410=CARTESIAN_POINT('Ctrl Pts',(1.32247560567666,0.763531646934131,7.46354166666666));
#7411=CARTESIAN_POINT('Ctrl Pts',(0.88165040378444,1.52706329386826,7.50520833333333));
#7412=CARTESIAN_POINT('Ctrl Pts',(0.,1.52706329386826,7.54687499999999));
#7413=CARTESIAN_POINT('Ctrl Pts',(-0.881650403784439,1.52706329386826,7.58854166666666));
#7414=CARTESIAN_POINT('Ctrl Pts',(-1.32247560567666,0.763531646934132,7.63020833333333));
#7415=CARTESIAN_POINT('Ctrl Pts',(-1.76330080756888,-5.65134741835553E-18,
7.67187499999999));
#7416=CARTESIAN_POINT('Ctrl Pts',(-1.32247560567666,-0.763531646934132,
7.71354166666666));
#7417=CARTESIAN_POINT('Ctrl Pts',(-0.881650403784439,-1.52706329386826,
7.75520833333333));
#7418=CARTESIAN_POINT('Ctrl Pts',(-1.87011317493118E-16,-1.52706329386826,
7.79687499999999));
#7419=CARTESIAN_POINT('Ctrl Pts',(0.881650403784438,-1.52706329386826,7.83854166666666));
#7420=CARTESIAN_POINT('Ctrl Pts',(1.32247560567666,-0.763531646934133,7.88020833333333));
#7421=CARTESIAN_POINT('Ctrl Pts',(1.76330080756888,-4.37311819489841E-16,
7.92187499999999));
#7422=CARTESIAN_POINT('Ctrl Pts',(1.32247560567666,0.763531646934131,7.96354166666666));
#7423=CARTESIAN_POINT('Ctrl Pts',(0.88165040378444,1.52706329386826,8.00520833333333));
#7424=CARTESIAN_POINT('Ctrl Pts',(0.,1.52706329386826,8.04687499999999));
#7425=CARTESIAN_POINT('Ctrl Pts',(-0.881650403784439,1.52706329386826,8.08854166666666));
#7426=CARTESIAN_POINT('Ctrl Pts',(-1.32247560567666,0.763531646934132,8.13020833333333));
#7427=CARTESIAN_POINT('Ctrl Pts',(-1.76330080756888,-5.20401559205992E-18,
8.17187499999999));
#7428=CARTESIAN_POINT('Ctrl Pts',(-1.32247560567666,-0.763531646934132,
8.21354166666666));
#7429=CARTESIAN_POINT('Ctrl Pts',(-0.881650403784439,-1.52706329386826,
8.25520833333333));
#7430=CARTESIAN_POINT('Ctrl Pts',(-1.87011317493118E-16,-1.52706329386826,
8.29687499999999));
#7431=CARTESIAN_POINT('Ctrl Pts',(0.881650403784438,-1.52706329386826,8.33854166666666));
#7432=CARTESIAN_POINT('Ctrl Pts',(1.32247560567666,-0.763531646934133,8.38020833333333));
#7433=CARTESIAN_POINT('Ctrl Pts',(1.76330080756888,-4.36864487663546E-16,
8.42187499999999));
#7434=CARTESIAN_POINT('Ctrl Pts',(1.32247560567666,0.763531646934131,8.46354166666666));
#7435=CARTESIAN_POINT('Ctrl Pts',(0.88165040378444,1.52706329386826,8.50520833333333));
#7436=CARTESIAN_POINT('Ctrl Pts',(0.,1.52706329386826,8.54687499999999));
#7437=CARTESIAN_POINT('Ctrl Pts',(-0.881650403784439,1.52706329386826,8.58854166666666));
#7438=CARTESIAN_POINT('Ctrl Pts',(-1.32247560567666,0.763531646934132,8.63020833333333));
#7439=CARTESIAN_POINT('Ctrl Pts',(-1.76330080756888,-4.75668376576432E-18,
8.67187499999999));
#7440=CARTESIAN_POINT('Ctrl Pts',(-1.32247560567666,-0.763531646934132,
8.71354166666666));
#7441=CARTESIAN_POINT('Ctrl Pts',(-0.881650403784439,-1.52706329386826,
8.75520833333333));
#7442=CARTESIAN_POINT('Ctrl Pts',(-1.87011317493118E-16,-1.52706329386826,
8.79687499999999));
#7443=CARTESIAN_POINT('Ctrl Pts',(0.881650403784438,-1.52706329386826,8.83854166666666));
#7444=CARTESIAN_POINT('Ctrl Pts',(1.32247560567666,-0.763531646934133,8.88020833333333));
#7445=CARTESIAN_POINT('Ctrl Pts',(1.76330080756888,-4.3641715583725E-16,
8.92187499999999));
#7446=CARTESIAN_POINT('Ctrl Pts',(1.32247560567666,0.763531646934131,8.96354166666666));
#7447=CARTESIAN_POINT('Ctrl Pts',(0.88165040378444,1.52706329386826,9.00520833333332));
#7448=CARTESIAN_POINT('Ctrl Pts',(0.,1.52706329386826,9.04687499999999));
#7449=CARTESIAN_POINT('Ctrl Pts',(-0.881650403784439,1.52706329386826,9.08854166666666));
#7450=CARTESIAN_POINT('Ctrl Pts',(-1.32247560567666,0.763531646934132,9.13020833333332));
#7451=CARTESIAN_POINT('Ctrl Pts',(-1.76330080756888,-4.30935193946871E-18,
9.17187499999999));
#7452=CARTESIAN_POINT('Ctrl Pts',(-1.32247560567666,-0.763531646934132,
9.21354166666666));
#7453=CARTESIAN_POINT('Ctrl Pts',(-0.881650403784439,-1.52706329386826,
9.25520833333332));
#7454=CARTESIAN_POINT('Ctrl Pts',(-1.87011317493118E-16,-1.52706329386826,
9.29687499999999));
#7455=CARTESIAN_POINT('Ctrl Pts',(0.881650403784438,-1.52706329386826,9.33854166666666));
#7456=CARTESIAN_POINT('Ctrl Pts',(1.32247560567666,-0.763531646934133,9.38020833333333));
#7457=CARTESIAN_POINT('Ctrl Pts',(1.76330080756888,-4.35969824010955E-16,
9.42187499999999));
#7458=CARTESIAN_POINT('Ctrl Pts',(1.32247560567666,0.763531646934131,9.46354166666666));
#7459=CARTESIAN_POINT('Ctrl Pts',(0.88165040378444,1.52706329386826,9.50520833333332));
#7460=CARTESIAN_POINT('Ctrl Pts',(0.,1.52706329386826,9.54687499999999));
#7461=CARTESIAN_POINT('Origin',(0.,2.77555756156289E-16,-10.21875));
#7462=CARTESIAN_POINT('Ctrl Pts',(-0.190653686694247,-1.1596729463484,-9.94975952641931));
#7463=CARTESIAN_POINT('Ctrl Pts',(-0.0959624143353759,-1.17524047358083,
-9.94339282863744));
#7464=CARTESIAN_POINT('Ctrl Pts',(-1.43925448419918E-16,-1.17524047358083,
-9.93750000000002));
#7465=CARTESIAN_POINT('Ctrl Pts',(0.,1.52706329386826,-9.984375));
#7466=CARTESIAN_POINT('Ctrl Pts',(-0.881650403784439,1.52706329386826,-9.94270833333334));
#7467=CARTESIAN_POINT('Ctrl Pts',(-1.32247560567666,0.763531646934132,-9.90104166666667));
#7468=CARTESIAN_POINT('Ctrl Pts',(-1.76330080756888,-2.13359195778453E-17,
-9.859375));
#7469=CARTESIAN_POINT('Ctrl Pts',(-1.32247560567666,-0.763531646934132,
-9.81770833333334));
#7470=CARTESIAN_POINT('Ctrl Pts',(-0.881650403784439,-1.52706329386826,
-9.77604166666667));
#7471=CARTESIAN_POINT('Ctrl Pts',(-1.87011317493118E-16,-1.52706329386826,
-9.734375));
#7472=CARTESIAN_POINT('Ctrl Pts',(0.881650403784438,-1.52706329386826,-9.69270833333334));
#7473=CARTESIAN_POINT('Ctrl Pts',(1.32247560567666,-0.763531646934133,-9.65104166666667));
#7474=CARTESIAN_POINT('Ctrl Pts',(1.76330080756888,-4.52996391649331E-16,
-9.609375));
#7475=CARTESIAN_POINT('Ctrl Pts',(1.32247560567666,0.763531646934131,-9.56770833333334));
#7476=CARTESIAN_POINT('Ctrl Pts',(0.88165040378444,1.52706329386826,-9.52604166666667));
#7477=CARTESIAN_POINT('Ctrl Pts',(0.,1.52706329386826,-9.484375));
#7478=CARTESIAN_POINT('Ctrl Pts',(-0.881650403784439,1.52706329386826,-9.44270833333334));
#7479=CARTESIAN_POINT('Ctrl Pts',(-1.32247560567666,0.763531646934132,-9.40104166666667));
#7480=CARTESIAN_POINT('Ctrl Pts',(-1.76330080756888,-2.08885877515497E-17,
-9.359375));
#7481=CARTESIAN_POINT('Ctrl Pts',(-1.32247560567666,-0.763531646934132,
-9.31770833333334));
#7482=CARTESIAN_POINT('Ctrl Pts',(-0.881650403784439,-1.52706329386826,
-9.27604166666667));
#7483=CARTESIAN_POINT('Ctrl Pts',(-1.87011317493118E-16,-1.52706329386826,
-9.234375));
#7484=CARTESIAN_POINT('Ctrl Pts',(0.881650403784438,-1.52706329386826,-9.19270833333334));
#7485=CARTESIAN_POINT('Ctrl Pts',(1.32247560567666,-0.763531646934133,-9.15104166666667));
#7486=CARTESIAN_POINT('Ctrl Pts',(1.76330080756888,-4.52549059823036E-16,
-9.109375));
#7487=CARTESIAN_POINT('Ctrl Pts',(1.32247560567666,0.763531646934131,-9.06770833333334));
#7488=CARTESIAN_POINT('Ctrl Pts',(0.88165040378444,1.52706329386826,-9.02604166666667));
#7489=CARTESIAN_POINT('Ctrl Pts',(0.,1.52706329386826,-8.984375));
#7490=CARTESIAN_POINT('Ctrl Pts',(-0.881650403784439,1.52706329386826,-8.94270833333334));
#7491=CARTESIAN_POINT('Ctrl Pts',(-1.32247560567666,0.763531646934132,-8.90104166666667));
#7492=CARTESIAN_POINT('Ctrl Pts',(-1.76330080756888,-2.04412559252541E-17,
-8.85937500000001));
#7493=CARTESIAN_POINT('Ctrl Pts',(-1.32247560567666,-0.763531646934132,
-8.81770833333334));
#7494=CARTESIAN_POINT('Ctrl Pts',(-0.881650403784439,-1.52706329386826,
-8.77604166666667));
#7495=CARTESIAN_POINT('Ctrl Pts',(-1.87011317493118E-16,-1.52706329386826,
-8.734375));
#7496=CARTESIAN_POINT('Ctrl Pts',(0.881650403784438,-1.52706329386826,-8.69270833333334));
#7497=CARTESIAN_POINT('Ctrl Pts',(1.32247560567666,-0.763531646934133,-8.65104166666667));
#7498=CARTESIAN_POINT('Ctrl Pts',(1.76330080756888,-4.5210172799674E-16,
-8.60937500000001));
#7499=CARTESIAN_POINT('Ctrl Pts',(1.32247560567666,0.763531646934131,-8.56770833333334));
#7500=CARTESIAN_POINT('Ctrl Pts',(0.88165040378444,1.52706329386826,-8.52604166666667));
#7501=CARTESIAN_POINT('Ctrl Pts',(0.,1.52706329386826,-8.484375));
#7502=CARTESIAN_POINT('Ctrl Pts',(-0.881650403784439,1.52706329386826,-8.44270833333334));
#7503=CARTESIAN_POINT('Ctrl Pts',(-1.32247560567666,0.763531646934132,-8.40104166666667));
#7504=CARTESIAN_POINT('Ctrl Pts',(-1.76330080756888,-1.99939240989585E-17,
-8.359375));
#7505=CARTESIAN_POINT('Ctrl Pts',(-1.32247560567666,-0.763531646934132,
-8.31770833333334));
#7506=CARTESIAN_POINT('Ctrl Pts',(-0.881650403784439,-1.52706329386826,
-8.27604166666667));
#7507=CARTESIAN_POINT('Ctrl Pts',(-1.87011317493118E-16,-1.52706329386826,
-8.234375));
#7508=CARTESIAN_POINT('Ctrl Pts',(0.881650403784438,-1.52706329386826,-8.19270833333334));
#7509=CARTESIAN_POINT('Ctrl Pts',(1.32247560567666,-0.763531646934133,-8.15104166666667));
#7510=CARTESIAN_POINT('Ctrl Pts',(1.76330080756888,-4.51654396170445E-16,
-8.109375));
#7511=CARTESIAN_POINT('Ctrl Pts',(1.32247560567666,0.763531646934131,-8.06770833333334));
#7512=CARTESIAN_POINT('Ctrl Pts',(0.88165040378444,1.52706329386826,-8.02604166666667));
#7513=CARTESIAN_POINT('Ctrl Pts',(0.,1.52706329386826,-7.984375));
#7514=CARTESIAN_POINT('Ctrl Pts',(-0.881650403784439,1.52706329386826,-7.94270833333334));
#7515=CARTESIAN_POINT('Ctrl Pts',(-1.32247560567666,0.763531646934132,-7.90104166666667));
#7516=CARTESIAN_POINT('Ctrl Pts',(-1.76330080756888,-1.95465922726629E-17,
-7.859375));
#7517=CARTESIAN_POINT('Ctrl Pts',(-1.32247560567666,-0.763531646934132,
-7.81770833333334));
#7518=CARTESIAN_POINT('Ctrl Pts',(-0.881650403784439,-1.52706329386826,
-7.77604166666667));
#7519=CARTESIAN_POINT('Ctrl Pts',(-1.87011317493118E-16,-1.52706329386826,
-7.734375));
#7520=CARTESIAN_POINT('Ctrl Pts',(0.881650403784438,-1.52706329386826,-7.69270833333334));
#7521=CARTESIAN_POINT('Ctrl Pts',(1.32247560567666,-0.763531646934133,-7.65104166666667));
#7522=CARTESIAN_POINT('Ctrl Pts',(1.76330080756888,-4.51207064344149E-16,
-7.609375));
#7523=CARTESIAN_POINT('Ctrl Pts',(1.32247560567666,0.763531646934131,-7.56770833333334));
#7524=CARTESIAN_POINT('Ctrl Pts',(0.88165040378444,1.52706329386826,-7.52604166666667));
#7525=CARTESIAN_POINT('Ctrl Pts',(0.,1.52706329386826,-7.484375));
#7526=CARTESIAN_POINT('Ctrl Pts',(-0.881650403784439,1.52706329386826,-7.44270833333334));
#7527=CARTESIAN_POINT('Ctrl Pts',(-1.32247560567666,0.763531646934132,-7.40104166666667));
#7528=CARTESIAN_POINT('Ctrl Pts',(-1.76330080756888,-1.90992604463673E-17,
-7.359375));
#7529=CARTESIAN_POINT('Ctrl Pts',(-1.32247560567666,-0.763531646934132,
-7.31770833333334));
#7530=CARTESIAN_POINT('Ctrl Pts',(-0.881650403784439,-1.52706329386826,
-7.27604166666667));
#7531=CARTESIAN_POINT('Ctrl Pts',(-1.87011317493118E-16,-1.52706329386826,
-7.234375));
#7532=CARTESIAN_POINT('Ctrl Pts',(0.881650403784438,-1.52706329386826,-7.19270833333334));
#7533=CARTESIAN_POINT('Ctrl Pts',(1.32247560567666,-0.763531646934133,-7.15104166666667));
#7534=CARTESIAN_POINT('Ctrl Pts',(1.76330080756888,-4.50759732517853E-16,
-7.109375));
#7535=CARTESIAN_POINT('Ctrl Pts',(1.32247560567666,0.763531646934131,-7.06770833333334));
#7536=CARTESIAN_POINT('Ctrl Pts',(0.88165040378444,1.52706329386826,-7.02604166666667));
#7537=CARTESIAN_POINT('Ctrl Pts',(0.,1.52706329386826,-6.984375));
#7538=CARTESIAN_POINT('Ctrl Pts',(-0.881650403784439,1.52706329386826,-6.94270833333334));
#7539=CARTESIAN_POINT('Ctrl Pts',(-1.32247560567666,0.763531646934132,-6.90104166666667));
#7540=CARTESIAN_POINT('Ctrl Pts',(-1.76330080756888,-1.86519286200717E-17,
-6.859375));
#7541=CARTESIAN_POINT('Ctrl Pts',(-1.32247560567666,-0.763531646934132,
-6.81770833333334));
#7542=CARTESIAN_POINT('Ctrl Pts',(-0.881650403784439,-1.52706329386826,
-6.77604166666667));
#7543=CARTESIAN_POINT('Ctrl Pts',(-1.87011317493118E-16,-1.52706329386826,
-6.734375));
#7544=CARTESIAN_POINT('Ctrl Pts',(0.881650403784438,-1.52706329386826,-6.69270833333334));
#7545=CARTESIAN_POINT('Ctrl Pts',(1.32247560567666,-0.763531646934133,-6.65104166666667));
#7546=CARTESIAN_POINT('Ctrl Pts',(1.76330080756888,-4.50312400691558E-16,
-6.60937500000001));
#7547=CARTESIAN_POINT('Ctrl Pts',(1.32247560567666,0.763531646934131,-6.56770833333334));
#7548=CARTESIAN_POINT('Ctrl Pts',(0.88165040378444,1.52706329386826,-6.52604166666667));
#7549=CARTESIAN_POINT('Ctrl Pts',(0.,1.52706329386826,-6.484375));
#7550=CARTESIAN_POINT('Ctrl Pts',(-0.881650403784439,1.52706329386826,-6.44270833333334));
#7551=CARTESIAN_POINT('Ctrl Pts',(-1.32247560567666,0.763531646934132,-6.40104166666667));
#7552=CARTESIAN_POINT('Ctrl Pts',(-1.76330080756888,-1.82045967937761E-17,
-6.359375));
#7553=CARTESIAN_POINT('Ctrl Pts',(-1.32247560567666,-0.763531646934132,
-6.31770833333334));
#7554=CARTESIAN_POINT('Ctrl Pts',(-0.881650403784439,-1.52706329386826,
-6.27604166666667));
#7555=CARTESIAN_POINT('Ctrl Pts',(-1.87011317493118E-16,-1.52706329386826,
-6.234375));
#7556=CARTESIAN_POINT('Ctrl Pts',(0.881650403784438,-1.52706329386826,-6.19270833333334));
#7557=CARTESIAN_POINT('Ctrl Pts',(1.32247560567666,-0.763531646934133,-6.15104166666667));
#7558=CARTESIAN_POINT('Ctrl Pts',(1.76330080756888,-4.49865068865262E-16,
-6.109375));
#7559=CARTESIAN_POINT('Ctrl Pts',(1.32247560567666,0.763531646934131,-6.06770833333334));
#7560=CARTESIAN_POINT('Ctrl Pts',(0.88165040378444,1.52706329386826,-6.02604166666667));
#7561=CARTESIAN_POINT('Ctrl Pts',(0.,1.52706329386826,-5.984375));
#7562=CARTESIAN_POINT('Ctrl Pts',(-0.881650403784439,1.52706329386826,-5.94270833333334));
#7563=CARTESIAN_POINT('Ctrl Pts',(-1.32247560567666,0.763531646934132,-5.90104166666667));
#7564=CARTESIAN_POINT('Ctrl Pts',(-1.76330080756888,-1.77572649674804E-17,
-5.859375));
#7565=CARTESIAN_POINT('Ctrl Pts',(-1.32247560567666,-0.763531646934132,
-5.81770833333334));
#7566=CARTESIAN_POINT('Ctrl Pts',(-0.881650403784439,-1.52706329386826,
-5.77604166666667));
#7567=CARTESIAN_POINT('Ctrl Pts',(-1.87011317493118E-16,-1.52706329386826,
-5.734375));
#7568=CARTESIAN_POINT('Ctrl Pts',(0.881650403784438,-1.52706329386826,-5.69270833333334));
#7569=CARTESIAN_POINT('Ctrl Pts',(1.32247560567666,-0.763531646934133,-5.65104166666667));
#7570=CARTESIAN_POINT('Ctrl Pts',(1.76330080756888,-4.49417737038967E-16,
-5.60937500000001));
#7571=CARTESIAN_POINT('Ctrl Pts',(1.32247560567666,0.763531646934131,-5.56770833333334));
#7572=CARTESIAN_POINT('Ctrl Pts',(0.88165040378444,1.52706329386826,-5.52604166666667));
#7573=CARTESIAN_POINT('Ctrl Pts',(0.,1.52706329386826,-5.484375));
#7574=CARTESIAN_POINT('Ctrl Pts',(-0.881650403784439,1.52706329386826,-5.44270833333334));
#7575=CARTESIAN_POINT('Ctrl Pts',(-1.32247560567666,0.763531646934132,-5.40104166666667));
#7576=CARTESIAN_POINT('Ctrl Pts',(-1.76330080756888,-1.73099331411848E-17,
-5.35937500000001));
#7577=CARTESIAN_POINT('Ctrl Pts',(-1.32247560567666,-0.763531646934132,
-5.31770833333334));
#7578=CARTESIAN_POINT('Ctrl Pts',(-0.881650403784439,-1.52706329386826,
-5.27604166666667));
#7579=CARTESIAN_POINT('Ctrl Pts',(-1.87011317493118E-16,-1.52706329386826,
-5.234375));
#7580=CARTESIAN_POINT('Ctrl Pts',(0.881650403784438,-1.52706329386826,-5.19270833333334));
#7581=CARTESIAN_POINT('Ctrl Pts',(1.32247560567666,-0.763531646934133,-5.15104166666667));
#7582=CARTESIAN_POINT('Ctrl Pts',(1.76330080756888,-4.48970405212671E-16,
-5.109375));
#7583=CARTESIAN_POINT('Ctrl Pts',(1.32247560567666,0.763531646934131,-5.06770833333334));
#7584=CARTESIAN_POINT('Ctrl Pts',(0.88165040378444,1.52706329386826,-5.02604166666667));
#7585=CARTESIAN_POINT('Ctrl Pts',(0.,1.52706329386826,-4.984375));
#7586=CARTESIAN_POINT('Ctrl Pts',(-0.881650403784439,1.52706329386826,-4.94270833333334));
#7587=CARTESIAN_POINT('Ctrl Pts',(-1.32247560567666,0.763531646934132,-4.90104166666667));
#7588=CARTESIAN_POINT('Ctrl Pts',(-1.76330080756888,-1.68626013148892E-17,
-4.859375));
#7589=CARTESIAN_POINT('Ctrl Pts',(-1.32247560567666,-0.763531646934132,
-4.81770833333334));
#7590=CARTESIAN_POINT('Ctrl Pts',(-0.881650403784439,-1.52706329386826,
-4.77604166666667));
#7591=CARTESIAN_POINT('Ctrl Pts',(-1.87011317493118E-16,-1.52706329386826,
-4.734375));
#7592=CARTESIAN_POINT('Ctrl Pts',(0.881650403784438,-1.52706329386826,-4.69270833333334));
#7593=CARTESIAN_POINT('Ctrl Pts',(1.32247560567666,-0.763531646934133,-4.65104166666667));
#7594=CARTESIAN_POINT('Ctrl Pts',(1.76330080756888,-4.48523073386375E-16,
-4.609375));
#7595=CARTESIAN_POINT('Ctrl Pts',(1.32247560567666,0.763531646934131,-4.56770833333334));
#7596=CARTESIAN_POINT('Ctrl Pts',(0.88165040378444,1.52706329386826,-4.52604166666667));
#7597=CARTESIAN_POINT('Ctrl Pts',(0.,1.52706329386826,-4.484375));
#7598=CARTESIAN_POINT('Ctrl Pts',(-0.881650403784439,1.52706329386826,-4.44270833333334));
#7599=CARTESIAN_POINT('Ctrl Pts',(-1.32247560567666,0.763531646934132,-4.40104166666667));
#7600=CARTESIAN_POINT('Ctrl Pts',(-1.76330080756888,-1.64152694885936E-17,
-4.359375));
#7601=CARTESIAN_POINT('Ctrl Pts',(-1.32247560567666,-0.763531646934132,
-4.31770833333334));
#7602=CARTESIAN_POINT('Ctrl Pts',(-0.881650403784439,-1.52706329386826,
-4.27604166666667));
#7603=CARTESIAN_POINT('Ctrl Pts',(-1.87011317493118E-16,-1.52706329386826,
-4.234375));
#7604=CARTESIAN_POINT('Ctrl Pts',(0.881650403784438,-1.52706329386826,-4.19270833333334));
#7605=CARTESIAN_POINT('Ctrl Pts',(1.32247560567666,-0.763531646934133,-4.15104166666667));
#7606=CARTESIAN_POINT('Ctrl Pts',(1.76330080756888,-4.4807574156008E-16,
-4.109375));
#7607=CARTESIAN_POINT('Ctrl Pts',(1.32247560567666,0.763531646934131,-4.06770833333334));
#7608=CARTESIAN_POINT('Ctrl Pts',(0.88165040378444,1.52706329386826,-4.02604166666667));
#7609=CARTESIAN_POINT('Ctrl Pts',(0.,1.52706329386826,-3.984375));
#7610=CARTESIAN_POINT('Ctrl Pts',(-0.881650403784439,1.52706329386826,-3.94270833333334));
#7611=CARTESIAN_POINT('Ctrl Pts',(-1.32247560567666,0.763531646934132,-3.90104166666667));
#7612=CARTESIAN_POINT('Ctrl Pts',(-1.76330080756888,-1.5967937662298E-17,
-3.859375));
#7613=CARTESIAN_POINT('Ctrl Pts',(-1.32247560567666,-0.763531646934132,
-3.81770833333334));
#7614=CARTESIAN_POINT('Ctrl Pts',(-0.881650403784439,-1.52706329386826,
-3.77604166666667));
#7615=CARTESIAN_POINT('Ctrl Pts',(-1.87011317493118E-16,-1.52706329386826,
-3.734375));
#7616=CARTESIAN_POINT('Ctrl Pts',(0.881650403784438,-1.52706329386826,-3.69270833333334));
#7617=CARTESIAN_POINT('Ctrl Pts',(1.32247560567666,-0.763531646934133,-3.65104166666667));
#7618=CARTESIAN_POINT('Ctrl Pts',(1.76330080756888,-4.47628409733784E-16,
-3.609375));
#7619=CARTESIAN_POINT('Ctrl Pts',(1.32247560567666,0.763531646934131,-3.56770833333334));
#7620=CARTESIAN_POINT('Ctrl Pts',(0.88165040378444,1.52706329386826,-3.52604166666667));
#7621=CARTESIAN_POINT('Ctrl Pts',(0.,1.52706329386826,-3.484375));
#7622=CARTESIAN_POINT('Ctrl Pts',(-0.881650403784439,1.52706329386826,-3.44270833333334));
#7623=CARTESIAN_POINT('Ctrl Pts',(-1.32247560567666,0.763531646934132,-3.40104166666667));
#7624=CARTESIAN_POINT('Ctrl Pts',(-1.76330080756888,-1.55206058360024E-17,
-3.359375));
#7625=CARTESIAN_POINT('Ctrl Pts',(-1.32247560567666,-0.763531646934132,
-3.31770833333334));
#7626=CARTESIAN_POINT('Ctrl Pts',(-0.881650403784439,-1.52706329386826,
-3.27604166666667));
#7627=CARTESIAN_POINT('Ctrl Pts',(-1.87011317493118E-16,-1.52706329386826,
-3.234375));
#7628=CARTESIAN_POINT('Ctrl Pts',(0.881650403784438,-1.52706329386826,-3.19270833333334));
#7629=CARTESIAN_POINT('Ctrl Pts',(1.32247560567666,-0.763531646934133,-3.15104166666667));
#7630=CARTESIAN_POINT('Ctrl Pts',(1.76330080756888,-4.47181077907488E-16,
-3.109375));
#7631=CARTESIAN_POINT('Ctrl Pts',(1.32247560567666,0.763531646934131,-3.06770833333334));
#7632=CARTESIAN_POINT('Ctrl Pts',(0.88165040378444,1.52706329386826,-3.02604166666667));
#7633=CARTESIAN_POINT('Ctrl Pts',(0.,1.52706329386826,-2.984375));
#7634=CARTESIAN_POINT('Ctrl Pts',(-0.881650403784439,1.52706329386826,-2.94270833333334));
#7635=CARTESIAN_POINT('Ctrl Pts',(-1.32247560567666,0.763531646934132,-2.90104166666667));
#7636=CARTESIAN_POINT('Ctrl Pts',(-1.76330080756888,-1.50732740097068E-17,
-2.859375));
#7637=CARTESIAN_POINT('Ctrl Pts',(-1.32247560567666,-0.763531646934132,
-2.81770833333334));
#7638=CARTESIAN_POINT('Ctrl Pts',(-0.881650403784439,-1.52706329386826,
-2.77604166666667));
#7639=CARTESIAN_POINT('Ctrl Pts',(-1.87011317493118E-16,-1.52706329386826,
-2.734375));
#7640=CARTESIAN_POINT('Ctrl Pts',(0.881650403784438,-1.52706329386826,-2.69270833333334));
#7641=CARTESIAN_POINT('Ctrl Pts',(1.32247560567666,-0.763531646934133,-2.65104166666667));
#7642=CARTESIAN_POINT('Ctrl Pts',(1.76330080756888,-4.46733746081193E-16,
-2.609375));
#7643=CARTESIAN_POINT('Ctrl Pts',(1.32247560567666,0.763531646934131,-2.56770833333334));
#7644=CARTESIAN_POINT('Ctrl Pts',(0.88165040378444,1.52706329386826,-2.52604166666667));
#7645=CARTESIAN_POINT('Ctrl Pts',(0.,1.52706329386826,-2.484375));
#7646=CARTESIAN_POINT('Ctrl Pts',(-0.881650403784439,1.52706329386826,-2.44270833333334));
#7647=CARTESIAN_POINT('Ctrl Pts',(-1.32247560567666,0.763531646934132,-2.40104166666667));
#7648=CARTESIAN_POINT('Ctrl Pts',(-1.76330080756888,-1.46259421834112E-17,
-2.359375));
#7649=CARTESIAN_POINT('Ctrl Pts',(-1.32247560567666,-0.763531646934132,
-2.31770833333334));
#7650=CARTESIAN_POINT('Ctrl Pts',(-0.881650403784439,-1.52706329386826,
-2.27604166666667));
#7651=CARTESIAN_POINT('Ctrl Pts',(-1.87011317493118E-16,-1.52706329386826,
-2.234375));
#7652=CARTESIAN_POINT('Ctrl Pts',(0.881650403784438,-1.52706329386826,-2.19270833333334));
#7653=CARTESIAN_POINT('Ctrl Pts',(1.32247560567666,-0.763531646934133,-2.15104166666667));
#7654=CARTESIAN_POINT('Ctrl Pts',(1.76330080756888,-4.46286414254897E-16,
-2.109375));
#7655=CARTESIAN_POINT('Ctrl Pts',(1.32247560567666,0.763531646934131,-2.06770833333334));
#7656=CARTESIAN_POINT('Ctrl Pts',(0.88165040378444,1.52706329386826,-2.02604166666667));
#7657=CARTESIAN_POINT('Ctrl Pts',(0.,1.52706329386826,-1.984375));
#7658=CARTESIAN_POINT('Ctrl Pts',(-0.881650403784439,1.52706329386826,-1.94270833333334));
#7659=CARTESIAN_POINT('Ctrl Pts',(-1.32247560567666,0.763531646934132,-1.90104166666667));
#7660=CARTESIAN_POINT('Ctrl Pts',(-1.76330080756888,-1.41786103571156E-17,
-1.859375));
#7661=CARTESIAN_POINT('Ctrl Pts',(-1.32247560567666,-0.763531646934132,
-1.81770833333334));
#7662=CARTESIAN_POINT('Ctrl Pts',(-0.881650403784439,-1.52706329386826,
-1.77604166666667));
#7663=CARTESIAN_POINT('Ctrl Pts',(-1.87011317493118E-16,-1.52706329386826,
-1.734375));
#7664=CARTESIAN_POINT('Ctrl Pts',(0.881650403784438,-1.52706329386826,-1.69270833333334));
#7665=CARTESIAN_POINT('Ctrl Pts',(1.32247560567666,-0.763531646934133,-1.65104166666667));
#7666=CARTESIAN_POINT('Ctrl Pts',(1.76330080756888,-4.45839082428602E-16,
-1.609375));
#7667=CARTESIAN_POINT('Ctrl Pts',(1.32247560567666,0.763531646934131,-1.56770833333334));
#7668=CARTESIAN_POINT('Ctrl Pts',(0.88165040378444,1.52706329386826,-1.52604166666667));
#7669=CARTESIAN_POINT('Ctrl Pts',(0.,1.52706329386826,-1.484375));
#7670=CARTESIAN_POINT('Ctrl Pts',(-0.881650403784439,1.52706329386826,-1.44270833333334));
#7671=CARTESIAN_POINT('Ctrl Pts',(-1.32247560567666,0.763531646934132,-1.40104166666667));
#7672=CARTESIAN_POINT('Ctrl Pts',(-1.76330080756888,-1.373127853082E-17,
-1.359375));
#7673=CARTESIAN_POINT('Ctrl Pts',(-1.32247560567666,-0.763531646934132,
-1.31770833333334));
#7674=CARTESIAN_POINT('Ctrl Pts',(-0.881650403784439,-1.52706329386826,
-1.27604166666667));
#7675=CARTESIAN_POINT('Ctrl Pts',(-1.87011317493118E-16,-1.52706329386826,
-1.234375));
#7676=CARTESIAN_POINT('Ctrl Pts',(0.881650403784438,-1.52706329386826,-1.19270833333334));
#7677=CARTESIAN_POINT('Ctrl Pts',(1.32247560567666,-0.763531646934133,-1.15104166666667));
#7678=CARTESIAN_POINT('Ctrl Pts',(1.76330080756888,-4.45391750602306E-16,
-1.109375));
#7679=CARTESIAN_POINT('Ctrl Pts',(1.32247560567666,0.763531646934131,-1.06770833333334));
#7680=CARTESIAN_POINT('Ctrl Pts',(0.88165040378444,1.52706329386826,-1.02604166666667));
#7681=CARTESIAN_POINT('Ctrl Pts',(0.,1.52706329386826,-0.984375000000004));
#7682=CARTESIAN_POINT('Ctrl Pts',(-0.881650403784439,1.52706329386826,-0.942708333333337));
#7683=CARTESIAN_POINT('Ctrl Pts',(-1.32247560567666,0.763531646934132,-0.90104166666667));
#7684=CARTESIAN_POINT('Ctrl Pts',(-1.76330080756888,-1.32839467045243E-17,
-0.859375000000004));
#7685=CARTESIAN_POINT('Ctrl Pts',(-1.32247560567666,-0.763531646934132,
-0.817708333333337));
#7686=CARTESIAN_POINT('Ctrl Pts',(-0.881650403784439,-1.52706329386826,
-0.776041666666671));
#7687=CARTESIAN_POINT('Ctrl Pts',(-1.87011317493118E-16,-1.52706329386826,
-0.734375000000004));
#7688=CARTESIAN_POINT('Ctrl Pts',(0.881650403784438,-1.52706329386826,-0.692708333333337));
#7689=CARTESIAN_POINT('Ctrl Pts',(1.32247560567666,-0.763531646934133,-0.651041666666671));
#7690=CARTESIAN_POINT('Ctrl Pts',(1.76330080756888,-4.4494441877601E-16,
-0.609375000000004));
#7691=CARTESIAN_POINT('Ctrl Pts',(1.32247560567666,0.763531646934131,-0.567708333333337));
#7692=CARTESIAN_POINT('Ctrl Pts',(0.88165040378444,1.52706329386826,-0.526041666666671));
#7693=CARTESIAN_POINT('Ctrl Pts',(0.,1.52706329386826,-0.484375000000004));
#7694=CARTESIAN_POINT('Ctrl Pts',(-0.881650403784439,1.52706329386826,-0.442708333333337));
#7695=CARTESIAN_POINT('Ctrl Pts',(-1.32247560567666,0.763531646934132,-0.401041666666671));
#7696=CARTESIAN_POINT('Ctrl Pts',(-1.76330080756888,-1.28366148782287E-17,
-0.359375000000004));
#7697=CARTESIAN_POINT('Ctrl Pts',(-1.32247560567666,-0.763531646934132,
-0.317708333333336));
#7698=CARTESIAN_POINT('Ctrl Pts',(-0.881650403784439,-1.52706329386826,
-0.276041666666671));
#7699=CARTESIAN_POINT('Ctrl Pts',(-1.87011317493118E-16,-1.52706329386826,
-0.234375000000004));
#7700=CARTESIAN_POINT('Ctrl Pts',(0.881650403784438,-1.52706329386826,-0.192708333333338));
#7701=CARTESIAN_POINT('Ctrl Pts',(1.32247560567666,-0.763531646934133,-0.151041666666671));
#7702=CARTESIAN_POINT('Ctrl Pts',(1.76330080756888,-4.44497086949715E-16,
-0.109375000000004));
#7703=CARTESIAN_POINT('Ctrl Pts',(1.32247560567666,0.763531646934131,-0.067708333333338));
#7704=CARTESIAN_POINT('Ctrl Pts',(0.88165040378444,1.52706329386826,-0.0260416666666707));
#7705=CARTESIAN_POINT('Ctrl Pts',(0.,1.52706329386826,0.0156249999999965));
#7706=CARTESIAN_POINT('Ctrl Pts',(-0.881650403784439,1.52706329386826,0.0572916666666621));
#7707=CARTESIAN_POINT('Ctrl Pts',(-1.32247560567666,0.763531646934132,0.0989583333333294));
#7708=CARTESIAN_POINT('Ctrl Pts',(-1.76330080756888,-1.23892830519331E-17,
0.140624999999997));
#7709=CARTESIAN_POINT('Ctrl Pts',(-1.32247560567666,-0.763531646934132,
0.182291666666662));
#7710=CARTESIAN_POINT('Ctrl Pts',(-0.881650403784439,-1.52706329386826,
0.223958333333329));
#7711=CARTESIAN_POINT('Ctrl Pts',(-1.87011317493118E-16,-1.52706329386826,
0.265624999999997));
#7712=CARTESIAN_POINT('Ctrl Pts',(0.881650403784438,-1.52706329386826,0.307291666666662));
#7713=CARTESIAN_POINT('Ctrl Pts',(1.32247560567666,-0.763531646934133,0.34895833333333));
#7714=CARTESIAN_POINT('Ctrl Pts',(1.76330080756888,-4.44049755123419E-16,
0.390624999999995));
#7715=CARTESIAN_POINT('Ctrl Pts',(1.32247560567666,0.763531646934131,0.432291666666662));
#7716=CARTESIAN_POINT('Ctrl Pts',(0.88165040378444,1.52706329386826,0.47395833333333));
#7717=CARTESIAN_POINT('Ctrl Pts',(0.,1.52706329386826,0.515624999999995));
#7718=CARTESIAN_POINT('Ctrl Pts',(-0.881650403784439,1.52706329386826,0.557291666666663));
#7719=CARTESIAN_POINT('Ctrl Pts',(-1.32247560567666,0.763531646934132,0.59895833333333));
#7720=CARTESIAN_POINT('Ctrl Pts',(-1.76330080756888,-1.19419512256375E-17,
0.640624999999995));
#7721=CARTESIAN_POINT('Ctrl Pts',(-1.32247560567666,-0.763531646934132,
0.682291666666663));
#7722=CARTESIAN_POINT('Ctrl Pts',(-0.881650403784439,-1.52706329386826,
0.72395833333333));
#7723=CARTESIAN_POINT('Ctrl Pts',(-1.87011317493118E-16,-1.52706329386826,
0.765624999999995));
#7724=CARTESIAN_POINT('Ctrl Pts',(0.881650403784438,-1.52706329386826,0.807291666666663));
#7725=CARTESIAN_POINT('Ctrl Pts',(1.32247560567666,-0.763531646934133,0.84895833333333));
#7726=CARTESIAN_POINT('Ctrl Pts',(1.76330080756888,-4.43602423297124E-16,
0.890624999999996));
#7727=CARTESIAN_POINT('Ctrl Pts',(1.32247560567666,0.763531646934131,0.932291666666663));
#7728=CARTESIAN_POINT('Ctrl Pts',(0.88165040378444,1.52706329386826,0.97395833333333));
#7729=CARTESIAN_POINT('Ctrl Pts',(0.,1.52706329386826,1.015625));
#7730=CARTESIAN_POINT('Ctrl Pts',(-0.881650403784439,1.52706329386826,1.05729166666666));
#7731=CARTESIAN_POINT('Ctrl Pts',(-1.32247560567666,0.763531646934132,1.09895833333333));
#7732=CARTESIAN_POINT('Ctrl Pts',(-1.76330080756888,-1.14946193993419E-17,
1.140625));
#7733=CARTESIAN_POINT('Ctrl Pts',(-1.32247560567666,-0.763531646934132,
1.18229166666666));
#7734=CARTESIAN_POINT('Ctrl Pts',(-0.881650403784439,-1.52706329386826,
1.22395833333333));
#7735=CARTESIAN_POINT('Ctrl Pts',(-1.87011317493118E-16,-1.52706329386826,
1.265625));
#7736=CARTESIAN_POINT('Ctrl Pts',(0.881650403784438,-1.52706329386826,1.30729166666666));
#7737=CARTESIAN_POINT('Ctrl Pts',(1.32247560567666,-0.763531646934133,1.34895833333333));
#7738=CARTESIAN_POINT('Ctrl Pts',(1.76330080756888,-4.43155091470828E-16,
1.390625));
#7739=CARTESIAN_POINT('Ctrl Pts',(1.32247560567666,0.763531646934131,1.43229166666666));
#7740=CARTESIAN_POINT('Ctrl Pts',(0.88165040378444,1.52706329386826,1.47395833333333));
#7741=CARTESIAN_POINT('Ctrl Pts',(0.,1.52706329386826,1.515625));
#7742=CARTESIAN_POINT('Ctrl Pts',(-0.881650403784439,1.52706329386826,1.55729166666666));
#7743=CARTESIAN_POINT('Ctrl Pts',(-1.32247560567666,0.763531646934132,1.59895833333333));
#7744=CARTESIAN_POINT('Ctrl Pts',(-1.76330080756888,-1.10472875730463E-17,
1.640625));
#7745=CARTESIAN_POINT('Ctrl Pts',(-1.32247560567666,-0.763531646934132,
1.68229166666666));
#7746=CARTESIAN_POINT('Ctrl Pts',(-0.881650403784439,-1.52706329386826,
1.72395833333333));
#7747=CARTESIAN_POINT('Ctrl Pts',(-1.87011317493118E-16,-1.52706329386826,
1.765625));
#7748=CARTESIAN_POINT('Ctrl Pts',(0.881650403784438,-1.52706329386826,1.80729166666666));
#7749=CARTESIAN_POINT('Ctrl Pts',(1.32247560567666,-0.763531646934133,1.84895833333333));
#7750=CARTESIAN_POINT('Ctrl Pts',(1.76330080756888,-4.42707759644532E-16,
1.890625));
#7751=CARTESIAN_POINT('Ctrl Pts',(1.32247560567666,0.763531646934131,1.93229166666666));
#7752=CARTESIAN_POINT('Ctrl Pts',(0.88165040378444,1.52706329386826,1.97395833333333));
#7753=CARTESIAN_POINT('Ctrl Pts',(0.,1.52706329386826,2.015625));
#7754=CARTESIAN_POINT('Ctrl Pts',(-0.881650403784439,1.52706329386826,2.05729166666666));
#7755=CARTESIAN_POINT('Ctrl Pts',(-1.32247560567666,0.763531646934132,2.09895833333333));
#7756=CARTESIAN_POINT('Ctrl Pts',(-1.76330080756888,-1.05999557467507E-17,
2.140625));
#7757=CARTESIAN_POINT('Ctrl Pts',(-1.32247560567666,-0.763531646934132,
2.18229166666666));
#7758=CARTESIAN_POINT('Ctrl Pts',(-0.881650403784439,-1.52706329386826,
2.22395833333333));
#7759=CARTESIAN_POINT('Ctrl Pts',(-1.87011317493118E-16,-1.52706329386826,
2.265625));
#7760=CARTESIAN_POINT('Ctrl Pts',(0.881650403784438,-1.52706329386826,2.30729166666666));
#7761=CARTESIAN_POINT('Ctrl Pts',(1.32247560567666,-0.763531646934133,2.34895833333333));
#7762=CARTESIAN_POINT('Ctrl Pts',(1.76330080756888,-4.42260427818237E-16,
2.390625));
#7763=CARTESIAN_POINT('Ctrl Pts',(1.32247560567666,0.763531646934131,2.43229166666666));
#7764=CARTESIAN_POINT('Ctrl Pts',(0.88165040378444,1.52706329386826,2.47395833333333));
#7765=CARTESIAN_POINT('Ctrl Pts',(0.,1.52706329386826,2.515625));
#7766=CARTESIAN_POINT('Ctrl Pts',(-0.881650403784439,1.52706329386826,2.55729166666666));
#7767=CARTESIAN_POINT('Ctrl Pts',(-1.32247560567666,0.763531646934132,2.59895833333333));
#7768=CARTESIAN_POINT('Ctrl Pts',(-1.76330080756888,-1.01526239204551E-17,
2.640625));
#7769=CARTESIAN_POINT('Ctrl Pts',(-1.32247560567666,-0.763531646934132,
2.68229166666666));
#7770=CARTESIAN_POINT('Ctrl Pts',(-0.881650403784439,-1.52706329386826,
2.72395833333333));
#7771=CARTESIAN_POINT('Ctrl Pts',(-1.87011317493118E-16,-1.52706329386826,
2.765625));
#7772=CARTESIAN_POINT('Ctrl Pts',(0.881650403784438,-1.52706329386826,2.80729166666666));
#7773=CARTESIAN_POINT('Ctrl Pts',(1.32247560567666,-0.763531646934133,2.84895833333333));
#7774=CARTESIAN_POINT('Ctrl Pts',(1.76330080756888,-4.41813095991941E-16,
2.890625));
#7775=CARTESIAN_POINT('Ctrl Pts',(1.32247560567666,0.763531646934131,2.93229166666666));
#7776=CARTESIAN_POINT('Ctrl Pts',(0.88165040378444,1.52706329386826,2.97395833333333));
#7777=CARTESIAN_POINT('Ctrl Pts',(0.,1.52706329386826,3.015625));
#7778=CARTESIAN_POINT('Ctrl Pts',(-0.881650403784439,1.52706329386826,3.05729166666666));
#7779=CARTESIAN_POINT('Ctrl Pts',(-1.32247560567666,0.763531646934132,3.09895833333333));
#7780=CARTESIAN_POINT('Ctrl Pts',(-1.76330080756888,-9.70529209415947E-18,
3.140625));
#7781=CARTESIAN_POINT('Ctrl Pts',(-1.32247560567666,-0.763531646934132,
3.18229166666666));
#7782=CARTESIAN_POINT('Ctrl Pts',(-0.881650403784439,-1.52706329386826,
3.22395833333333));
#7783=CARTESIAN_POINT('Ctrl Pts',(-1.87011317493118E-16,-1.52706329386826,
3.265625));
#7784=CARTESIAN_POINT('Ctrl Pts',(0.881650403784438,-1.52706329386826,3.30729166666666));
#7785=CARTESIAN_POINT('Ctrl Pts',(1.32247560567666,-0.763531646934133,3.34895833333333));
#7786=CARTESIAN_POINT('Ctrl Pts',(1.76330080756888,-4.41365764165645E-16,
3.390625));
#7787=CARTESIAN_POINT('Ctrl Pts',(1.32247560567666,0.763531646934131,3.43229166666666));
#7788=CARTESIAN_POINT('Ctrl Pts',(0.88165040378444,1.52706329386826,3.47395833333333));
#7789=CARTESIAN_POINT('Ctrl Pts',(0.,1.52706329386826,3.515625));
#7790=CARTESIAN_POINT('Ctrl Pts',(-0.881650403784439,1.52706329386826,3.55729166666666));
#7791=CARTESIAN_POINT('Ctrl Pts',(-1.32247560567666,0.763531646934132,3.59895833333333));
#7792=CARTESIAN_POINT('Ctrl Pts',(-1.76330080756888,-9.25796026786386E-18,
3.640625));
#7793=CARTESIAN_POINT('Ctrl Pts',(-1.32247560567666,-0.763531646934132,
3.68229166666666));
#7794=CARTESIAN_POINT('Ctrl Pts',(-0.881650403784439,-1.52706329386826,
3.72395833333333));
#7795=CARTESIAN_POINT('Ctrl Pts',(-1.87011317493118E-16,-1.52706329386826,
3.765625));
#7796=CARTESIAN_POINT('Ctrl Pts',(0.881650403784438,-1.52706329386826,3.80729166666666));
#7797=CARTESIAN_POINT('Ctrl Pts',(1.32247560567666,-0.763531646934133,3.84895833333333));
#7798=CARTESIAN_POINT('Ctrl Pts',(1.76330080756888,-4.4091843233935E-16,
3.890625));
#7799=CARTESIAN_POINT('Ctrl Pts',(1.32247560567666,0.763531646934131,3.93229166666666));
#7800=CARTESIAN_POINT('Ctrl Pts',(0.88165040378444,1.52706329386826,3.97395833333333));
#7801=CARTESIAN_POINT('Ctrl Pts',(0.,1.52706329386826,4.015625));
#7802=CARTESIAN_POINT('Ctrl Pts',(-0.881650403784439,1.52706329386826,4.05729166666666));
#7803=CARTESIAN_POINT('Ctrl Pts',(-1.32247560567666,0.763531646934132,4.09895833333333));
#7804=CARTESIAN_POINT('Ctrl Pts',(-1.76330080756888,-8.81062844156825E-18,
4.14062499999999));
#7805=CARTESIAN_POINT('Ctrl Pts',(-1.32247560567666,-0.763531646934132,
4.18229166666666));
#7806=CARTESIAN_POINT('Ctrl Pts',(-0.881650403784439,-1.52706329386826,
4.22395833333333));
#7807=CARTESIAN_POINT('Ctrl Pts',(-1.87011317493118E-16,-1.52706329386826,
4.26562499999999));
#7808=CARTESIAN_POINT('Ctrl Pts',(0.881650403784438,-1.52706329386826,4.30729166666666));
#7809=CARTESIAN_POINT('Ctrl Pts',(1.32247560567666,-0.763531646934133,4.34895833333333));
#7810=CARTESIAN_POINT('Ctrl Pts',(1.76330080756888,-4.40471100513054E-16,
4.390625));
#7811=CARTESIAN_POINT('Ctrl Pts',(1.32247560567666,0.763531646934131,4.43229166666666));
#7812=CARTESIAN_POINT('Ctrl Pts',(0.88165040378444,1.52706329386826,4.47395833333333));
#7813=CARTESIAN_POINT('Ctrl Pts',(0.,1.52706329386826,4.515625));
#7814=CARTESIAN_POINT('Ctrl Pts',(-0.881650403784439,1.52706329386826,4.55729166666666));
#7815=CARTESIAN_POINT('Ctrl Pts',(-1.32247560567666,0.763531646934132,4.59895833333333));
#7816=CARTESIAN_POINT('Ctrl Pts',(-1.76330080756888,-8.36329661527265E-18,
4.64062499999999));
#7817=CARTESIAN_POINT('Ctrl Pts',(-1.32247560567666,-0.763531646934132,
4.68229166666666));
#7818=CARTESIAN_POINT('Ctrl Pts',(-0.881650403784439,-1.52706329386826,
4.72395833333333));
#7819=CARTESIAN_POINT('Ctrl Pts',(-1.87011317493118E-16,-1.52706329386826,
4.765625));
#7820=CARTESIAN_POINT('Ctrl Pts',(0.881650403784438,-1.52706329386826,4.80729166666666));
#7821=CARTESIAN_POINT('Ctrl Pts',(1.32247560567666,-0.763531646934133,4.84895833333333));
#7822=CARTESIAN_POINT('Ctrl Pts',(1.76330080756888,-4.40023768686759E-16,
4.890625));
#7823=CARTESIAN_POINT('Ctrl Pts',(1.32247560567666,0.763531646934131,4.93229166666666));
#7824=CARTESIAN_POINT('Ctrl Pts',(0.88165040378444,1.52706329386826,4.97395833333333));
#7825=CARTESIAN_POINT('Ctrl Pts',(0.,1.52706329386826,5.015625));
#7826=CARTESIAN_POINT('Ctrl Pts',(-0.881650403784439,1.52706329386826,5.05729166666666));
#7827=CARTESIAN_POINT('Ctrl Pts',(-1.32247560567666,0.763531646934132,5.09895833333333));
#7828=CARTESIAN_POINT('Ctrl Pts',(-1.76330080756888,-7.91596478897703E-18,
5.140625));
#7829=CARTESIAN_POINT('Ctrl Pts',(-1.32247560567666,-0.763531646934132,
5.18229166666666));
#7830=CARTESIAN_POINT('Ctrl Pts',(-0.881650403784439,-1.52706329386826,
5.22395833333333));
#7831=CARTESIAN_POINT('Ctrl Pts',(-1.87011317493118E-16,-1.52706329386826,
5.265625));
#7832=CARTESIAN_POINT('Ctrl Pts',(0.881650403784438,-1.52706329386826,5.30729166666666));
#7833=CARTESIAN_POINT('Ctrl Pts',(1.32247560567666,-0.763531646934133,5.34895833333333));
#7834=CARTESIAN_POINT('Ctrl Pts',(1.76330080756888,-4.39576436860463E-16,
5.390625));
#7835=CARTESIAN_POINT('Ctrl Pts',(1.32247560567666,0.763531646934131,5.43229166666666));
#7836=CARTESIAN_POINT('Ctrl Pts',(0.88165040378444,1.52706329386826,5.47395833333333));
#7837=CARTESIAN_POINT('Ctrl Pts',(0.,1.52706329386826,5.515625));
#7838=CARTESIAN_POINT('Ctrl Pts',(-0.881650403784439,1.52706329386826,5.55729166666666));
#7839=CARTESIAN_POINT('Ctrl Pts',(-1.32247560567666,0.763531646934132,5.59895833333333));
#7840=CARTESIAN_POINT('Ctrl Pts',(-1.76330080756888,-7.46863296268142E-18,
5.640625));
#7841=CARTESIAN_POINT('Ctrl Pts',(-1.32247560567666,-0.763531646934132,
5.68229166666666));
#7842=CARTESIAN_POINT('Ctrl Pts',(-0.881650403784439,-1.52706329386826,
5.72395833333333));
#7843=CARTESIAN_POINT('Ctrl Pts',(-1.87011317493118E-16,-1.52706329386826,
5.765625));
#7844=CARTESIAN_POINT('Ctrl Pts',(0.881650403784438,-1.52706329386826,5.80729166666666));
#7845=CARTESIAN_POINT('Ctrl Pts',(1.32247560567666,-0.763531646934133,5.84895833333333));
#7846=CARTESIAN_POINT('Ctrl Pts',(1.76330080756888,-4.39129105034167E-16,
5.890625));
#7847=CARTESIAN_POINT('Ctrl Pts',(1.32247560567666,0.763531646934131,5.93229166666666));
#7848=CARTESIAN_POINT('Ctrl Pts',(0.88165040378444,1.52706329386826,5.97395833333333));
#7849=CARTESIAN_POINT('Ctrl Pts',(0.,1.52706329386826,6.015625));
#7850=CARTESIAN_POINT('Ctrl Pts',(-0.881650403784439,1.52706329386826,6.05729166666666));
#7851=CARTESIAN_POINT('Ctrl Pts',(-1.32247560567666,0.763531646934132,6.09895833333333));
#7852=CARTESIAN_POINT('Ctrl Pts',(-1.76330080756888,-7.02130113638581E-18,
6.140625));
#7853=CARTESIAN_POINT('Ctrl Pts',(-1.32247560567666,-0.763531646934132,
6.18229166666666));
#7854=CARTESIAN_POINT('Ctrl Pts',(-0.881650403784439,-1.52706329386826,
6.22395833333333));
#7855=CARTESIAN_POINT('Ctrl Pts',(-1.87011317493118E-16,-1.52706329386826,
6.265625));
#7856=CARTESIAN_POINT('Ctrl Pts',(0.881650403784438,-1.52706329386826,6.30729166666666));
#7857=CARTESIAN_POINT('Ctrl Pts',(1.32247560567666,-0.763531646934133,6.34895833333333));
#7858=CARTESIAN_POINT('Ctrl Pts',(1.76330080756888,-4.38681773207872E-16,
6.390625));
#7859=CARTESIAN_POINT('Ctrl Pts',(1.32247560567666,0.763531646934131,6.43229166666666));
#7860=CARTESIAN_POINT('Ctrl Pts',(0.88165040378444,1.52706329386826,6.47395833333333));
#7861=CARTESIAN_POINT('Ctrl Pts',(0.,1.52706329386826,6.515625));
#7862=CARTESIAN_POINT('Ctrl Pts',(-0.881650403784439,1.52706329386826,6.55729166666666));
#7863=CARTESIAN_POINT('Ctrl Pts',(-1.32247560567666,0.763531646934132,6.59895833333333));
#7864=CARTESIAN_POINT('Ctrl Pts',(-1.76330080756888,-6.5739693100902E-18,
6.640625));
#7865=CARTESIAN_POINT('Ctrl Pts',(-1.32247560567666,-0.763531646934132,
6.68229166666666));
#7866=CARTESIAN_POINT('Ctrl Pts',(-0.881650403784439,-1.52706329386826,
6.72395833333333));
#7867=CARTESIAN_POINT('Ctrl Pts',(-1.87011317493118E-16,-1.52706329386826,
6.765625));
#7868=CARTESIAN_POINT('Ctrl Pts',(0.881650403784438,-1.52706329386826,6.80729166666666));
#7869=CARTESIAN_POINT('Ctrl Pts',(1.32247560567666,-0.763531646934133,6.84895833333333));
#7870=CARTESIAN_POINT('Ctrl Pts',(1.76330080756888,-4.38234441381576E-16,
6.890625));
#7871=CARTESIAN_POINT('Ctrl Pts',(1.32247560567666,0.763531646934131,6.93229166666666));
#7872=CARTESIAN_POINT('Ctrl Pts',(0.88165040378444,1.52706329386826,6.97395833333333));
#7873=CARTESIAN_POINT('Ctrl Pts',(0.,1.52706329386826,7.01562499999999));
#7874=CARTESIAN_POINT('Ctrl Pts',(-0.881650403784439,1.52706329386826,7.05729166666666));
#7875=CARTESIAN_POINT('Ctrl Pts',(-1.32247560567666,0.763531646934132,7.09895833333333));
#7876=CARTESIAN_POINT('Ctrl Pts',(-1.76330080756888,-6.1266374837946E-18,
7.14062499999999));
#7877=CARTESIAN_POINT('Ctrl Pts',(-1.32247560567666,-0.763531646934132,
7.18229166666666));
#7878=CARTESIAN_POINT('Ctrl Pts',(-0.881650403784439,-1.52706329386826,
7.22395833333333));
#7879=CARTESIAN_POINT('Ctrl Pts',(-1.87011317493118E-16,-1.52706329386826,
7.26562499999999));
#7880=CARTESIAN_POINT('Ctrl Pts',(0.881650403784438,-1.52706329386826,7.30729166666666));
#7881=CARTESIAN_POINT('Ctrl Pts',(1.32247560567666,-0.763531646934133,7.34895833333333));
#7882=CARTESIAN_POINT('Ctrl Pts',(1.76330080756888,-4.37787109555281E-16,
7.39062499999999));
#7883=CARTESIAN_POINT('Ctrl Pts',(1.32247560567666,0.763531646934131,7.43229166666666));
#7884=CARTESIAN_POINT('Ctrl Pts',(0.88165040378444,1.52706329386826,7.47395833333333));
#7885=CARTESIAN_POINT('Ctrl Pts',(0.,1.52706329386826,7.51562499999999));
#7886=CARTESIAN_POINT('Ctrl Pts',(-0.881650403784439,1.52706329386826,7.55729166666666));
#7887=CARTESIAN_POINT('Ctrl Pts',(-1.32247560567666,0.763531646934132,7.59895833333333));
#7888=CARTESIAN_POINT('Ctrl Pts',(-1.76330080756888,-5.67930565749899E-18,
7.64062499999999));
#7889=CARTESIAN_POINT('Ctrl Pts',(-1.32247560567666,-0.763531646934132,
7.68229166666666));
#7890=CARTESIAN_POINT('Ctrl Pts',(-0.881650403784439,-1.52706329386826,
7.72395833333333));
#7891=CARTESIAN_POINT('Ctrl Pts',(-1.87011317493118E-16,-1.52706329386826,
7.76562499999999));
#7892=CARTESIAN_POINT('Ctrl Pts',(0.881650403784438,-1.52706329386826,7.80729166666666));
#7893=CARTESIAN_POINT('Ctrl Pts',(1.32247560567666,-0.763531646934133,7.84895833333333));
#7894=CARTESIAN_POINT('Ctrl Pts',(1.76330080756888,-4.37339777728985E-16,
7.89062499999999));
#7895=CARTESIAN_POINT('Ctrl Pts',(1.32247560567666,0.763531646934131,7.93229166666666));
#7896=CARTESIAN_POINT('Ctrl Pts',(0.88165040378444,1.52706329386826,7.97395833333333));
#7897=CARTESIAN_POINT('Ctrl Pts',(0.,1.52706329386826,8.01562499999999));
#7898=CARTESIAN_POINT('Ctrl Pts',(-0.881650403784439,1.52706329386826,8.05729166666666));
#7899=CARTESIAN_POINT('Ctrl Pts',(-1.32247560567666,0.763531646934132,8.09895833333333));
#7900=CARTESIAN_POINT('Ctrl Pts',(-1.76330080756888,-5.23197383120338E-18,
8.14062499999999));
#7901=CARTESIAN_POINT('Ctrl Pts',(-1.32247560567666,-0.763531646934132,
8.18229166666666));
#7902=CARTESIAN_POINT('Ctrl Pts',(-0.881650403784439,-1.52706329386826,
8.22395833333333));
#7903=CARTESIAN_POINT('Ctrl Pts',(-1.87011317493118E-16,-1.52706329386826,
8.26562499999999));
#7904=CARTESIAN_POINT('Ctrl Pts',(0.881650403784438,-1.52706329386826,8.30729166666666));
#7905=CARTESIAN_POINT('Ctrl Pts',(1.32247560567666,-0.763531646934133,8.34895833333333));
#7906=CARTESIAN_POINT('Ctrl Pts',(1.76330080756888,-4.36892445902689E-16,
8.39062499999999));
#7907=CARTESIAN_POINT('Ctrl Pts',(1.32247560567666,0.763531646934131,8.43229166666666));
#7908=CARTESIAN_POINT('Ctrl Pts',(0.88165040378444,1.52706329386826,8.47395833333333));
#7909=CARTESIAN_POINT('Ctrl Pts',(0.,1.52706329386826,8.515625));
#7910=CARTESIAN_POINT('Ctrl Pts',(-0.881650403784439,1.52706329386826,8.55729166666666));
#7911=CARTESIAN_POINT('Ctrl Pts',(-1.32247560567666,0.763531646934132,8.59895833333333));
#7912=CARTESIAN_POINT('Ctrl Pts',(-1.76330080756888,-4.78464200490777E-18,
8.64062499999999));
#7913=CARTESIAN_POINT('Ctrl Pts',(-1.32247560567666,-0.763531646934132,
8.68229166666666));
#7914=CARTESIAN_POINT('Ctrl Pts',(-0.881650403784439,-1.52706329386826,
8.72395833333333));
#7915=CARTESIAN_POINT('Ctrl Pts',(-1.87011317493118E-16,-1.52706329386826,
8.765625));
#7916=CARTESIAN_POINT('Ctrl Pts',(0.881650403784438,-1.52706329386826,8.80729166666666));
#7917=CARTESIAN_POINT('Ctrl Pts',(1.32247560567666,-0.763531646934133,8.84895833333333));
#7918=CARTESIAN_POINT('Ctrl Pts',(1.76330080756888,-4.36445114076394E-16,
8.89062499999999));
#7919=CARTESIAN_POINT('Ctrl Pts',(1.32247560567666,0.763531646934131,8.93229166666666));
#7920=CARTESIAN_POINT('Ctrl Pts',(0.88165040378444,1.52706329386826,8.97395833333333));
#7921=CARTESIAN_POINT('Ctrl Pts',(0.,1.52706329386826,9.015625));
#7922=CARTESIAN_POINT('Ctrl Pts',(-0.881650403784439,1.52706329386826,9.05729166666666));
#7923=CARTESIAN_POINT('Ctrl Pts',(-1.32247560567666,0.763531646934132,9.09895833333333));
#7924=CARTESIAN_POINT('Ctrl Pts',(-1.76330080756888,-4.33731017861216E-18,
9.140625));
#7925=CARTESIAN_POINT('Ctrl Pts',(-1.32247560567666,-0.763531646934132,
9.18229166666666));
#7926=CARTESIAN_POINT('Ctrl Pts',(-0.881650403784439,-1.52706329386826,
9.22395833333333));
#7927=CARTESIAN_POINT('Ctrl Pts',(-1.87011317493118E-16,-1.52706329386826,
9.265625));
#7928=CARTESIAN_POINT('Ctrl Pts',(0.881650403784438,-1.52706329386826,9.30729166666666));
#7929=CARTESIAN_POINT('Ctrl Pts',(1.32247560567666,-0.763531646934133,9.34895833333333));
#7930=CARTESIAN_POINT('Ctrl Pts',(1.76330080756888,-4.35997782250098E-16,
9.390625));
#7931=CARTESIAN_POINT('Ctrl Pts',(1.32247560567666,0.763531646934131,9.43229166666666));
#7932=CARTESIAN_POINT('Ctrl Pts',(0.88165040378444,1.52706329386826,9.47395833333333));
#7933=CARTESIAN_POINT('Ctrl Pts',(0.,1.52706329386826,9.515625));
#7934=CARTESIAN_POINT('Ctrl Pts',(-0.881650403784439,1.52706329386826,9.55729166666666));
#7935=CARTESIAN_POINT('Ctrl Pts',(-1.32247560567666,0.763531646934132,9.59895833333333));
#7936=CARTESIAN_POINT('Ctrl Pts',(-1.76330080756888,-3.88997835231655E-18,
9.640625));
#7937=CARTESIAN_POINT('Ctrl Pts',(-1.32247560567666,-0.763531646934132,
9.68229166666666));
#7938=CARTESIAN_POINT('Ctrl Pts',(-0.881650403784439,-1.52706329386826,
9.72395833333333));
#7939=CARTESIAN_POINT('Ctrl Pts',(-1.87011317493118E-16,-1.52706329386826,
9.765625));
#7940=CARTESIAN_POINT('Ctrl Pts',(0.881650403784438,-1.52706329386826,9.80729166666666));
#7941=CARTESIAN_POINT('Ctrl Pts',(1.32247560567666,-0.763531646934133,9.84895833333333));
#7942=CARTESIAN_POINT('Ctrl Pts',(1.76330080756888,-4.35550450423802E-16,
9.890625));
#7943=CARTESIAN_POINT('Ctrl Pts',(1.32247560567666,0.763531646934131,9.93229166666666));
#7944=CARTESIAN_POINT('Ctrl Pts',(0.88165040378444,1.52706329386826,9.97395833333333));
#7945=CARTESIAN_POINT('Ctrl Pts',(0.,1.52706329386826,10.015625));
#7946=CARTESIAN_POINT('Ctrl Pts',(0.,1.17523431323418,-10.1875035566778));
#7947=CARTESIAN_POINT('Ctrl Pts',(-0.67852184710664,1.17523431323418,-10.1458368900111));
#7948=CARTESIAN_POINT('Ctrl Pts',(-1.01778277065996,0.587617156617091,-10.1041702233445));
#7949=CARTESIAN_POINT('Ctrl Pts',(-1.35704369421328,-4.63937249893971E-17,
-10.0625035566778));
#7950=CARTESIAN_POINT('Ctrl Pts',(-1.01778277065996,-0.587617156617091,
-10.0208368900111));
#7951=CARTESIAN_POINT('Ctrl Pts',(-0.67852184710664,-1.17523431323418,-9.97917022334448));
#7952=CARTESIAN_POINT('Ctrl Pts',(-1.43924693995038E-16,-1.17523431323418,
-9.93750355667781));
#7953=CARTESIAN_POINT('Ctrl Pts',(0.678521847106639,-1.17523431323418,-9.89583689001114));
#7954=CARTESIAN_POINT('Ctrl Pts',(1.01778277065996,-0.587617156617092,-9.85417022334448));
#7955=CARTESIAN_POINT('Ctrl Pts',(1.35704369421328,-3.78549902360528E-16,
-9.81250355667781));
#7956=CARTESIAN_POINT('Ctrl Pts',(1.01778277065996,0.58761715661709,-9.77083689001114));
#7957=CARTESIAN_POINT('Ctrl Pts',(0.678521847106641,1.17523431323418,-9.72917022334448));
#7958=CARTESIAN_POINT('Ctrl Pts',(0.,1.17523431323418,-9.68750355667781));
#7959=CARTESIAN_POINT('Ctrl Pts',(-0.67852184710664,1.17523431323418,-9.64583689001114));
#7960=CARTESIAN_POINT('Ctrl Pts',(-1.01778277065996,0.587617156617091,-9.60417022334448));
#7961=CARTESIAN_POINT('Ctrl Pts',(-1.35704369421328,-4.59463931631015E-17,
-9.56250355667781));
#7962=CARTESIAN_POINT('Ctrl Pts',(-1.01778277065996,-0.587617156617091,
-9.52083689001114));
#7963=CARTESIAN_POINT('Ctrl Pts',(-0.67852184710664,-1.17523431323418,-9.47917022334448));
#7964=CARTESIAN_POINT('Ctrl Pts',(-1.43924693995038E-16,-1.17523431323418,
-9.43750355667781));
#7965=CARTESIAN_POINT('Ctrl Pts',(0.678521847106639,-1.17523431323418,-9.39583689001114));
#7966=CARTESIAN_POINT('Ctrl Pts',(1.01778277065996,-0.587617156617092,-9.35417022334448));
#7967=CARTESIAN_POINT('Ctrl Pts',(1.35704369421328,-3.78102570534232E-16,
-9.31250355667781));
#7968=CARTESIAN_POINT('Ctrl Pts',(1.01778277065996,0.58761715661709,-9.27083689001114));
#7969=CARTESIAN_POINT('Ctrl Pts',(0.678521847106641,1.17523431323418,-9.22917022334448));
#7970=CARTESIAN_POINT('Ctrl Pts',(0.,1.17523431323418,-9.18750355667781));
#7971=CARTESIAN_POINT('Ctrl Pts',(-0.67852184710664,1.17523431323418,-9.14583689001114));
#7972=CARTESIAN_POINT('Ctrl Pts',(-1.01778277065996,0.587617156617091,-9.10417022334448));
#7973=CARTESIAN_POINT('Ctrl Pts',(-1.35704369421328,-4.54990613368059E-17,
-9.06250355667781));
#7974=CARTESIAN_POINT('Ctrl Pts',(-1.01778277065996,-0.587617156617091,
-9.02083689001114));
#7975=CARTESIAN_POINT('Ctrl Pts',(-0.67852184710664,-1.17523431323418,-8.97917022334448));
#7976=CARTESIAN_POINT('Ctrl Pts',(-1.43924693995038E-16,-1.17523431323418,
-8.93750355667781));
#7977=CARTESIAN_POINT('Ctrl Pts',(0.678521847106639,-1.17523431323418,-8.89583689001114));
#7978=CARTESIAN_POINT('Ctrl Pts',(1.01778277065996,-0.587617156617092,-8.85417022334448));
#7979=CARTESIAN_POINT('Ctrl Pts',(1.35704369421328,-3.77655238707937E-16,
-8.81250355667781));
#7980=CARTESIAN_POINT('Ctrl Pts',(1.01778277065996,0.58761715661709,-8.77083689001114));
#7981=CARTESIAN_POINT('Ctrl Pts',(0.678521847106641,1.17523431323418,-8.72917022334448));
#7982=CARTESIAN_POINT('Ctrl Pts',(0.,1.17523431323418,-8.68750355667781));
#7983=CARTESIAN_POINT('Ctrl Pts',(-0.67852184710664,1.17523431323418,-8.64583689001114));
#7984=CARTESIAN_POINT('Ctrl Pts',(-1.01778277065996,0.587617156617091,-8.60417022334448));
#7985=CARTESIAN_POINT('Ctrl Pts',(-1.35704369421328,-4.50517295105103E-17,
-8.56250355667781));
#7986=CARTESIAN_POINT('Ctrl Pts',(-1.01778277065996,-0.587617156617091,
-8.52083689001114));
#7987=CARTESIAN_POINT('Ctrl Pts',(-0.67852184710664,-1.17523431323418,-8.47917022334448));
#7988=CARTESIAN_POINT('Ctrl Pts',(-1.43924693995038E-16,-1.17523431323418,
-8.43750355667781));
#7989=CARTESIAN_POINT('Ctrl Pts',(0.678521847106639,-1.17523431323418,-8.39583689001114));
#7990=CARTESIAN_POINT('Ctrl Pts',(1.01778277065996,-0.587617156617092,-8.35417022334448));
#7991=CARTESIAN_POINT('Ctrl Pts',(1.35704369421328,-3.77207906881641E-16,
-8.31250355667781));
#7992=CARTESIAN_POINT('Ctrl Pts',(1.01778277065996,0.58761715661709,-8.27083689001114));
#7993=CARTESIAN_POINT('Ctrl Pts',(0.678521847106641,1.17523431323418,-8.22917022334448));
#7994=CARTESIAN_POINT('Ctrl Pts',(0.,1.17523431323418,-8.18750355667781));
#7995=CARTESIAN_POINT('Ctrl Pts',(-0.67852184710664,1.17523431323418,-8.14583689001114));
#7996=CARTESIAN_POINT('Ctrl Pts',(-1.01778277065996,0.587617156617091,-8.10417022334448));
#7997=CARTESIAN_POINT('Ctrl Pts',(-1.35704369421328,-4.46043976842147E-17,
-8.06250355667781));
#7998=CARTESIAN_POINT('Ctrl Pts',(-1.01778277065996,-0.587617156617091,
-8.02083689001114));
#7999=CARTESIAN_POINT('Ctrl Pts',(-0.67852184710664,-1.17523431323418,-7.97917022334448));
#8000=CARTESIAN_POINT('Ctrl Pts',(-1.43924693995038E-16,-1.17523431323418,
-7.93750355667781));
#8001=CARTESIAN_POINT('Ctrl Pts',(0.678521847106639,-1.17523431323418,-7.89583689001114));
#8002=CARTESIAN_POINT('Ctrl Pts',(1.01778277065996,-0.587617156617092,-7.85417022334448));
#8003=CARTESIAN_POINT('Ctrl Pts',(1.35704369421328,-3.76760575055345E-16,
-7.81250355667781));
#8004=CARTESIAN_POINT('Ctrl Pts',(1.01778277065996,0.58761715661709,-7.77083689001114));
#8005=CARTESIAN_POINT('Ctrl Pts',(0.678521847106641,1.17523431323418,-7.72917022334448));
#8006=CARTESIAN_POINT('Ctrl Pts',(0.,1.17523431323418,-7.68750355667781));
#8007=CARTESIAN_POINT('Ctrl Pts',(-0.67852184710664,1.17523431323418,-7.64583689001114));
#8008=CARTESIAN_POINT('Ctrl Pts',(-1.01778277065996,0.587617156617091,-7.60417022334448));
#8009=CARTESIAN_POINT('Ctrl Pts',(-1.35704369421328,-4.41570658579191E-17,
-7.56250355667781));
#8010=CARTESIAN_POINT('Ctrl Pts',(-1.01778277065996,-0.587617156617091,
-7.52083689001114));
#8011=CARTESIAN_POINT('Ctrl Pts',(-0.67852184710664,-1.17523431323418,-7.47917022334447));
#8012=CARTESIAN_POINT('Ctrl Pts',(-1.43924693995038E-16,-1.17523431323418,
-7.43750355667781));
#8013=CARTESIAN_POINT('Ctrl Pts',(0.678521847106639,-1.17523431323418,-7.39583689001114));
#8014=CARTESIAN_POINT('Ctrl Pts',(1.01778277065996,-0.587617156617092,-7.35417022334448));
#8015=CARTESIAN_POINT('Ctrl Pts',(1.35704369421328,-3.7631324322905E-16,
-7.31250355667781));
#8016=CARTESIAN_POINT('Ctrl Pts',(1.01778277065996,0.58761715661709,-7.27083689001114));
#8017=CARTESIAN_POINT('Ctrl Pts',(0.678521847106641,1.17523431323418,-7.22917022334448));
#8018=CARTESIAN_POINT('Ctrl Pts',(0.,1.17523431323418,-7.18750355667781));
#8019=CARTESIAN_POINT('Ctrl Pts',(-0.67852184710664,1.17523431323418,-7.14583689001114));
#8020=CARTESIAN_POINT('Ctrl Pts',(-1.01778277065996,0.587617156617091,-7.10417022334448));
#8021=CARTESIAN_POINT('Ctrl Pts',(-1.35704369421328,-4.37097340316234E-17,
-7.06250355667781));
#8022=CARTESIAN_POINT('Ctrl Pts',(-1.01778277065996,-0.587617156617091,
-7.02083689001114));
#8023=CARTESIAN_POINT('Ctrl Pts',(-0.67852184710664,-1.17523431323418,-6.97917022334448));
#8024=CARTESIAN_POINT('Ctrl Pts',(-1.43924693995038E-16,-1.17523431323418,
-6.93750355667781));
#8025=CARTESIAN_POINT('Ctrl Pts',(0.678521847106639,-1.17523431323418,-6.89583689001114));
#8026=CARTESIAN_POINT('Ctrl Pts',(1.01778277065996,-0.587617156617092,-6.85417022334448));
#8027=CARTESIAN_POINT('Ctrl Pts',(1.35704369421328,-3.75865911402754E-16,
-6.81250355667781));
#8028=CARTESIAN_POINT('Ctrl Pts',(1.01778277065996,0.58761715661709,-6.77083689001114));
#8029=CARTESIAN_POINT('Ctrl Pts',(0.678521847106641,1.17523431323418,-6.72917022334448));
#8030=CARTESIAN_POINT('Ctrl Pts',(0.,1.17523431323418,-6.68750355667781));
#8031=CARTESIAN_POINT('Ctrl Pts',(-0.67852184710664,1.17523431323418,-6.64583689001114));
#8032=CARTESIAN_POINT('Ctrl Pts',(-1.01778277065996,0.587617156617091,-6.60417022334448));
#8033=CARTESIAN_POINT('Ctrl Pts',(-1.35704369421328,-4.32624022053278E-17,
-6.56250355667781));
#8034=CARTESIAN_POINT('Ctrl Pts',(-1.01778277065996,-0.587617156617091,
-6.52083689001114));
#8035=CARTESIAN_POINT('Ctrl Pts',(-0.67852184710664,-1.17523431323418,-6.47917022334448));
#8036=CARTESIAN_POINT('Ctrl Pts',(-1.43924693995038E-16,-1.17523431323418,
-6.43750355667781));
#8037=CARTESIAN_POINT('Ctrl Pts',(0.678521847106639,-1.17523431323418,-6.39583689001114));
#8038=CARTESIAN_POINT('Ctrl Pts',(1.01778277065996,-0.587617156617092,-6.35417022334448));
#8039=CARTESIAN_POINT('Ctrl Pts',(1.35704369421328,-3.75418579576459E-16,
-6.31250355667781));
#8040=CARTESIAN_POINT('Ctrl Pts',(1.01778277065996,0.58761715661709,-6.27083689001114));
#8041=CARTESIAN_POINT('Ctrl Pts',(0.678521847106641,1.17523431323418,-6.22917022334448));
#8042=CARTESIAN_POINT('Ctrl Pts',(0.,1.17523431323418,-6.18750355667781));
#8043=CARTESIAN_POINT('Ctrl Pts',(-0.67852184710664,1.17523431323418,-6.14583689001114));
#8044=CARTESIAN_POINT('Ctrl Pts',(-1.01778277065996,0.587617156617091,-6.10417022334448));
#8045=CARTESIAN_POINT('Ctrl Pts',(-1.35704369421328,-4.28150703790322E-17,
-6.06250355667781));
#8046=CARTESIAN_POINT('Ctrl Pts',(-1.01778277065996,-0.587617156617091,
-6.02083689001114));
#8047=CARTESIAN_POINT('Ctrl Pts',(-0.67852184710664,-1.17523431323418,-5.97917022334448));
#8048=CARTESIAN_POINT('Ctrl Pts',(-1.43924693995038E-16,-1.17523431323418,
-5.93750355667781));
#8049=CARTESIAN_POINT('Ctrl Pts',(0.678521847106639,-1.17523431323418,-5.89583689001114));
#8050=CARTESIAN_POINT('Ctrl Pts',(1.01778277065996,-0.587617156617092,-5.85417022334448));
#8051=CARTESIAN_POINT('Ctrl Pts',(1.35704369421328,-3.74971247750163E-16,
-5.81250355667781));
#8052=CARTESIAN_POINT('Ctrl Pts',(1.01778277065996,0.58761715661709,-5.77083689001114));
#8053=CARTESIAN_POINT('Ctrl Pts',(0.678521847106641,1.17523431323418,-5.72917022334448));
#8054=CARTESIAN_POINT('Ctrl Pts',(0.,1.17523431323418,-5.68750355667781));
#8055=CARTESIAN_POINT('Ctrl Pts',(-0.67852184710664,1.17523431323418,-5.64583689001114));
#8056=CARTESIAN_POINT('Ctrl Pts',(-1.01778277065996,0.587617156617091,-5.60417022334448));
#8057=CARTESIAN_POINT('Ctrl Pts',(-1.35704369421328,-4.23677385527366E-17,
-5.56250355667781));
#8058=CARTESIAN_POINT('Ctrl Pts',(-1.01778277065996,-0.587617156617091,
-5.52083689001114));
#8059=CARTESIAN_POINT('Ctrl Pts',(-0.67852184710664,-1.17523431323418,-5.47917022334448));
#8060=CARTESIAN_POINT('Ctrl Pts',(-1.43924693995038E-16,-1.17523431323418,
-5.43750355667781));
#8061=CARTESIAN_POINT('Ctrl Pts',(0.678521847106639,-1.17523431323418,-5.39583689001114));
#8062=CARTESIAN_POINT('Ctrl Pts',(1.01778277065996,-0.587617156617092,-5.35417022334448));
#8063=CARTESIAN_POINT('Ctrl Pts',(1.35704369421328,-3.74523915923867E-16,
-5.31250355667781));
#8064=CARTESIAN_POINT('Ctrl Pts',(1.01778277065996,0.58761715661709,-5.27083689001114));
#8065=CARTESIAN_POINT('Ctrl Pts',(0.678521847106641,1.17523431323418,-5.22917022334448));
#8066=CARTESIAN_POINT('Ctrl Pts',(0.,1.17523431323418,-5.18750355667781));
#8067=CARTESIAN_POINT('Ctrl Pts',(-0.67852184710664,1.17523431323418,-5.14583689001114));
#8068=CARTESIAN_POINT('Ctrl Pts',(-1.01778277065996,0.587617156617091,-5.10417022334448));
#8069=CARTESIAN_POINT('Ctrl Pts',(-1.35704369421328,-4.1920406726441E-17,
-5.06250355667781));
#8070=CARTESIAN_POINT('Ctrl Pts',(-1.01778277065996,-0.587617156617091,
-5.02083689001114));
#8071=CARTESIAN_POINT('Ctrl Pts',(-0.67852184710664,-1.17523431323418,-4.97917022334448));
#8072=CARTESIAN_POINT('Ctrl Pts',(-1.43924693995038E-16,-1.17523431323418,
-4.93750355667781));
#8073=CARTESIAN_POINT('Ctrl Pts',(0.678521847106639,-1.17523431323418,-4.89583689001114));
#8074=CARTESIAN_POINT('Ctrl Pts',(1.01778277065996,-0.587617156617092,-4.85417022334448));
#8075=CARTESIAN_POINT('Ctrl Pts',(1.35704369421328,-3.74076584097572E-16,
-4.81250355667781));
#8076=CARTESIAN_POINT('Ctrl Pts',(1.01778277065996,0.58761715661709,-4.77083689001114));
#8077=CARTESIAN_POINT('Ctrl Pts',(0.678521847106641,1.17523431323418,-4.72917022334448));
#8078=CARTESIAN_POINT('Ctrl Pts',(0.,1.17523431323418,-4.68750355667781));
#8079=CARTESIAN_POINT('Ctrl Pts',(-0.67852184710664,1.17523431323418,-4.64583689001114));
#8080=CARTESIAN_POINT('Ctrl Pts',(-1.01778277065996,0.587617156617091,-4.60417022334448));
#8081=CARTESIAN_POINT('Ctrl Pts',(-1.35704369421328,-4.14730749001454E-17,
-4.56250355667781));
#8082=CARTESIAN_POINT('Ctrl Pts',(-1.01778277065996,-0.587617156617091,
-4.52083689001114));
#8083=CARTESIAN_POINT('Ctrl Pts',(-0.67852184710664,-1.17523431323418,-4.47917022334448));
#8084=CARTESIAN_POINT('Ctrl Pts',(-1.43924693995038E-16,-1.17523431323418,
-4.43750355667781));
#8085=CARTESIAN_POINT('Ctrl Pts',(0.678521847106639,-1.17523431323418,-4.39583689001114));
#8086=CARTESIAN_POINT('Ctrl Pts',(1.01778277065996,-0.587617156617092,-4.35417022334448));
#8087=CARTESIAN_POINT('Ctrl Pts',(1.35704369421328,-3.73629252271276E-16,
-4.31250355667781));
#8088=CARTESIAN_POINT('Ctrl Pts',(1.01778277065996,0.58761715661709,-4.27083689001114));
#8089=CARTESIAN_POINT('Ctrl Pts',(0.678521847106641,1.17523431323418,-4.22917022334448));
#8090=CARTESIAN_POINT('Ctrl Pts',(0.,1.17523431323418,-4.18750355667781));
#8091=CARTESIAN_POINT('Ctrl Pts',(-0.67852184710664,1.17523431323418,-4.14583689001114));
#8092=CARTESIAN_POINT('Ctrl Pts',(-1.01778277065996,0.587617156617091,-4.10417022334448));
#8093=CARTESIAN_POINT('Ctrl Pts',(-1.35704369421328,-4.10257430738498E-17,
-4.06250355667781));
#8094=CARTESIAN_POINT('Ctrl Pts',(-1.01778277065996,-0.587617156617091,
-4.02083689001114));
#8095=CARTESIAN_POINT('Ctrl Pts',(-0.67852184710664,-1.17523431323418,-3.97917022334448));
#8096=CARTESIAN_POINT('Ctrl Pts',(-1.43924693995038E-16,-1.17523431323418,
-3.93750355667781));
#8097=CARTESIAN_POINT('Ctrl Pts',(0.678521847106639,-1.17523431323418,-3.89583689001114));
#8098=CARTESIAN_POINT('Ctrl Pts',(1.01778277065996,-0.587617156617092,-3.85417022334448));
#8099=CARTESIAN_POINT('Ctrl Pts',(1.35704369421328,-3.7318192044498E-16,
-3.81250355667781));
#8100=CARTESIAN_POINT('Ctrl Pts',(1.01778277065996,0.58761715661709,-3.77083689001114));
#8101=CARTESIAN_POINT('Ctrl Pts',(0.678521847106641,1.17523431323418,-3.72917022334448));
#8102=CARTESIAN_POINT('Ctrl Pts',(0.,1.17523431323418,-3.68750355667781));
#8103=CARTESIAN_POINT('Ctrl Pts',(-0.67852184710664,1.17523431323418,-3.64583689001114));
#8104=CARTESIAN_POINT('Ctrl Pts',(-1.01778277065996,0.587617156617091,-3.60417022334448));
#8105=CARTESIAN_POINT('Ctrl Pts',(-1.35704369421328,-4.05784112475542E-17,
-3.56250355667781));
#8106=CARTESIAN_POINT('Ctrl Pts',(-1.01778277065996,-0.587617156617091,
-3.52083689001114));
#8107=CARTESIAN_POINT('Ctrl Pts',(-0.67852184710664,-1.17523431323418,-3.47917022334448));
#8108=CARTESIAN_POINT('Ctrl Pts',(-1.43924693995038E-16,-1.17523431323418,
-3.43750355667781));
#8109=CARTESIAN_POINT('Ctrl Pts',(0.678521847106639,-1.17523431323418,-3.39583689001114));
#8110=CARTESIAN_POINT('Ctrl Pts',(1.01778277065996,-0.587617156617092,-3.35417022334448));
#8111=CARTESIAN_POINT('Ctrl Pts',(1.35704369421328,-3.72734588618685E-16,
-3.31250355667781));
#8112=CARTESIAN_POINT('Ctrl Pts',(1.01778277065996,0.58761715661709,-3.27083689001114));
#8113=CARTESIAN_POINT('Ctrl Pts',(0.678521847106641,1.17523431323418,-3.22917022334448));
#8114=CARTESIAN_POINT('Ctrl Pts',(0.,1.17523431323418,-3.18750355667781));
#8115=CARTESIAN_POINT('Ctrl Pts',(-0.67852184710664,1.17523431323418,-3.14583689001114));
#8116=CARTESIAN_POINT('Ctrl Pts',(-1.01778277065996,0.587617156617091,-3.10417022334448));
#8117=CARTESIAN_POINT('Ctrl Pts',(-1.35704369421328,-4.01310794212586E-17,
-3.06250355667781));
#8118=CARTESIAN_POINT('Ctrl Pts',(-1.01778277065996,-0.587617156617091,
-3.02083689001114));
#8119=CARTESIAN_POINT('Ctrl Pts',(-0.67852184710664,-1.17523431323418,-2.97917022334448));
#8120=CARTESIAN_POINT('Ctrl Pts',(-1.43924693995038E-16,-1.17523431323418,
-2.93750355667781));
#8121=CARTESIAN_POINT('Ctrl Pts',(0.678521847106639,-1.17523431323418,-2.89583689001114));
#8122=CARTESIAN_POINT('Ctrl Pts',(1.01778277065996,-0.587617156617092,-2.85417022334448));
#8123=CARTESIAN_POINT('Ctrl Pts',(1.35704369421328,-3.72287256792389E-16,
-2.81250355667781));
#8124=CARTESIAN_POINT('Ctrl Pts',(1.01778277065996,0.58761715661709,-2.77083689001114));
#8125=CARTESIAN_POINT('Ctrl Pts',(0.678521847106641,1.17523431323418,-2.72917022334448));
#8126=CARTESIAN_POINT('Ctrl Pts',(0.,1.17523431323418,-2.68750355667781));
#8127=CARTESIAN_POINT('Ctrl Pts',(-0.67852184710664,1.17523431323418,-2.64583689001114));
#8128=CARTESIAN_POINT('Ctrl Pts',(-1.01778277065996,0.587617156617091,-2.60417022334448));
#8129=CARTESIAN_POINT('Ctrl Pts',(-1.35704369421328,-3.9683747594963E-17,
-2.56250355667781));
#8130=CARTESIAN_POINT('Ctrl Pts',(-1.01778277065996,-0.587617156617091,
-2.52083689001114));
#8131=CARTESIAN_POINT('Ctrl Pts',(-0.67852184710664,-1.17523431323418,-2.47917022334448));
#8132=CARTESIAN_POINT('Ctrl Pts',(-1.43924693995038E-16,-1.17523431323418,
-2.43750355667781));
#8133=CARTESIAN_POINT('Ctrl Pts',(0.678521847106639,-1.17523431323418,-2.39583689001114));
#8134=CARTESIAN_POINT('Ctrl Pts',(1.01778277065996,-0.587617156617092,-2.35417022334448));
#8135=CARTESIAN_POINT('Ctrl Pts',(1.35704369421328,-3.71839924966094E-16,
-2.31250355667781));
#8136=CARTESIAN_POINT('Ctrl Pts',(1.01778277065996,0.58761715661709,-2.27083689001114));
#8137=CARTESIAN_POINT('Ctrl Pts',(0.678521847106641,1.17523431323418,-2.22917022334448));
#8138=CARTESIAN_POINT('Ctrl Pts',(0.,1.17523431323418,-2.18750355667781));
#8139=CARTESIAN_POINT('Ctrl Pts',(-0.67852184710664,1.17523431323418,-2.14583689001114));
#8140=CARTESIAN_POINT('Ctrl Pts',(-1.01778277065996,0.587617156617091,-2.10417022334448));
#8141=CARTESIAN_POINT('Ctrl Pts',(-1.35704369421328,-3.92364157686673E-17,
-2.06250355667781));
#8142=CARTESIAN_POINT('Ctrl Pts',(-1.01778277065996,-0.587617156617091,
-2.02083689001114));
#8143=CARTESIAN_POINT('Ctrl Pts',(-0.67852184710664,-1.17523431323418,-1.97917022334448));
#8144=CARTESIAN_POINT('Ctrl Pts',(-1.43924693995038E-16,-1.17523431323418,
-1.93750355667781));
#8145=CARTESIAN_POINT('Ctrl Pts',(0.678521847106639,-1.17523431323418,-1.89583689001114));
#8146=CARTESIAN_POINT('Ctrl Pts',(1.01778277065996,-0.587617156617092,-1.85417022334448));
#8147=CARTESIAN_POINT('Ctrl Pts',(1.35704369421328,-3.71392593139798E-16,
-1.81250355667781));
#8148=CARTESIAN_POINT('Ctrl Pts',(1.01778277065996,0.58761715661709,-1.77083689001114));
#8149=CARTESIAN_POINT('Ctrl Pts',(0.678521847106641,1.17523431323418,-1.72917022334448));
#8150=CARTESIAN_POINT('Ctrl Pts',(0.,1.17523431323418,-1.68750355667781));
#8151=CARTESIAN_POINT('Ctrl Pts',(-0.67852184710664,1.17523431323418,-1.64583689001114));
#8152=CARTESIAN_POINT('Ctrl Pts',(-1.01778277065996,0.587617156617091,-1.60417022334448));
#8153=CARTESIAN_POINT('Ctrl Pts',(-1.35704369421328,-3.87890839423717E-17,
-1.56250355667781));
#8154=CARTESIAN_POINT('Ctrl Pts',(-1.01778277065996,-0.587617156617091,
-1.52083689001114));
#8155=CARTESIAN_POINT('Ctrl Pts',(-0.67852184710664,-1.17523431323418,-1.47917022334448));
#8156=CARTESIAN_POINT('Ctrl Pts',(-1.43924693995038E-16,-1.17523431323418,
-1.43750355667781));
#8157=CARTESIAN_POINT('Ctrl Pts',(0.678521847106639,-1.17523431323418,-1.39583689001114));
#8158=CARTESIAN_POINT('Ctrl Pts',(1.01778277065996,-0.587617156617092,-1.35417022334448));
#8159=CARTESIAN_POINT('Ctrl Pts',(1.35704369421328,-3.70945261313502E-16,
-1.31250355667781));
#8160=CARTESIAN_POINT('Ctrl Pts',(1.01778277065996,0.58761715661709,-1.27083689001114));
#8161=CARTESIAN_POINT('Ctrl Pts',(0.678521847106641,1.17523431323418,-1.22917022334448));
#8162=CARTESIAN_POINT('Ctrl Pts',(0.,1.17523431323418,-1.18750355667781));
#8163=CARTESIAN_POINT('Ctrl Pts',(-0.67852184710664,1.17523431323418,-1.14583689001114));
#8164=CARTESIAN_POINT('Ctrl Pts',(-1.01778277065996,0.587617156617091,-1.10417022334448));
#8165=CARTESIAN_POINT('Ctrl Pts',(-1.35704369421328,-3.83417521160761E-17,
-1.06250355667781));
#8166=CARTESIAN_POINT('Ctrl Pts',(-1.01778277065996,-0.587617156617091,
-1.02083689001114));
#8167=CARTESIAN_POINT('Ctrl Pts',(-0.67852184710664,-1.17523431323418,-0.979170223344477));
#8168=CARTESIAN_POINT('Ctrl Pts',(-1.43924693995038E-16,-1.17523431323418,
-0.93750355667781));
#8169=CARTESIAN_POINT('Ctrl Pts',(0.678521847106639,-1.17523431323418,-0.895836890011143));
#8170=CARTESIAN_POINT('Ctrl Pts',(1.01778277065996,-0.587617156617092,-0.854170223344477));
#8171=CARTESIAN_POINT('Ctrl Pts',(1.35704369421328,-3.70497929487207E-16,
-0.81250355667781));
#8172=CARTESIAN_POINT('Ctrl Pts',(1.01778277065996,0.58761715661709,-0.770836890011143));
#8173=CARTESIAN_POINT('Ctrl Pts',(0.678521847106641,1.17523431323418,-0.729170223344477));
#8174=CARTESIAN_POINT('Ctrl Pts',(0.,1.17523431323418,-0.68750355667781));
#8175=CARTESIAN_POINT('Ctrl Pts',(-0.67852184710664,1.17523431323418,-0.645836890011143));
#8176=CARTESIAN_POINT('Ctrl Pts',(-1.01778277065996,0.587617156617091,-0.604170223344477));
#8177=CARTESIAN_POINT('Ctrl Pts',(-1.35704369421328,-3.78944202897805E-17,
-0.56250355667781));
#8178=CARTESIAN_POINT('Ctrl Pts',(-1.01778277065996,-0.587617156617091,
-0.520836890011143));
#8179=CARTESIAN_POINT('Ctrl Pts',(-0.67852184710664,-1.17523431323418,-0.479170223344477));
#8180=CARTESIAN_POINT('Ctrl Pts',(-1.43924693995038E-16,-1.17523431323418,
-0.43750355667781));
#8181=CARTESIAN_POINT('Ctrl Pts',(0.678521847106639,-1.17523431323418,-0.395836890011144));
#8182=CARTESIAN_POINT('Ctrl Pts',(1.01778277065996,-0.587617156617092,-0.354170223344477));
#8183=CARTESIAN_POINT('Ctrl Pts',(1.35704369421328,-3.70050597660911E-16,
-0.31250355667781));
#8184=CARTESIAN_POINT('Ctrl Pts',(1.01778277065996,0.58761715661709,-0.270836890011144));
#8185=CARTESIAN_POINT('Ctrl Pts',(0.678521847106641,1.17523431323418,-0.229170223344477));
#8186=CARTESIAN_POINT('Ctrl Pts',(0.,1.17523431323418,-0.18750355667781));
#8187=CARTESIAN_POINT('Ctrl Pts',(-0.67852184710664,1.17523431323418,-0.145836890011144));
#8188=CARTESIAN_POINT('Ctrl Pts',(-1.01778277065996,0.587617156617091,-0.104170223344477));
#8189=CARTESIAN_POINT('Ctrl Pts',(-1.35704369421328,-3.74470884634849E-17,
-0.0625035566778094));
#8190=CARTESIAN_POINT('Ctrl Pts',(-1.01778277065996,-0.587617156617091,
-0.0208368900111439));
#8191=CARTESIAN_POINT('Ctrl Pts',(-0.67852184710664,-1.17523431323418,0.0208297766555234));
#8192=CARTESIAN_POINT('Ctrl Pts',(-1.43924693995038E-16,-1.17523431323418,
0.0624964433221907));
#8193=CARTESIAN_POINT('Ctrl Pts',(0.678521847106639,-1.17523431323418,0.104163109988856));
#8194=CARTESIAN_POINT('Ctrl Pts',(1.01778277065996,-0.587617156617092,0.145829776655524));
#8195=CARTESIAN_POINT('Ctrl Pts',(1.35704369421328,-3.69603265834616E-16,
0.187496443322189));
#8196=CARTESIAN_POINT('Ctrl Pts',(1.01778277065996,0.58761715661709,0.229163109988856));
#8197=CARTESIAN_POINT('Ctrl Pts',(0.678521847106641,1.17523431323418,0.270829776655524));
#8198=CARTESIAN_POINT('Ctrl Pts',(0.,1.17523431323418,0.312496443322189));
#8199=CARTESIAN_POINT('Ctrl Pts',(-0.67852184710664,1.17523431323418,0.354163109988856));
#8200=CARTESIAN_POINT('Ctrl Pts',(-1.01778277065996,0.587617156617091,0.395829776655524));
#8201=CARTESIAN_POINT('Ctrl Pts',(-1.35704369421328,-3.69997566371893E-17,
0.437496443322189));
#8202=CARTESIAN_POINT('Ctrl Pts',(-1.01778277065996,-0.587617156617091,
0.479163109988857));
#8203=CARTESIAN_POINT('Ctrl Pts',(-0.67852184710664,-1.17523431323418,0.520829776655524));
#8204=CARTESIAN_POINT('Ctrl Pts',(-1.43924693995038E-16,-1.17523431323418,
0.562496443322189));
#8205=CARTESIAN_POINT('Ctrl Pts',(0.678521847106639,-1.17523431323418,0.604163109988857));
#8206=CARTESIAN_POINT('Ctrl Pts',(1.01778277065996,-0.587617156617092,0.645829776655524));
#8207=CARTESIAN_POINT('Ctrl Pts',(1.35704369421328,-3.6915593400832E-16,
0.68749644332219));
#8208=CARTESIAN_POINT('Ctrl Pts',(1.01778277065996,0.58761715661709,0.729163109988857));
#8209=CARTESIAN_POINT('Ctrl Pts',(0.678521847106641,1.17523431323418,0.770829776655524));
#8210=CARTESIAN_POINT('Ctrl Pts',(0.,1.17523431323418,0.81249644332219));
#8211=CARTESIAN_POINT('Ctrl Pts',(-0.67852184710664,1.17523431323418,0.854163109988857));
#8212=CARTESIAN_POINT('Ctrl Pts',(-1.01778277065996,0.587617156617091,0.895829776655522));
#8213=CARTESIAN_POINT('Ctrl Pts',(-1.35704369421328,-3.65524248108937E-17,
0.93749644332219));
#8214=CARTESIAN_POINT('Ctrl Pts',(-1.01778277065996,-0.587617156617091,
0.979163109988857));
#8215=CARTESIAN_POINT('Ctrl Pts',(-0.67852184710664,-1.17523431323418,1.02082977665552));
#8216=CARTESIAN_POINT('Ctrl Pts',(-1.43924693995038E-16,-1.17523431323418,
1.06249644332219));
#8217=CARTESIAN_POINT('Ctrl Pts',(0.678521847106639,-1.17523431323418,1.10416310998886));
#8218=CARTESIAN_POINT('Ctrl Pts',(1.01778277065996,-0.587617156617092,1.14582977665552));
#8219=CARTESIAN_POINT('Ctrl Pts',(1.35704369421328,-3.68708602182024E-16,
1.18749644332219));
#8220=CARTESIAN_POINT('Ctrl Pts',(1.01778277065996,0.58761715661709,1.22916310998886));
#8221=CARTESIAN_POINT('Ctrl Pts',(0.678521847106641,1.17523431323418,1.27082977665552));
#8222=CARTESIAN_POINT('Ctrl Pts',(0.,1.17523431323418,1.31249644332219));
#8223=CARTESIAN_POINT('Ctrl Pts',(-0.67852184710664,1.17523431323418,1.35416310998886));
#8224=CARTESIAN_POINT('Ctrl Pts',(-1.01778277065996,0.587617156617091,1.39582977665552));
#8225=CARTESIAN_POINT('Ctrl Pts',(-1.35704369421328,-3.61050929845981E-17,
1.43749644332219));
#8226=CARTESIAN_POINT('Ctrl Pts',(-1.01778277065996,-0.587617156617091,
1.47916310998886));
#8227=CARTESIAN_POINT('Ctrl Pts',(-0.67852184710664,-1.17523431323418,1.52082977665552));
#8228=CARTESIAN_POINT('Ctrl Pts',(-1.43924693995038E-16,-1.17523431323418,
1.56249644332219));
#8229=CARTESIAN_POINT('Ctrl Pts',(0.678521847106639,-1.17523431323418,1.60416310998886));
#8230=CARTESIAN_POINT('Ctrl Pts',(1.01778277065996,-0.587617156617092,1.64582977665552));
#8231=CARTESIAN_POINT('Ctrl Pts',(1.35704369421328,-3.68261270355729E-16,
1.68749644332219));
#8232=CARTESIAN_POINT('Ctrl Pts',(1.01778277065996,0.58761715661709,1.72916310998886));
#8233=CARTESIAN_POINT('Ctrl Pts',(0.678521847106641,1.17523431323418,1.77082977665552));
#8234=CARTESIAN_POINT('Ctrl Pts',(0.,1.17523431323418,1.81249644332219));
#8235=CARTESIAN_POINT('Ctrl Pts',(-0.67852184710664,1.17523431323418,1.85416310998886));
#8236=CARTESIAN_POINT('Ctrl Pts',(-1.01778277065996,0.587617156617091,1.89582977665552));
#8237=CARTESIAN_POINT('Ctrl Pts',(-1.35704369421328,-3.56577611583025E-17,
1.93749644332219));
#8238=CARTESIAN_POINT('Ctrl Pts',(-1.01778277065996,-0.587617156617091,
1.97916310998886));
#8239=CARTESIAN_POINT('Ctrl Pts',(-0.67852184710664,-1.17523431323418,2.02082977665552));
#8240=CARTESIAN_POINT('Ctrl Pts',(-1.43924693995038E-16,-1.17523431323418,
2.06249644332219));
#8241=CARTESIAN_POINT('Ctrl Pts',(0.678521847106639,-1.17523431323418,2.10416310998886));
#8242=CARTESIAN_POINT('Ctrl Pts',(1.01778277065996,-0.587617156617092,2.14582977665552));
#8243=CARTESIAN_POINT('Ctrl Pts',(1.35704369421328,-3.67813938529433E-16,
2.18749644332219));
#8244=CARTESIAN_POINT('Ctrl Pts',(1.01778277065996,0.58761715661709,2.22916310998886));
#8245=CARTESIAN_POINT('Ctrl Pts',(0.678521847106641,1.17523431323418,2.27082977665552));
#8246=CARTESIAN_POINT('Ctrl Pts',(0.,1.17523431323418,2.31249644332219));
#8247=CARTESIAN_POINT('Ctrl Pts',(-0.67852184710664,1.17523431323418,2.35416310998886));
#8248=CARTESIAN_POINT('Ctrl Pts',(-1.01778277065996,0.587617156617091,2.39582977665552));
#8249=CARTESIAN_POINT('Ctrl Pts',(-1.35704369421328,-3.52104293320069E-17,
2.43749644332219));
#8250=CARTESIAN_POINT('Ctrl Pts',(-1.01778277065996,-0.587617156617091,
2.47916310998886));
#8251=CARTESIAN_POINT('Ctrl Pts',(-0.67852184710664,-1.17523431323418,2.52082977665552));
#8252=CARTESIAN_POINT('Ctrl Pts',(-1.43924693995038E-16,-1.17523431323418,
2.56249644332219));
#8253=CARTESIAN_POINT('Ctrl Pts',(0.678521847106639,-1.17523431323418,2.60416310998886));
#8254=CARTESIAN_POINT('Ctrl Pts',(1.01778277065996,-0.587617156617092,2.64582977665552));
#8255=CARTESIAN_POINT('Ctrl Pts',(1.35704369421328,-3.67366606703138E-16,
2.68749644332219));
#8256=CARTESIAN_POINT('Ctrl Pts',(1.01778277065996,0.58761715661709,2.72916310998886));
#8257=CARTESIAN_POINT('Ctrl Pts',(0.678521847106641,1.17523431323418,2.77082977665552));
#8258=CARTESIAN_POINT('Ctrl Pts',(0.,1.17523431323418,2.81249644332219));
#8259=CARTESIAN_POINT('Ctrl Pts',(-0.67852184710664,1.17523431323418,2.85416310998886));
#8260=CARTESIAN_POINT('Ctrl Pts',(-1.01778277065996,0.587617156617091,2.89582977665552));
#8261=CARTESIAN_POINT('Ctrl Pts',(-1.35704369421328,-3.47630975057113E-17,
2.93749644332219));
#8262=CARTESIAN_POINT('Ctrl Pts',(-1.01778277065996,-0.587617156617091,
2.97916310998886));
#8263=CARTESIAN_POINT('Ctrl Pts',(-0.67852184710664,-1.17523431323418,3.02082977665552));
#8264=CARTESIAN_POINT('Ctrl Pts',(-1.43924693995038E-16,-1.17523431323418,
3.06249644332219));
#8265=CARTESIAN_POINT('Ctrl Pts',(0.678521847106639,-1.17523431323418,3.10416310998886));
#8266=CARTESIAN_POINT('Ctrl Pts',(1.01778277065996,-0.587617156617092,3.14582977665552));
#8267=CARTESIAN_POINT('Ctrl Pts',(1.35704369421328,-3.66919274876842E-16,
3.18749644332219));
#8268=CARTESIAN_POINT('Ctrl Pts',(1.01778277065996,0.58761715661709,3.22916310998886));
#8269=CARTESIAN_POINT('Ctrl Pts',(0.678521847106641,1.17523431323418,3.27082977665552));
#8270=CARTESIAN_POINT('Ctrl Pts',(0.,1.17523431323418,3.31249644332219));
#8271=CARTESIAN_POINT('Ctrl Pts',(-0.67852184710664,1.17523431323418,3.35416310998886));
#8272=CARTESIAN_POINT('Ctrl Pts',(-1.01778277065996,0.587617156617091,3.39582977665552));
#8273=CARTESIAN_POINT('Ctrl Pts',(-1.35704369421328,-3.43157656794156E-17,
3.43749644332219));
#8274=CARTESIAN_POINT('Ctrl Pts',(-1.01778277065996,-0.587617156617091,
3.47916310998886));
#8275=CARTESIAN_POINT('Ctrl Pts',(-0.67852184710664,-1.17523431323418,3.52082977665552));
#8276=CARTESIAN_POINT('Ctrl Pts',(-1.43924693995038E-16,-1.17523431323418,
3.56249644332219));
#8277=CARTESIAN_POINT('Ctrl Pts',(0.678521847106639,-1.17523431323418,3.60416310998886));
#8278=CARTESIAN_POINT('Ctrl Pts',(1.01778277065996,-0.587617156617092,3.64582977665552));
#8279=CARTESIAN_POINT('Ctrl Pts',(1.35704369421328,-3.66471943050546E-16,
3.68749644332219));
#8280=CARTESIAN_POINT('Ctrl Pts',(1.01778277065996,0.58761715661709,3.72916310998886));
#8281=CARTESIAN_POINT('Ctrl Pts',(0.678521847106641,1.17523431323418,3.77082977665552));
#8282=CARTESIAN_POINT('Ctrl Pts',(0.,1.17523431323418,3.81249644332219));
#8283=CARTESIAN_POINT('Ctrl Pts',(-0.67852184710664,1.17523431323418,3.85416310998886));
#8284=CARTESIAN_POINT('Ctrl Pts',(-1.01778277065996,0.587617156617091,3.89582977665552));
#8285=CARTESIAN_POINT('Ctrl Pts',(-1.35704369421328,-3.386843385312E-17,
3.93749644332219));
#8286=CARTESIAN_POINT('Ctrl Pts',(-1.01778277065996,-0.587617156617091,
3.97916310998886));
#8287=CARTESIAN_POINT('Ctrl Pts',(-0.67852184710664,-1.17523431323418,4.02082977665552));
#8288=CARTESIAN_POINT('Ctrl Pts',(-1.43924693995038E-16,-1.17523431323418,
4.06249644332219));
#8289=CARTESIAN_POINT('Ctrl Pts',(0.678521847106639,-1.17523431323418,4.10416310998886));
#8290=CARTESIAN_POINT('Ctrl Pts',(1.01778277065996,-0.587617156617092,4.14582977665552));
#8291=CARTESIAN_POINT('Ctrl Pts',(1.35704369421328,-3.66024611224251E-16,
4.18749644332219));
#8292=CARTESIAN_POINT('Ctrl Pts',(1.01778277065996,0.58761715661709,4.22916310998886));
#8293=CARTESIAN_POINT('Ctrl Pts',(0.678521847106641,1.17523431323418,4.27082977665552));
#8294=CARTESIAN_POINT('Ctrl Pts',(0.,1.17523431323418,4.31249644332219));
#8295=CARTESIAN_POINT('Ctrl Pts',(-0.67852184710664,1.17523431323418,4.35416310998886));
#8296=CARTESIAN_POINT('Ctrl Pts',(-1.01778277065996,0.587617156617091,4.39582977665552));
#8297=CARTESIAN_POINT('Ctrl Pts',(-1.35704369421328,-3.34211020268244E-17,
4.43749644332219));
#8298=CARTESIAN_POINT('Ctrl Pts',(-1.01778277065996,-0.587617156617091,
4.47916310998886));
#8299=CARTESIAN_POINT('Ctrl Pts',(-0.67852184710664,-1.17523431323418,4.52082977665552));
#8300=CARTESIAN_POINT('Ctrl Pts',(-1.43924693995038E-16,-1.17523431323418,
4.56249644332219));
#8301=CARTESIAN_POINT('Ctrl Pts',(0.678521847106639,-1.17523431323418,4.60416310998886));
#8302=CARTESIAN_POINT('Ctrl Pts',(1.01778277065996,-0.587617156617092,4.64582977665552));
#8303=CARTESIAN_POINT('Ctrl Pts',(1.35704369421328,-3.65577279397955E-16,
4.68749644332219));
#8304=CARTESIAN_POINT('Ctrl Pts',(1.01778277065996,0.58761715661709,4.72916310998886));
#8305=CARTESIAN_POINT('Ctrl Pts',(0.678521847106641,1.17523431323418,4.77082977665552));
#8306=CARTESIAN_POINT('Ctrl Pts',(0.,1.17523431323418,4.81249644332219));
#8307=CARTESIAN_POINT('Ctrl Pts',(-0.67852184710664,1.17523431323418,4.85416310998886));
#8308=CARTESIAN_POINT('Ctrl Pts',(-1.01778277065996,0.587617156617091,4.89582977665552));
#8309=CARTESIAN_POINT('Ctrl Pts',(-1.35704369421328,-3.29737702005288E-17,
4.93749644332219));
#8310=CARTESIAN_POINT('Ctrl Pts',(-1.01778277065996,-0.587617156617091,
4.97916310998886));
#8311=CARTESIAN_POINT('Ctrl Pts',(-0.67852184710664,-1.17523431323418,5.02082977665552));
#8312=CARTESIAN_POINT('Ctrl Pts',(-1.43924693995038E-16,-1.17523431323418,
5.06249644332219));
#8313=CARTESIAN_POINT('Ctrl Pts',(0.678521847106639,-1.17523431323418,5.10416310998886));
#8314=CARTESIAN_POINT('Ctrl Pts',(1.01778277065996,-0.587617156617092,5.14582977665552));
#8315=CARTESIAN_POINT('Ctrl Pts',(1.35704369421328,-3.6512994757166E-16,
5.18749644332219));
#8316=CARTESIAN_POINT('Ctrl Pts',(1.01778277065996,0.58761715661709,5.22916310998886));
#8317=CARTESIAN_POINT('Ctrl Pts',(0.678521847106641,1.17523431323418,5.27082977665552));
#8318=CARTESIAN_POINT('Ctrl Pts',(0.,1.17523431323418,5.31249644332219));
#8319=CARTESIAN_POINT('Ctrl Pts',(-0.67852184710664,1.17523431323418,5.35416310998886));
#8320=CARTESIAN_POINT('Ctrl Pts',(-1.01778277065996,0.587617156617091,5.39582977665552));
#8321=CARTESIAN_POINT('Ctrl Pts',(-1.35704369421328,-3.25264383742332E-17,
5.43749644332219));
#8322=CARTESIAN_POINT('Ctrl Pts',(-1.01778277065996,-0.587617156617091,
5.47916310998886));
#8323=CARTESIAN_POINT('Ctrl Pts',(-0.67852184710664,-1.17523431323418,5.52082977665552));
#8324=CARTESIAN_POINT('Ctrl Pts',(-1.43924693995038E-16,-1.17523431323418,
5.56249644332219));
#8325=CARTESIAN_POINT('Ctrl Pts',(0.678521847106639,-1.17523431323418,5.60416310998886));
#8326=CARTESIAN_POINT('Ctrl Pts',(1.01778277065996,-0.587617156617092,5.64582977665552));
#8327=CARTESIAN_POINT('Ctrl Pts',(1.35704369421328,-3.64682615745364E-16,
5.68749644332219));
#8328=CARTESIAN_POINT('Ctrl Pts',(1.01778277065996,0.58761715661709,5.72916310998886));
#8329=CARTESIAN_POINT('Ctrl Pts',(0.678521847106641,1.17523431323418,5.77082977665552));
#8330=CARTESIAN_POINT('Ctrl Pts',(0.,1.17523431323418,5.81249644332219));
#8331=CARTESIAN_POINT('Ctrl Pts',(-0.67852184710664,1.17523431323418,5.85416310998886));
#8332=CARTESIAN_POINT('Ctrl Pts',(-1.01778277065996,0.587617156617091,5.89582977665552));
#8333=CARTESIAN_POINT('Ctrl Pts',(-1.35704369421328,-3.20791065479376E-17,
5.93749644332219));
#8334=CARTESIAN_POINT('Ctrl Pts',(-1.01778277065996,-0.587617156617091,
5.97916310998886));
#8335=CARTESIAN_POINT('Ctrl Pts',(-0.67852184710664,-1.17523431323418,6.02082977665552));
#8336=CARTESIAN_POINT('Ctrl Pts',(-1.43924693995038E-16,-1.17523431323418,
6.06249644332219));
#8337=CARTESIAN_POINT('Ctrl Pts',(0.678521847106639,-1.17523431323418,6.10416310998886));
#8338=CARTESIAN_POINT('Ctrl Pts',(1.01778277065996,-0.587617156617092,6.14582977665552));
#8339=CARTESIAN_POINT('Ctrl Pts',(1.35704369421328,-3.64235283919068E-16,
6.18749644332219));
#8340=CARTESIAN_POINT('Ctrl Pts',(1.01778277065996,0.58761715661709,6.22916310998886));
#8341=CARTESIAN_POINT('Ctrl Pts',(0.678521847106641,1.17523431323418,6.27082977665552));
#8342=CARTESIAN_POINT('Ctrl Pts',(0.,1.17523431323418,6.31249644332219));
#8343=CARTESIAN_POINT('Ctrl Pts',(-0.67852184710664,1.17523431323418,6.35416310998886));
#8344=CARTESIAN_POINT('Ctrl Pts',(-1.01778277065996,0.587617156617091,6.39582977665552));
#8345=CARTESIAN_POINT('Ctrl Pts',(-1.35704369421328,-3.1631774721642E-17,
6.43749644332219));
#8346=CARTESIAN_POINT('Ctrl Pts',(-1.01778277065996,-0.587617156617091,
6.47916310998886));
#8347=CARTESIAN_POINT('Ctrl Pts',(-0.67852184710664,-1.17523431323418,6.52082977665552));
#8348=CARTESIAN_POINT('Ctrl Pts',(-1.43924693995038E-16,-1.17523431323418,
6.56249644332219));
#8349=CARTESIAN_POINT('Ctrl Pts',(0.678521847106639,-1.17523431323418,6.60416310998886));
#8350=CARTESIAN_POINT('Ctrl Pts',(1.01778277065996,-0.587617156617092,6.64582977665552));
#8351=CARTESIAN_POINT('Ctrl Pts',(1.35704369421328,-3.63787952092773E-16,
6.68749644332219));
#8352=CARTESIAN_POINT('Ctrl Pts',(1.01778277065996,0.58761715661709,6.72916310998886));
#8353=CARTESIAN_POINT('Ctrl Pts',(0.678521847106641,1.17523431323418,6.77082977665552));
#8354=CARTESIAN_POINT('Ctrl Pts',(0.,1.17523431323418,6.81249644332219));
#8355=CARTESIAN_POINT('Ctrl Pts',(-0.67852184710664,1.17523431323418,6.85416310998886));
#8356=CARTESIAN_POINT('Ctrl Pts',(-1.01778277065996,0.587617156617091,6.89582977665552));
#8357=CARTESIAN_POINT('Ctrl Pts',(-1.35704369421328,-3.11844428953464E-17,
6.93749644332219));
#8358=CARTESIAN_POINT('Ctrl Pts',(-1.01778277065996,-0.587617156617091,
6.97916310998886));
#8359=CARTESIAN_POINT('Ctrl Pts',(-0.67852184710664,-1.17523431323418,7.02082977665552));
#8360=CARTESIAN_POINT('Ctrl Pts',(-1.43924693995038E-16,-1.17523431323418,
7.06249644332219));
#8361=CARTESIAN_POINT('Ctrl Pts',(0.678521847106639,-1.17523431323418,7.10416310998886));
#8362=CARTESIAN_POINT('Ctrl Pts',(1.01778277065996,-0.587617156617092,7.14582977665552));
#8363=CARTESIAN_POINT('Ctrl Pts',(1.35704369421328,-3.63340620266477E-16,
7.18749644332219));
#8364=CARTESIAN_POINT('Ctrl Pts',(1.01778277065996,0.58761715661709,7.22916310998886));
#8365=CARTESIAN_POINT('Ctrl Pts',(0.678521847106641,1.17523431323418,7.27082977665552));
#8366=CARTESIAN_POINT('Ctrl Pts',(0.,1.17523431323418,7.31249644332219));
#8367=CARTESIAN_POINT('Ctrl Pts',(-0.67852184710664,1.17523431323418,7.35416310998886));
#8368=CARTESIAN_POINT('Ctrl Pts',(-1.01778277065996,0.587617156617091,7.39582977665552));
#8369=CARTESIAN_POINT('Ctrl Pts',(-1.35704369421328,-3.07371110690508E-17,
7.43749644332219));
#8370=CARTESIAN_POINT('Ctrl Pts',(-1.01778277065996,-0.587617156617091,
7.47916310998886));
#8371=CARTESIAN_POINT('Ctrl Pts',(-0.67852184710664,-1.17523431323418,7.52082977665552));
#8372=CARTESIAN_POINT('Ctrl Pts',(-1.43924693995038E-16,-1.17523431323418,
7.56249644332219));
#8373=CARTESIAN_POINT('Ctrl Pts',(0.678521847106639,-1.17523431323418,7.60416310998886));
#8374=CARTESIAN_POINT('Ctrl Pts',(1.01778277065996,-0.587617156617092,7.64582977665552));
#8375=CARTESIAN_POINT('Ctrl Pts',(1.35704369421328,-3.62893288440181E-16,
7.68749644332219));
#8376=CARTESIAN_POINT('Ctrl Pts',(1.01778277065996,0.58761715661709,7.72916310998886));
#8377=CARTESIAN_POINT('Ctrl Pts',(0.678521847106641,1.17523431323418,7.77082977665552));
#8378=CARTESIAN_POINT('Ctrl Pts',(0.,1.17523431323418,7.81249644332219));
#8379=CARTESIAN_POINT('Ctrl Pts',(-0.67852184710664,1.17523431323418,7.85416310998886));
#8380=CARTESIAN_POINT('Ctrl Pts',(-1.01778277065996,0.587617156617091,7.89582977665552));
#8381=CARTESIAN_POINT('Ctrl Pts',(-1.35704369421328,-3.02897792427552E-17,
7.93749644332219));
#8382=CARTESIAN_POINT('Ctrl Pts',(-1.01778277065996,-0.587617156617091,
7.97916310998886));
#8383=CARTESIAN_POINT('Ctrl Pts',(-0.67852184710664,-1.17523431323418,8.02082977665552));
#8384=CARTESIAN_POINT('Ctrl Pts',(-1.43924693995038E-16,-1.17523431323418,
8.06249644332219));
#8385=CARTESIAN_POINT('Ctrl Pts',(0.678521847106639,-1.17523431323418,8.10416310998886));
#8386=CARTESIAN_POINT('Ctrl Pts',(1.01778277065996,-0.587617156617092,8.14582977665552));
#8387=CARTESIAN_POINT('Ctrl Pts',(1.35704369421328,-3.62445956613886E-16,
8.18749644332219));
#8388=CARTESIAN_POINT('Ctrl Pts',(1.01778277065996,0.58761715661709,8.22916310998886));
#8389=CARTESIAN_POINT('Ctrl Pts',(0.678521847106641,1.17523431323418,8.27082977665552));
#8390=CARTESIAN_POINT('Ctrl Pts',(0.,1.17523431323418,8.31249644332219));
#8391=CARTESIAN_POINT('Ctrl Pts',(-0.67852184710664,1.17523431323418,8.35416310998886));
#8392=CARTESIAN_POINT('Ctrl Pts',(-1.01778277065996,0.587617156617091,8.39582977665552));
#8393=CARTESIAN_POINT('Ctrl Pts',(-1.35704369421328,-2.98424474164595E-17,
8.43749644332219));
#8394=CARTESIAN_POINT('Ctrl Pts',(-1.01778277065996,-0.587617156617091,
8.47916310998885));
#8395=CARTESIAN_POINT('Ctrl Pts',(-0.67852184710664,-1.17523431323418,8.52082977665552));
#8396=CARTESIAN_POINT('Ctrl Pts',(-1.43924693995038E-16,-1.17523431323418,
8.56249644332219));
#8397=CARTESIAN_POINT('Ctrl Pts',(0.678521847106639,-1.17523431323418,8.60416310998886));
#8398=CARTESIAN_POINT('Ctrl Pts',(1.01778277065996,-0.587617156617092,8.64582977665552));
#8399=CARTESIAN_POINT('Ctrl Pts',(1.35704369421328,-3.6199862478759E-16,
8.68749644332219));
#8400=CARTESIAN_POINT('Ctrl Pts',(1.01778277065996,0.58761715661709,8.72916310998886));
#8401=CARTESIAN_POINT('Ctrl Pts',(0.678521847106641,1.17523431323418,8.77082977665552));
#8402=CARTESIAN_POINT('Ctrl Pts',(0.,1.17523431323418,8.81249644332219));
#8403=CARTESIAN_POINT('Ctrl Pts',(-0.67852184710664,1.17523431323418,8.85416310998886));
#8404=CARTESIAN_POINT('Ctrl Pts',(-1.01778277065996,0.587617156617091,8.89582977665552));
#8405=CARTESIAN_POINT('Ctrl Pts',(-1.35704369421328,-2.93951155901639E-17,
8.93749644332219));
#8406=CARTESIAN_POINT('Ctrl Pts',(-1.01778277065996,-0.587617156617091,
8.97916310998886));
#8407=CARTESIAN_POINT('Ctrl Pts',(-0.67852184710664,-1.17523431323418,9.02082977665552));
#8408=CARTESIAN_POINT('Ctrl Pts',(-1.43924693995038E-16,-1.17523431323418,
9.06249644332219));
#8409=CARTESIAN_POINT('Ctrl Pts',(0.678521847106639,-1.17523431323418,9.10416310998886));
#8410=CARTESIAN_POINT('Ctrl Pts',(1.01778277065996,-0.587617156617092,9.14582977665552));
#8411=CARTESIAN_POINT('Ctrl Pts',(1.35704369421328,-3.61551292961295E-16,
9.18749644332219));
#8412=CARTESIAN_POINT('Ctrl Pts',(1.01778277065996,0.58761715661709,9.22916310998886));
#8413=CARTESIAN_POINT('Ctrl Pts',(0.678521847106641,1.17523431323418,9.27082977665552));
#8414=CARTESIAN_POINT('Ctrl Pts',(0.,1.17523431323418,9.31249644332219));
#8415=CARTESIAN_POINT('Ctrl Pts',(-0.67852184710664,1.17523431323418,9.35416310998886));
#8416=CARTESIAN_POINT('Ctrl Pts',(-1.01778277065996,0.587617156617091,9.39582977665552));
#8417=CARTESIAN_POINT('Ctrl Pts',(-1.35704369421328,-2.89477837638683E-17,
9.43749644332219));
#8418=CARTESIAN_POINT('Ctrl Pts',(-1.01778277065996,-0.587617156617091,
9.47916310998886));
#8419=CARTESIAN_POINT('Ctrl Pts',(-0.67852184710664,-1.17523431323418,9.52082977665552));
#8420=CARTESIAN_POINT('Ctrl Pts',(-1.43924693995038E-16,-1.17523431323418,
9.56249644332219));
#8421=CARTESIAN_POINT('Ctrl Pts',(0.678521847106639,-1.17523431323418,9.60416310998886));
#8422=CARTESIAN_POINT('Ctrl Pts',(1.01778277065996,-0.587617156617092,9.64582977665552));
#8423=CARTESIAN_POINT('Ctrl Pts',(1.35704369421328,-3.61103961134999E-16,
9.68749644332219));
#8424=CARTESIAN_POINT('Ctrl Pts',(1.01778277065996,0.58761715661709,9.72916310998886));
#8425=CARTESIAN_POINT('Ctrl Pts',(0.678521847106641,1.17523431323418,9.77082977665552));
#8426=CARTESIAN_POINT('Ctrl Pts',(0.,1.17523431323418,9.81249644332219));
#8427=CARTESIAN_POINT('Origin',(-15.8749999999999,15.8749999999999,4.));
#8428=CARTESIAN_POINT('',(-14.1749999999999,15.8749999999999,4.));
#8429=CARTESIAN_POINT('Origin',(-15.8749999999999,15.8749999999999,4.));
#8430=CARTESIAN_POINT('',(-14.1749999999999,15.8749999999999,0.));
#8431=CARTESIAN_POINT('',(-14.1749999999999,15.8749999999999,4.));
#8432=CARTESIAN_POINT('Origin',(-15.8749999999999,15.8749999999999,0.));
#8433=CARTESIAN_POINT('Origin',(15.8749999999999,-15.8749999999999,4.));
#8434=CARTESIAN_POINT('',(17.5749999999999,-15.8749999999999,4.));
#8435=CARTESIAN_POINT('Origin',(15.8749999999999,-15.8749999999999,4.));
#8436=CARTESIAN_POINT('',(17.5749999999999,-15.8749999999999,0.));
#8437=CARTESIAN_POINT('',(17.5749999999999,-15.8749999999999,4.));
#8438=CARTESIAN_POINT('Origin',(15.8749999999999,-15.8749999999999,0.));
#8439=CARTESIAN_POINT('Origin',(-15.8749999999999,-15.8749999999999,4.));
#8440=CARTESIAN_POINT('',(-14.1749999999999,-15.8749999999999,4.));
#8441=CARTESIAN_POINT('Origin',(-15.8749999999999,-15.8749999999999,4.));
#8442=CARTESIAN_POINT('',(-14.1749999999999,-15.8749999999999,0.));
#8443=CARTESIAN_POINT('',(-14.1749999999999,-15.8749999999999,4.));
#8444=CARTESIAN_POINT('Origin',(-15.8749999999999,-15.8749999999999,0.));
#8445=CARTESIAN_POINT('Origin',(15.8749999999999,15.8749999999999,4.));
#8446=CARTESIAN_POINT('',(17.5749999999999,15.8749999999999,4.));
#8447=CARTESIAN_POINT('Origin',(15.8749999999999,15.8749999999999,4.));
#8448=CARTESIAN_POINT('',(17.5749999999999,15.8749999999999,0.));
#8449=CARTESIAN_POINT('',(17.5749999999999,15.8749999999999,4.));
#8450=CARTESIAN_POINT('Origin',(15.8749999999999,15.8749999999999,0.));
#8451=CARTESIAN_POINT('Origin',(15.8749999999999,-15.8749999999999,4.));
#8452=CARTESIAN_POINT('',(14.0721103189575,-12.3043433659912,4.));
#8453=CARTESIAN_POINT('',(5.30418465400492,-3.53641770103854,4.));
#8454=CARTESIAN_POINT('',(14.0721103189575,-12.3043433659912,4.));
#8455=CARTESIAN_POINT('',(5.30418465400491,3.53641770103855,4.));
#8456=CARTESIAN_POINT('Origin',(0.,0.,4.));
#8457=CARTESIAN_POINT('',(14.0721103189575,12.3043433659912,4.));
#8458=CARTESIAN_POINT('',(5.30418465400491,3.53641770103855,4.));
#8459=CARTESIAN_POINT('',(12.3043433659912,14.0721103189575,4.));
#8460=CARTESIAN_POINT('Origin',(15.8749999999999,15.8749999999999,4.));
#8461=CARTESIAN_POINT('',(3.53641770103854,5.30418465400492,4.));
#8462=CARTESIAN_POINT('',(12.3043433659912,14.0721103189575,4.));
#8463=CARTESIAN_POINT('',(-3.53641770103855,5.30418465400492,4.));
#8464=CARTESIAN_POINT('Origin',(0.,0.,4.));
#8465=CARTESIAN_POINT('',(-12.3043433659912,14.0721103189575,4.));
#8466=CARTESIAN_POINT('',(-3.53641770103855,5.30418465400491,4.));
#8467=CARTESIAN_POINT('',(-14.0721103189575,12.3043433659912,4.));
#8468=CARTESIAN_POINT('Origin',(-15.8749999999999,15.8749999999999,4.));
#8469=CARTESIAN_POINT('',(-5.30418465400492,3.53641770103854,4.));
#8470=CARTESIAN_POINT('',(-14.0721103189575,12.3043433659912,4.));
#8471=CARTESIAN_POINT('',(-5.30418465400492,-3.53641770103855,4.));
#8472=CARTESIAN_POINT('Origin',(0.,0.,4.));
#8473=CARTESIAN_POINT('',(-14.0721103189575,-12.3043433659912,4.));
#8474=CARTESIAN_POINT('',(-5.30418465400492,-3.53641770103855,4.));
#8475=CARTESIAN_POINT('',(-12.3043433659912,-14.0721103189575,4.));
#8476=CARTESIAN_POINT('Origin',(-15.8749999999999,-15.8749999999999,4.));
#8477=CARTESIAN_POINT('',(-3.53641770103855,-5.30418465400491,4.));
#8478=CARTESIAN_POINT('',(-12.3043433659912,-14.0721103189575,4.));
#8479=CARTESIAN_POINT('',(3.53641770103855,-5.30418465400491,4.));
#8480=CARTESIAN_POINT('Origin',(0.,0.,4.));
#8481=CARTESIAN_POINT('',(12.3043433659912,-14.0721103189575,4.));
#8482=CARTESIAN_POINT('',(3.53641770103855,-5.30418465400491,4.));
#8483=CARTESIAN_POINT('Origin',(15.8749999999999,-15.8749999999999,4.));
#8484=CARTESIAN_POINT('',(-1.5,-1.83697019872103E-16,4.));
#8485=CARTESIAN_POINT('Origin',(0.,0.,4.));
#8486=CARTESIAN_POINT('Origin',(15.8749999999999,-15.8749999999999,0.));
#8487=CARTESIAN_POINT('',(3.53641770103855,-5.30418465400491,0.));
#8488=CARTESIAN_POINT('',(12.3043433659912,-14.0721103189575,0.));
#8489=CARTESIAN_POINT('',(3.53641770103855,-5.30418465400491,0.));
#8490=CARTESIAN_POINT('',(-3.53641770103855,-5.30418465400491,0.));
#8491=CARTESIAN_POINT('Origin',(0.,0.,0.));
#8492=CARTESIAN_POINT('',(-12.3043433659912,-14.0721103189575,0.));
#8493=CARTESIAN_POINT('',(-12.3043433659912,-14.0721103189575,0.));
#8494=CARTESIAN_POINT('',(-14.0721103189575,-12.3043433659912,0.));
#8495=CARTESIAN_POINT('Origin',(-15.8749999999999,-15.8749999999999,0.));
#8496=CARTESIAN_POINT('',(-5.30418465400492,-3.53641770103855,0.));
#8497=CARTESIAN_POINT('',(-5.30418465400492,-3.53641770103855,0.));
#8498=CARTESIAN_POINT('',(-5.30418465400492,3.53641770103854,0.));
#8499=CARTESIAN_POINT('Origin',(0.,0.,0.));
#8500=CARTESIAN_POINT('',(-14.0721103189575,12.3043433659912,0.));
#8501=CARTESIAN_POINT('',(-14.0721103189575,12.3043433659912,0.));
#8502=CARTESIAN_POINT('',(-12.3043433659912,14.0721103189575,0.));
#8503=CARTESIAN_POINT('Origin',(-15.8749999999999,15.8749999999999,0.));
#8504=CARTESIAN_POINT('',(-3.53641770103855,5.30418465400491,0.));
#8505=CARTESIAN_POINT('',(-3.53641770103855,5.30418465400491,0.));
#8506=CARTESIAN_POINT('',(3.53641770103854,5.30418465400492,0.));
#8507=CARTESIAN_POINT('Origin',(0.,0.,0.));
#8508=CARTESIAN_POINT('',(12.3043433659912,14.0721103189575,0.));
#8509=CARTESIAN_POINT('',(12.3043433659912,14.0721103189575,0.));
#8510=CARTESIAN_POINT('',(14.0721103189575,12.3043433659912,0.));
#8511=CARTESIAN_POINT('Origin',(15.8749999999999,15.8749999999999,0.));
#8512=CARTESIAN_POINT('',(5.30418465400491,3.53641770103855,0.));
#8513=CARTESIAN_POINT('',(5.30418465400491,3.53641770103855,0.));
#8514=CARTESIAN_POINT('',(5.30418465400492,-3.53641770103854,0.));
#8515=CARTESIAN_POINT('Origin',(0.,0.,0.));
#8516=CARTESIAN_POINT('',(14.0721103189575,-12.3043433659912,0.));
#8517=CARTESIAN_POINT('',(14.0721103189575,-12.3043433659912,0.));
#8518=CARTESIAN_POINT('Origin',(15.8749999999999,-15.8749999999999,0.));
#8519=CARTESIAN_POINT('',(-1.5,-1.83697019872103E-16,0.));
#8520=CARTESIAN_POINT('Origin',(0.,0.,0.));
#8521=CARTESIAN_POINT('Origin',(15.8749999999999,-15.8749999999999,0.254));
#8522=CARTESIAN_POINT('',(14.0721103189575,-12.3043433659912,0.254));
#8523=CARTESIAN_POINT('',(12.3043433659912,-14.0721103189575,0.254));
#8524=CARTESIAN_POINT('Origin',(14.0721103189575,-12.3043433659912,0.254));
#8525=CARTESIAN_POINT('',(5.30418465400492,-3.53641770103854,0.254));
#8526=CARTESIAN_POINT('Origin',(1.76776695296637,2.16840434497101E-15,0.254));
#8527=CARTESIAN_POINT('',(5.30418465400491,3.53641770103855,0.254));
#8528=CARTESIAN_POINT('',(14.0721103189575,12.3043433659912,0.254));
#8529=CARTESIAN_POINT('Origin',(15.8749999999999,15.8749999999999,0.254));
#8530=CARTESIAN_POINT('',(12.3043433659912,14.0721103189575,0.254));
#8531=CARTESIAN_POINT('Origin',(-2.11419423634673E-15,1.76776695296637,
0.254));
#8532=CARTESIAN_POINT('',(3.53641770103854,5.30418465400492,0.254));
#8533=CARTESIAN_POINT('Origin',(-12.3043433659912,14.0721103189575,0.254));
#8534=CARTESIAN_POINT('',(-3.53641770103855,5.30418465400491,0.254));
#8535=CARTESIAN_POINT('',(-12.3043433659912,14.0721103189575,0.254));
#8536=CARTESIAN_POINT('Origin',(-15.8749999999999,15.8749999999999,0.254));
#8537=CARTESIAN_POINT('',(-14.0721103189575,12.3043433659912,0.254));
#8538=CARTESIAN_POINT('Origin',(-14.0721103189575,12.3043433659912,0.254));
#8539=CARTESIAN_POINT('',(-5.30418465400492,3.53641770103854,0.254));
#8540=CARTESIAN_POINT('Origin',(-1.76776695296637,-1.13841228110978E-15,
0.254));
#8541=CARTESIAN_POINT('',(-5.30418465400492,-3.53641770103855,0.254));
#8542=CARTESIAN_POINT('',(-14.0721103189575,-12.3043433659912,0.254));
#8543=CARTESIAN_POINT('Origin',(-15.8749999999999,-15.8749999999999,0.254));
#8544=CARTESIAN_POINT('',(-12.3043433659912,-14.0721103189575,0.254));
#8545=CARTESIAN_POINT('Origin',(9.75781955236954E-16,-1.76776695296637,
0.254));
#8546=CARTESIAN_POINT('',(-3.53641770103855,-5.30418465400491,0.254));
#8547=CARTESIAN_POINT('Origin',(12.3043433659912,-14.0721103189575,0.254));
#8548=CARTESIAN_POINT('',(3.53641770103855,-5.30418465400491,0.254));
#8549=CARTESIAN_POINT('Origin',(0.,0.,0.));
#8550=CARTESIAN_POINT('Origin',(0.,0.,0.));
#8551=CARTESIAN_POINT('Origin',(0.,0.,0.));
#8552=CARTESIAN_POINT('Origin',(0.,0.,0.));
#8553=CARTESIAN_POINT('Origin',(0.,0.,0.));
#8554=CARTESIAN_POINT('',(-1.5,-1.83697019872103E-16,0.));
#8555=CARTESIAN_POINT('',(0.,0.,0.));
#8556=CARTESIAN_POINT('',(0.,0.,0.));
#8557=CARTESIAN_POINT('Origin',(-15.8749999999999,15.8749999999999,4.));
#8558=CARTESIAN_POINT('',(-14.1749999999999,15.8749999999999,4.));
#8559=CARTESIAN_POINT('Origin',(-15.8749999999999,15.8749999999999,4.));
#8560=CARTESIAN_POINT('',(-14.1749999999999,15.8749999999999,0.));
#8561=CARTESIAN_POINT('',(-14.1749999999999,15.8749999999999,4.));
#8562=CARTESIAN_POINT('Origin',(-15.8749999999999,15.8749999999999,0.));
#8563=CARTESIAN_POINT('Origin',(15.8749999999999,-15.8749999999999,4.));
#8564=CARTESIAN_POINT('',(17.5749999999999,-15.8749999999999,4.));
#8565=CARTESIAN_POINT('Origin',(15.8749999999999,-15.8749999999999,4.));
#8566=CARTESIAN_POINT('',(17.5749999999999,-15.8749999999999,0.));
#8567=CARTESIAN_POINT('',(17.5749999999999,-15.8749999999999,4.));
#8568=CARTESIAN_POINT('Origin',(15.8749999999999,-15.8749999999999,0.));
#8569=CARTESIAN_POINT('Origin',(-15.8749999999999,-15.8749999999999,4.));
#8570=CARTESIAN_POINT('',(-14.1749999999999,-15.8749999999999,4.));
#8571=CARTESIAN_POINT('Origin',(-15.8749999999999,-15.8749999999999,4.));
#8572=CARTESIAN_POINT('',(-14.1749999999999,-15.8749999999999,0.));
#8573=CARTESIAN_POINT('',(-14.1749999999999,-15.8749999999999,4.));
#8574=CARTESIAN_POINT('Origin',(-15.8749999999999,-15.8749999999999,0.));
#8575=CARTESIAN_POINT('Origin',(15.8749999999999,15.8749999999999,4.));
#8576=CARTESIAN_POINT('',(17.5749999999999,15.8749999999999,4.));
#8577=CARTESIAN_POINT('Origin',(15.8749999999999,15.8749999999999,4.));
#8578=CARTESIAN_POINT('',(17.5749999999999,15.8749999999999,0.));
#8579=CARTESIAN_POINT('',(17.5749999999999,15.8749999999999,4.));
#8580=CARTESIAN_POINT('Origin',(15.8749999999999,15.8749999999999,0.));
#8581=CARTESIAN_POINT('Origin',(15.8749999999999,-15.8749999999999,4.));
#8582=CARTESIAN_POINT('',(14.0721103189575,-12.3043433659912,4.));
#8583=CARTESIAN_POINT('',(5.30418465400492,-3.53641770103854,4.));
#8584=CARTESIAN_POINT('',(14.0721103189575,-12.3043433659912,4.));
#8585=CARTESIAN_POINT('',(5.30418465400491,3.53641770103855,4.));
#8586=CARTESIAN_POINT('Origin',(0.,0.,4.));
#8587=CARTESIAN_POINT('',(14.0721103189575,12.3043433659912,4.));
#8588=CARTESIAN_POINT('',(5.30418465400491,3.53641770103855,4.));
#8589=CARTESIAN_POINT('',(12.3043433659912,14.0721103189575,4.));
#8590=CARTESIAN_POINT('Origin',(15.8749999999999,15.8749999999999,4.));
#8591=CARTESIAN_POINT('',(3.53641770103854,5.30418465400492,4.));
#8592=CARTESIAN_POINT('',(12.3043433659912,14.0721103189575,4.));
#8593=CARTESIAN_POINT('',(-3.53641770103855,5.30418465400492,4.));
#8594=CARTESIAN_POINT('Origin',(0.,0.,4.));
#8595=CARTESIAN_POINT('',(-12.3043433659912,14.0721103189575,4.));
#8596=CARTESIAN_POINT('',(-3.53641770103855,5.30418465400491,4.));
#8597=CARTESIAN_POINT('',(-14.0721103189575,12.3043433659912,4.));
#8598=CARTESIAN_POINT('Origin',(-15.8749999999999,15.8749999999999,4.));
#8599=CARTESIAN_POINT('',(-5.30418465400492,3.53641770103854,4.));
#8600=CARTESIAN_POINT('',(-14.0721103189575,12.3043433659912,4.));
#8601=CARTESIAN_POINT('',(-5.30418465400492,-3.53641770103855,4.));
#8602=CARTESIAN_POINT('Origin',(0.,0.,4.));
#8603=CARTESIAN_POINT('',(-14.0721103189575,-12.3043433659912,4.));
#8604=CARTESIAN_POINT('',(-5.30418465400492,-3.53641770103855,4.));
#8605=CARTESIAN_POINT('',(-12.3043433659912,-14.0721103189575,4.));
#8606=CARTESIAN_POINT('Origin',(-15.8749999999999,-15.8749999999999,4.));
#8607=CARTESIAN_POINT('',(-3.53641770103855,-5.30418465400491,4.));
#8608=CARTESIAN_POINT('',(-12.3043433659912,-14.0721103189575,4.));
#8609=CARTESIAN_POINT('',(3.53641770103855,-5.30418465400491,4.));
#8610=CARTESIAN_POINT('Origin',(0.,0.,4.));
#8611=CARTESIAN_POINT('',(12.3043433659912,-14.0721103189575,4.));
#8612=CARTESIAN_POINT('',(3.53641770103855,-5.30418465400491,4.));
#8613=CARTESIAN_POINT('Origin',(15.8749999999999,-15.8749999999999,4.));
#8614=CARTESIAN_POINT('',(-1.5,-1.83697019872103E-16,4.));
#8615=CARTESIAN_POINT('Origin',(0.,0.,4.));
#8616=CARTESIAN_POINT('Origin',(15.8749999999999,-15.8749999999999,0.));
#8617=CARTESIAN_POINT('',(3.53641770103855,-5.30418465400491,0.));
#8618=CARTESIAN_POINT('',(12.3043433659912,-14.0721103189575,0.));
#8619=CARTESIAN_POINT('',(3.53641770103855,-5.30418465400491,0.));
#8620=CARTESIAN_POINT('',(-3.53641770103855,-5.30418465400491,0.));
#8621=CARTESIAN_POINT('Origin',(0.,0.,0.));
#8622=CARTESIAN_POINT('',(-12.3043433659912,-14.0721103189575,0.));
#8623=CARTESIAN_POINT('',(-12.3043433659912,-14.0721103189575,0.));
#8624=CARTESIAN_POINT('',(-14.0721103189575,-12.3043433659912,0.));
#8625=CARTESIAN_POINT('Origin',(-15.8749999999999,-15.8749999999999,0.));
#8626=CARTESIAN_POINT('',(-5.30418465400492,-3.53641770103855,0.));
#8627=CARTESIAN_POINT('',(-5.30418465400492,-3.53641770103855,0.));
#8628=CARTESIAN_POINT('',(-5.30418465400492,3.53641770103854,0.));
#8629=CARTESIAN_POINT('Origin',(0.,0.,0.));
#8630=CARTESIAN_POINT('',(-14.0721103189575,12.3043433659912,0.));
#8631=CARTESIAN_POINT('',(-14.0721103189575,12.3043433659912,0.));
#8632=CARTESIAN_POINT('',(-12.3043433659912,14.0721103189575,0.));
#8633=CARTESIAN_POINT('Origin',(-15.8749999999999,15.8749999999999,0.));
#8634=CARTESIAN_POINT('',(-3.53641770103855,5.30418465400491,0.));
#8635=CARTESIAN_POINT('',(-3.53641770103855,5.30418465400491,0.));
#8636=CARTESIAN_POINT('',(3.53641770103854,5.30418465400492,0.));
#8637=CARTESIAN_POINT('Origin',(0.,0.,0.));
#8638=CARTESIAN_POINT('',(12.3043433659912,14.0721103189575,0.));
#8639=CARTESIAN_POINT('',(12.3043433659912,14.0721103189575,0.));
#8640=CARTESIAN_POINT('',(14.0721103189575,12.3043433659912,0.));
#8641=CARTESIAN_POINT('Origin',(15.8749999999999,15.8749999999999,0.));
#8642=CARTESIAN_POINT('',(5.30418465400491,3.53641770103855,0.));
#8643=CARTESIAN_POINT('',(5.30418465400491,3.53641770103855,0.));
#8644=CARTESIAN_POINT('',(5.30418465400492,-3.53641770103854,0.));
#8645=CARTESIAN_POINT('Origin',(0.,0.,0.));
#8646=CARTESIAN_POINT('',(14.0721103189575,-12.3043433659912,0.));
#8647=CARTESIAN_POINT('',(14.0721103189575,-12.3043433659912,0.));
#8648=CARTESIAN_POINT('Origin',(15.8749999999999,-15.8749999999999,0.));
#8649=CARTESIAN_POINT('',(-1.5,-1.83697019872103E-16,0.));
#8650=CARTESIAN_POINT('Origin',(0.,0.,0.));
#8651=CARTESIAN_POINT('Origin',(15.8749999999999,-15.8749999999999,0.254));
#8652=CARTESIAN_POINT('',(14.0721103189575,-12.3043433659912,0.254));
#8653=CARTESIAN_POINT('',(12.3043433659912,-14.0721103189575,0.254));
#8654=CARTESIAN_POINT('Origin',(14.0721103189575,-12.3043433659912,0.254));
#8655=CARTESIAN_POINT('',(5.30418465400492,-3.53641770103854,0.254));
#8656=CARTESIAN_POINT('Origin',(1.76776695296637,2.16840434497101E-15,0.254));
#8657=CARTESIAN_POINT('',(5.30418465400491,3.53641770103855,0.254));
#8658=CARTESIAN_POINT('',(14.0721103189575,12.3043433659912,0.254));
#8659=CARTESIAN_POINT('Origin',(15.8749999999999,15.8749999999999,0.254));
#8660=CARTESIAN_POINT('',(12.3043433659912,14.0721103189575,0.254));
#8661=CARTESIAN_POINT('Origin',(-2.11419423634673E-15,1.76776695296637,
0.254));
#8662=CARTESIAN_POINT('',(3.53641770103854,5.30418465400492,0.254));
#8663=CARTESIAN_POINT('Origin',(-12.3043433659912,14.0721103189575,0.254));
#8664=CARTESIAN_POINT('',(-3.53641770103855,5.30418465400491,0.254));
#8665=CARTESIAN_POINT('',(-12.3043433659912,14.0721103189575,0.254));
#8666=CARTESIAN_POINT('Origin',(-15.8749999999999,15.8749999999999,0.254));
#8667=CARTESIAN_POINT('',(-14.0721103189575,12.3043433659912,0.254));
#8668=CARTESIAN_POINT('Origin',(-14.0721103189575,12.3043433659912,0.254));
#8669=CARTESIAN_POINT('',(-5.30418465400492,3.53641770103854,0.254));
#8670=CARTESIAN_POINT('Origin',(-1.76776695296637,-1.13841228110978E-15,
0.254));
#8671=CARTESIAN_POINT('',(-5.30418465400492,-3.53641770103855,0.254));
#8672=CARTESIAN_POINT('',(-14.0721103189575,-12.3043433659912,0.254));
#8673=CARTESIAN_POINT('Origin',(-15.8749999999999,-15.8749999999999,0.254));
#8674=CARTESIAN_POINT('',(-12.3043433659912,-14.0721103189575,0.254));
#8675=CARTESIAN_POINT('Origin',(9.75781955236954E-16,-1.76776695296637,
0.254));
#8676=CARTESIAN_POINT('',(-3.53641770103855,-5.30418465400491,0.254));
#8677=CARTESIAN_POINT('Origin',(12.3043433659912,-14.0721103189575,0.254));
#8678=CARTESIAN_POINT('',(3.53641770103855,-5.30418465400491,0.254));
#8679=CARTESIAN_POINT('Origin',(0.,0.,0.));
#8680=CARTESIAN_POINT('Origin',(0.,0.,0.));
#8681=CARTESIAN_POINT('Origin',(0.,0.,0.));
#8682=CARTESIAN_POINT('Origin',(0.,0.,0.));
#8683=CARTESIAN_POINT('Origin',(0.,0.,0.));
#8684=CARTESIAN_POINT('',(-1.5,-1.83697019872103E-16,0.));
#8685=CARTESIAN_POINT('',(1.04648511966903E-31,5.81034826718632E-32,4.));
#8686=CARTESIAN_POINT('',(-37.9398872721758,-10.214186385624,27.7257008865518));
#8687=CARTESIAN_POINT('Origin',(-15.8749999999999,15.8749999999999,4.));
#8688=CARTESIAN_POINT('',(-14.1749999999999,15.8749999999999,4.));
#8689=CARTESIAN_POINT('Origin',(-15.8749999999999,15.8749999999999,4.));
#8690=CARTESIAN_POINT('',(-14.1749999999999,15.8749999999999,0.));
#8691=CARTESIAN_POINT('',(-14.1749999999999,15.8749999999999,4.));
#8692=CARTESIAN_POINT('Origin',(-15.8749999999999,15.8749999999999,0.));
#8693=CARTESIAN_POINT('Origin',(15.8749999999999,-15.8749999999999,4.));
#8694=CARTESIAN_POINT('',(17.5749999999999,-15.8749999999999,4.));
#8695=CARTESIAN_POINT('Origin',(15.8749999999999,-15.8749999999999,4.));
#8696=CARTESIAN_POINT('',(17.5749999999999,-15.8749999999999,0.));
#8697=CARTESIAN_POINT('',(17.5749999999999,-15.8749999999999,4.));
#8698=CARTESIAN_POINT('Origin',(15.8749999999999,-15.8749999999999,0.));
#8699=CARTESIAN_POINT('Origin',(-15.8749999999999,-15.8749999999999,4.));
#8700=CARTESIAN_POINT('',(-14.1749999999999,-15.8749999999999,4.));
#8701=CARTESIAN_POINT('Origin',(-15.8749999999999,-15.8749999999999,4.));
#8702=CARTESIAN_POINT('',(-14.1749999999999,-15.8749999999999,0.));
#8703=CARTESIAN_POINT('',(-14.1749999999999,-15.8749999999999,4.));
#8704=CARTESIAN_POINT('Origin',(-15.8749999999999,-15.8749999999999,0.));
#8705=CARTESIAN_POINT('Origin',(15.8749999999999,15.8749999999999,4.));
#8706=CARTESIAN_POINT('',(17.5749999999999,15.8749999999999,4.));
#8707=CARTESIAN_POINT('Origin',(15.8749999999999,15.8749999999999,4.));
#8708=CARTESIAN_POINT('',(17.5749999999999,15.8749999999999,0.));
#8709=CARTESIAN_POINT('',(17.5749999999999,15.8749999999999,4.));
#8710=CARTESIAN_POINT('Origin',(15.8749999999999,15.8749999999999,0.));
#8711=CARTESIAN_POINT('Origin',(15.8749999999999,-15.8749999999999,4.));
#8712=CARTESIAN_POINT('',(14.0721103189575,-12.3043433659912,4.));
#8713=CARTESIAN_POINT('',(5.30418465400492,-3.53641770103854,4.));
#8714=CARTESIAN_POINT('',(14.0721103189575,-12.3043433659912,4.));
#8715=CARTESIAN_POINT('',(5.30418465400491,3.53641770103855,4.));
#8716=CARTESIAN_POINT('Origin',(0.,0.,4.));
#8717=CARTESIAN_POINT('',(14.0721103189575,12.3043433659912,4.));
#8718=CARTESIAN_POINT('',(5.30418465400491,3.53641770103855,4.));
#8719=CARTESIAN_POINT('',(12.3043433659912,14.0721103189575,4.));
#8720=CARTESIAN_POINT('Origin',(15.8749999999999,15.8749999999999,4.));
#8721=CARTESIAN_POINT('',(3.53641770103854,5.30418465400492,4.));
#8722=CARTESIAN_POINT('',(12.3043433659912,14.0721103189575,4.));
#8723=CARTESIAN_POINT('',(-3.53641770103855,5.30418465400492,4.));
#8724=CARTESIAN_POINT('Origin',(0.,0.,4.));
#8725=CARTESIAN_POINT('',(-12.3043433659912,14.0721103189575,4.));
#8726=CARTESIAN_POINT('',(-3.53641770103855,5.30418465400491,4.));
#8727=CARTESIAN_POINT('',(-14.0721103189575,12.3043433659912,4.));
#8728=CARTESIAN_POINT('Origin',(-15.8749999999999,15.8749999999999,4.));
#8729=CARTESIAN_POINT('',(-5.30418465400492,3.53641770103854,4.));
#8730=CARTESIAN_POINT('',(-14.0721103189575,12.3043433659912,4.));
#8731=CARTESIAN_POINT('',(-5.30418465400492,-3.53641770103855,4.));
#8732=CARTESIAN_POINT('Origin',(0.,0.,4.));
#8733=CARTESIAN_POINT('',(-14.0721103189575,-12.3043433659912,4.));
#8734=CARTESIAN_POINT('',(-5.30418465400492,-3.53641770103855,4.));
#8735=CARTESIAN_POINT('',(-12.3043433659912,-14.0721103189575,4.));
#8736=CARTESIAN_POINT('Origin',(-15.8749999999999,-15.8749999999999,4.));
#8737=CARTESIAN_POINT('',(-3.53641770103855,-5.30418465400491,4.));
#8738=CARTESIAN_POINT('',(-12.3043433659912,-14.0721103189575,4.));
#8739=CARTESIAN_POINT('',(3.53641770103855,-5.30418465400491,4.));
#8740=CARTESIAN_POINT('Origin',(0.,0.,4.));
#8741=CARTESIAN_POINT('',(12.3043433659912,-14.0721103189575,4.));
#8742=CARTESIAN_POINT('',(3.53641770103855,-5.30418465400491,4.));
#8743=CARTESIAN_POINT('Origin',(15.8749999999999,-15.8749999999999,4.));
#8744=CARTESIAN_POINT('',(-1.5,-1.83697019872103E-16,4.));
#8745=CARTESIAN_POINT('Origin',(0.,0.,4.));
#8746=CARTESIAN_POINT('Origin',(15.8749999999999,-15.8749999999999,0.));
#8747=CARTESIAN_POINT('',(3.53641770103855,-5.30418465400491,0.));
#8748=CARTESIAN_POINT('',(12.3043433659912,-14.0721103189575,0.));
#8749=CARTESIAN_POINT('',(3.53641770103855,-5.30418465400491,0.));
#8750=CARTESIAN_POINT('',(-3.53641770103855,-5.30418465400491,0.));
#8751=CARTESIAN_POINT('Origin',(0.,0.,0.));
#8752=CARTESIAN_POINT('',(-12.3043433659912,-14.0721103189575,0.));
#8753=CARTESIAN_POINT('',(-12.3043433659912,-14.0721103189575,0.));
#8754=CARTESIAN_POINT('',(-14.0721103189575,-12.3043433659912,0.));
#8755=CARTESIAN_POINT('Origin',(-15.8749999999999,-15.8749999999999,0.));
#8756=CARTESIAN_POINT('',(-5.30418465400492,-3.53641770103855,0.));
#8757=CARTESIAN_POINT('',(-5.30418465400492,-3.53641770103855,0.));
#8758=CARTESIAN_POINT('',(-5.30418465400492,3.53641770103854,0.));
#8759=CARTESIAN_POINT('Origin',(0.,0.,0.));
#8760=CARTESIAN_POINT('',(-14.0721103189575,12.3043433659912,0.));
#8761=CARTESIAN_POINT('',(-14.0721103189575,12.3043433659912,0.));
#8762=CARTESIAN_POINT('',(-12.3043433659912,14.0721103189575,0.));
#8763=CARTESIAN_POINT('Origin',(-15.8749999999999,15.8749999999999,0.));
#8764=CARTESIAN_POINT('',(-3.53641770103855,5.30418465400491,0.));
#8765=CARTESIAN_POINT('',(-3.53641770103855,5.30418465400491,0.));
#8766=CARTESIAN_POINT('',(3.53641770103854,5.30418465400492,0.));
#8767=CARTESIAN_POINT('Origin',(0.,0.,0.));
#8768=CARTESIAN_POINT('',(12.3043433659912,14.0721103189575,0.));
#8769=CARTESIAN_POINT('',(12.3043433659912,14.0721103189575,0.));
#8770=CARTESIAN_POINT('',(14.0721103189575,12.3043433659912,0.));
#8771=CARTESIAN_POINT('Origin',(15.8749999999999,15.8749999999999,0.));
#8772=CARTESIAN_POINT('',(5.30418465400491,3.53641770103855,0.));
#8773=CARTESIAN_POINT('',(5.30418465400491,3.53641770103855,0.));
#8774=CARTESIAN_POINT('',(5.30418465400492,-3.53641770103854,0.));
#8775=CARTESIAN_POINT('Origin',(0.,0.,0.));
#8776=CARTESIAN_POINT('',(14.0721103189575,-12.3043433659912,0.));
#8777=CARTESIAN_POINT('',(14.0721103189575,-12.3043433659912,0.));
#8778=CARTESIAN_POINT('Origin',(15.8749999999999,-15.8749999999999,0.));
#8779=CARTESIAN_POINT('',(-1.5,-1.83697019872103E-16,0.));
#8780=CARTESIAN_POINT('Origin',(0.,0.,0.));
#8781=CARTESIAN_POINT('Origin',(15.8749999999999,-15.8749999999999,0.254));
#8782=CARTESIAN_POINT('',(14.0721103189575,-12.3043433659912,0.254));
#8783=CARTESIAN_POINT('',(12.3043433659912,-14.0721103189575,0.254));
#8784=CARTESIAN_POINT('Origin',(14.0721103189575,-12.3043433659912,0.254));
#8785=CARTESIAN_POINT('',(5.30418465400492,-3.53641770103854,0.254));
#8786=CARTESIAN_POINT('Origin',(1.76776695296637,2.16840434497101E-15,0.254));
#8787=CARTESIAN_POINT('',(5.30418465400491,3.53641770103855,0.254));
#8788=CARTESIAN_POINT('',(14.0721103189575,12.3043433659912,0.254));
#8789=CARTESIAN_POINT('Origin',(15.8749999999999,15.8749999999999,0.254));
#8790=CARTESIAN_POINT('',(12.3043433659912,14.0721103189575,0.254));
#8791=CARTESIAN_POINT('Origin',(-2.11419423634673E-15,1.76776695296637,
0.254));
#8792=CARTESIAN_POINT('',(3.53641770103854,5.30418465400492,0.254));
#8793=CARTESIAN_POINT('Origin',(-12.3043433659912,14.0721103189575,0.254));
#8794=CARTESIAN_POINT('',(-3.53641770103855,5.30418465400491,0.254));
#8795=CARTESIAN_POINT('',(-12.3043433659912,14.0721103189575,0.254));
#8796=CARTESIAN_POINT('Origin',(-15.8749999999999,15.8749999999999,0.254));
#8797=CARTESIAN_POINT('',(-14.0721103189575,12.3043433659912,0.254));
#8798=CARTESIAN_POINT('Origin',(-14.0721103189575,12.3043433659912,0.254));
#8799=CARTESIAN_POINT('',(-5.30418465400492,3.53641770103854,0.254));
#8800=CARTESIAN_POINT('Origin',(-1.76776695296637,-1.13841228110978E-15,
0.254));
#8801=CARTESIAN_POINT('',(-5.30418465400492,-3.53641770103855,0.254));
#8802=CARTESIAN_POINT('',(-14.0721103189575,-12.3043433659912,0.254));
#8803=CARTESIAN_POINT('Origin',(-15.8749999999999,-15.8749999999999,0.254));
#8804=CARTESIAN_POINT('',(-12.3043433659912,-14.0721103189575,0.254));
#8805=CARTESIAN_POINT('Origin',(9.75781955236954E-16,-1.76776695296637,
0.254));
#8806=CARTESIAN_POINT('',(-3.53641770103855,-5.30418465400491,0.254));
#8807=CARTESIAN_POINT('Origin',(12.3043433659912,-14.0721103189575,0.254));
#8808=CARTESIAN_POINT('',(3.53641770103855,-5.30418465400491,0.254));
#8809=CARTESIAN_POINT('Origin',(0.,0.,0.));
#8810=CARTESIAN_POINT('Origin',(0.,0.,0.));
#8811=CARTESIAN_POINT('Origin',(0.,0.,0.));
#8812=CARTESIAN_POINT('Origin',(0.,0.,0.));
#8813=CARTESIAN_POINT('Origin',(0.,0.,0.));
#8814=CARTESIAN_POINT('',(-1.5,-1.83697019872103E-16,0.));
#8815=CARTESIAN_POINT('',(0.,4.44089209850063E-15,4.));
#8816=CARTESIAN_POINT('',(0.,0.,0.));
#8817=CARTESIAN_POINT('',(15.0131691061683,38.3090923041346,4.38625348991226E-16));
#8818=UNCERTAINTY_MEASURE_WITH_UNIT(LENGTH_MEASURE(0.01),#8830,
'DISTANCE_ACCURACY_VALUE',
'Maximum model space distance between geometric entities at asserted c
onnectivities');
#8819=UNCERTAINTY_MEASURE_WITH_UNIT(LENGTH_MEASURE(0.01),#8830,
'DISTANCE_ACCURACY_VALUE',
'Maximum model space distance between geometric entities at asserted c
onnectivities');
#8820=UNCERTAINTY_MEASURE_WITH_UNIT(LENGTH_MEASURE(0.01),#8830,
'DISTANCE_ACCURACY_VALUE',
'Maximum model space distance between geometric entities at asserted c
onnectivities');
#8821=UNCERTAINTY_MEASURE_WITH_UNIT(LENGTH_MEASURE(0.01),#8830,
'DISTANCE_ACCURACY_VALUE',
'Maximum model space distance between geometric entities at asserted c
onnectivities');
#8822=UNCERTAINTY_MEASURE_WITH_UNIT(LENGTH_MEASURE(0.01),#8830,
'DISTANCE_ACCURACY_VALUE',
'Maximum model space distance between geometric entities at asserted c
onnectivities');
#8823=UNCERTAINTY_MEASURE_WITH_UNIT(LENGTH_MEASURE(0.01),#8830,
'DISTANCE_ACCURACY_VALUE',
'Maximum model space distance between geometric entities at asserted c
onnectivities');
#8824=(
GEOMETRIC_REPRESENTATION_CONTEXT(3)
GLOBAL_UNCERTAINTY_ASSIGNED_CONTEXT((#8818))
GLOBAL_UNIT_ASSIGNED_CONTEXT((#8830,#8832,#8833))
REPRESENTATION_CONTEXT('','3D')
);
#8825=(
GEOMETRIC_REPRESENTATION_CONTEXT(3)
GLOBAL_UNCERTAINTY_ASSIGNED_CONTEXT((#8819))
GLOBAL_UNIT_ASSIGNED_CONTEXT((#8830,#8832,#8833))
REPRESENTATION_CONTEXT('','3D')
);
#8826=(
GEOMETRIC_REPRESENTATION_CONTEXT(3)
GLOBAL_UNCERTAINTY_ASSIGNED_CONTEXT((#8820))
GLOBAL_UNIT_ASSIGNED_CONTEXT((#8830,#8832,#8833))
REPRESENTATION_CONTEXT('','3D')
);
#8827=(
GEOMETRIC_REPRESENTATION_CONTEXT(3)
GLOBAL_UNCERTAINTY_ASSIGNED_CONTEXT((#8821))
GLOBAL_UNIT_ASSIGNED_CONTEXT((#8830,#8832,#8833))
REPRESENTATION_CONTEXT('','3D')
);
#8828=(
GEOMETRIC_REPRESENTATION_CONTEXT(3)
GLOBAL_UNCERTAINTY_ASSIGNED_CONTEXT((#8822))
GLOBAL_UNIT_ASSIGNED_CONTEXT((#8830,#8832,#8833))
REPRESENTATION_CONTEXT('','3D')
);
#8829=(
GEOMETRIC_REPRESENTATION_CONTEXT(3)
GLOBAL_UNCERTAINTY_ASSIGNED_CONTEXT((#8823))
GLOBAL_UNIT_ASSIGNED_CONTEXT((#8830,#8832,#8833))
REPRESENTATION_CONTEXT('','3D')
);
#8830=(
LENGTH_UNIT()
NAMED_UNIT(*)
SI_UNIT(.MILLI.,.METRE.)
);
#8831=(
LENGTH_UNIT()
NAMED_UNIT(*)
SI_UNIT($,.METRE.)
);
#8832=(
NAMED_UNIT(*)
PLANE_ANGLE_UNIT()
SI_UNIT($,.RADIAN.)
);
#8833=(
NAMED_UNIT(*)
SI_UNIT($,.STERADIAN.)
SOLID_ANGLE_UNIT()
);
#8834=SHAPE_DEFINITION_REPRESENTATION(#8839,#8849);
#8835=SHAPE_DEFINITION_REPRESENTATION(#8840,#8850);
#8836=SHAPE_DEFINITION_REPRESENTATION(#8841,#8851);
#8837=SHAPE_DEFINITION_REPRESENTATION(#8842,#8852);
#8838=SHAPE_DEFINITION_REPRESENTATION(#8843,#8853);
#8839=PRODUCT_DEFINITION_SHAPE('',$,#8855);
#8840=PRODUCT_DEFINITION_SHAPE('',$,#8856);
#8841=PRODUCT_DEFINITION_SHAPE('',$,#8857);
#8842=PRODUCT_DEFINITION_SHAPE('',$,#8858);
#8843=PRODUCT_DEFINITION_SHAPE('',$,#8859);
#8844=PRODUCT_DEFINITION_SHAPE($,$,#26);
#8845=PRODUCT_DEFINITION_SHAPE($,$,#27);
#8846=PRODUCT_DEFINITION_SHAPE($,$,#28);
#8847=PRODUCT_DEFINITION_SHAPE($,$,#29);
#8848=PRODUCT_DEFINITION_SHAPE($,$,#30);
#8849=SHAPE_REPRESENTATION('',(#3114,#3379,#3380),#8824);
#8850=SHAPE_REPRESENTATION('',(#3115,#3327,#3328),#8825);
#8851=SHAPE_REPRESENTATION('',(#3116),#8826);
#8852=SHAPE_REPRESENTATION('',(#3276,#3378),#8827);
#8853=SHAPE_REPRESENTATION('',(#3277),#8828);
#8854=PRODUCT_DEFINITION_CONTEXT('part definition',#8871,'design');
#8855=PRODUCT_DEFINITION('TRL RADs two cells','TRL RADs two cells v2',#8860,
#8854);
#8856=PRODUCT_DEFINITION('parts-v2-3mm','RADs unit cell v2',#8861,#8854);
#8857=PRODUCT_DEFINITION('92125A136',
'92125A136_18-8 Stainless Steel Hex Drive Flat Head Screw v1',#8862,#8854);
#8858=PRODUCT_DEFINITION('parts-v2-3mm_1','RADs unit cell v2',#8863,#8854);
#8859=PRODUCT_DEFINITION('parts-v2-3mm_2',
'RADs free cell 4mm tall 3.4mm hole v3',#8864,#8854);
#8860=PRODUCT_DEFINITION_FORMATION('',$,#8873);
#8861=PRODUCT_DEFINITION_FORMATION('',$,#8874);
#8862=PRODUCT_DEFINITION_FORMATION('',$,#8875);
#8863=PRODUCT_DEFINITION_FORMATION('',$,#8876);
#8864=PRODUCT_DEFINITION_FORMATION('',$,#8877);
#8865=PRODUCT_RELATED_PRODUCT_CATEGORY('TRL RADs two cells v2',
'TRL RADs two cells v2',(#8873));
#8866=PRODUCT_RELATED_PRODUCT_CATEGORY('RADs unit cell v2',
'RADs unit cell v2',(#8874));
#8867=PRODUCT_RELATED_PRODUCT_CATEGORY(
'92125A136_18-8 Stainless Steel Hex Drive Flat Head Screw v1',
'92125A136_18-8 Stainless Steel Hex Drive Flat Head Screw v1',(#8875));
#8868=PRODUCT_RELATED_PRODUCT_CATEGORY('RADs unit cell v2',
'RADs unit cell v2',(#8876));
#8869=PRODUCT_RELATED_PRODUCT_CATEGORY(
'RADs free cell 4mm tall 3.4mm hole v3',
'RADs free cell 4mm tall 3.4mm hole v3',(#8877));
#8870=APPLICATION_PROTOCOL_DEFINITION('international standard',
'automotive_design',2009,#8871);
#8871=APPLICATION_CONTEXT(
'Core Data for Automotive Mechanical Design Process');
#8872=PRODUCT_CONTEXT('part definition',#8871,'mechanical');
#8873=PRODUCT('TRL RADs two cells','TRL RADs two cells v2',$,(#8872));
#8874=PRODUCT('parts-v2-3mm','RADs unit cell v2',$,(#8872));
#8875=PRODUCT('92125A136',
'92125A136_18-8 Stainless Steel Hex Drive Flat Head Screw v1',
'18-8 Stainless Steel Hex Drive Flat Head Screw',(#8872));
#8876=PRODUCT('parts-v2-3mm_1','RADs unit cell v2',$,(#8872));
#8877=PRODUCT('parts-v2-3mm_2','RADs free cell 4mm tall 3.4mm hole v3',
$,(#8872));
#8878=PRESENTATION_STYLE_ASSIGNMENT((#8879));
#8879=SURFACE_STYLE_USAGE(.BOTH.,#8880);
#8880=SURFACE_SIDE_STYLE('',(#8881));
#8881=SURFACE_STYLE_FILL_AREA(#8882);
#8882=FILL_AREA_STYLE('Steel - Satin',(#8883));
#8883=FILL_AREA_STYLE_COLOUR('Steel - Satin',#8884);
#8884=COLOUR_RGB('Steel - Satin',0.627450980392157,0.627450980392157,0.627450980392157);
ENDSEC;
END-ISO-10303-21;
